question_text,question_type,answer,option_a,option_b,option_c,option_d,option_e,option_f,game,variation,has_picture,source_folder,source_file,times_seen,last_seen_folder
Tap only the real names of brands owned by Amazon.,multi_tap,"A,D,E",Amazon Pay,Amazon Forest,Amazon Call,Amazon Air,Amazon Music,Amazon Ride,Quizsentials,,False,5 May 2026,Bonus Round - 10 Multi Tap Questions.sqt,2,5 May 2026
"Of the James Bond villains listed here, tap only the ones that appear in Daniel Craig movies.",multi_tap,"B,C,D",Auric Goldfinger,Ernst Stavro Blofeld,Raoul Silva,Le Chiffre,Francisco Scaramanga,Alec Trevelyan,Quizsentials,,False,5 May 2026,Bonus Round - 10 Multi Tap Questions.sqt,1,5 May 2026
"Of these islands, tap only the ones that are Balearic islands.",multi_tap,"B,C,E",Corfu,Dragonera,Ibiza,Lanzarote,Majorca,Tenerife,Quizsentials,,False,5 May 2026,Bonus Round - 10 Multi Tap Questions.sqt,2,23 Feb 2025
Tap only the options that are prefixes meaning 'half' or 'partially'.,multi_tap,"A,C,E",Semi,Femi,Demi,Lemi,Hemi,Jemi,Quizsentials,,False,5 May 2026,Bonus Round - 10 Multi Tap Questions.sqt,1,5 May 2026
Tap only the letters that score 1 point in scrabble.,multi_tap,"B,C,F",B,O,L,C,K,S,Quizsentials,,False,5 May 2026,Bonus Round - 10 Multi Tap Questions.sqt,2,19 Aug 2025
"Of the 'Modern Family' characters listed here, tap only the ones who are children or stepchildren of Jay Pritchett.",multi_tap,"C,D,E,F",Cam,Phil,Claire,Manny,Mitchell,Joe,Quizsentials,,False,5 May 2026,Bonus Round - 10 Multi Tap Questions.sqt,1,5 May 2026
Tap only the physicists who have won a Nobel Prize.,multi_tap,"A,C,D",Marie Curie,Isaac Newton,Albert Einstein,Niels Bohr,Stephen Hawking,Galileo Galilei,Quizsentials,,False,5 May 2026,Bonus Round - 10 Multi Tap Questions.sqt,2,22 Jun 2025
Tap only the names of 21st century First Ladies of the United States.,multi_tap,"C,E,F",Barbara Bush,Ivanka Trump,Jill Biden,Kamala Harris,Laura Bush,Michelle Obama,Quizsentials,,False,5 May 2026,Bonus Round - 10 Multi Tap Questions.sqt,2,27 May 2025
"Of these places, tap only the ones that share their name with a band that has had a Top 20 hit on the Billboard Hot 100.",multi_tap,"A,B,C,D,E,F",Berlin,Boston,Chicago,Europe,Kansas,Alabama,Quizsentials,,False,5 May 2026,Bonus Round - 10 Multi Tap Questions.sqt,2,21 Feb 2025
Tap only the actors that have appeared in at least two Quentin Tarantino films.,multi_tap,"A,C,D,E,F",Brad Pitt,John Travolta,Samuel L. Jackson,Harvey Keitel,Tim Roth,Christoph Waltz,Quizsentials,,False,14 Apr 2026,Bonus Round - 10 Multi Tap Questions.sqt,1,14 Apr 2026
Tap only the cities that are national capitals.,multi_tap,"D,E",Sydney,Toronto,Rio de Janeiro,Warsaw,Beijing,Auckland,Quizsentials,,False,14 Apr 2026,Bonus Round - 10 Multi Tap Questions.sqt,1,14 Apr 2026
"Of these current Monopoly pieces, tap only the ones that came in the original boxes released in 1937.",multi_tap,"C,E",Cat,Scottie dog,Thimble,Penguin,Top hat,Rubber duck,Quizsentials,,False,14 Apr 2026,Bonus Round - 10 Multi Tap Questions.sqt,1,14 Apr 2026
"Of the birds listed here, tap only the parrots.",multi_tap,"A,D,F",Macaw,Toucan,Puffin,Cockatoo,Peacock,Budgerigar,Quizsentials,,False,14 Apr 2026,Bonus Round - 10 Multi Tap Questions.sqt,2,5 Jun 2025
Tap only the titles of Elton John songs.,multi_tap,"A,B,C,D,E,F",I'm Still Standing,Rocket Man,Your Song,Tiny Dancer,Don't Go Breaking My Heart,Bennie And The Jets,Quizsentials,,False,14 Apr 2026,Bonus Round - 10 Multi Tap Questions.sqt,1,14 Apr 2026
Tap only the sauces whose names reflect their ingredients.,multi_tap,"A,C,D,E,F",Blue Cheese Sauce,Hollandaise Sauce,Chilli Sauce,Apple Sauce,Mango Chutney,Ginger & Spring Onion Sauce,Quizsentials,,False,14 Apr 2026,Bonus Round - 10 Multi Tap Questions.sqt,2,10 Apr 2026
Tap only the names of stories from Rudyard Kipling's 'Just So Stories'.,multi_tap,"B,F",How the Bear Got His Claws,How the Leopard Got His Spots,How the Snail Got His Shell,How the Cat Got His Whiskers,How the Skunk Got His Smell,How the Camel Got His Hump,Quizsentials,,False,14 Apr 2026,Bonus Round - 10 Multi Tap Questions.sqt,2,20 Mar 2025
Tap only the sports that are played with a ball.,multi_tap,"A,C,E",Golf,Ice hockey,Table tennis,Curling,Field hockey,Badminton,Quizsentials,,False,14 Apr 2026,Bonus Round - 10 Multi Tap Questions.sqt,2,3 Jul 2025
Tap only the countries that have weaponry on their national flags.,multi_tap,"A,B,D",Sri Lanka,Mozambique,Brazil,Kenya,Republic of Ireland,USA,Quizsentials,,False,14 Apr 2026,Bonus Round - 10 Multi Tap Questions.sqt,1,14 Apr 2026
Tap only the genuine YouTube products.,multi_tap,"A,B,D,E,F",YouTube Kids,YouTube Music,YouTube Politics,YouTube Premium,YouTube Shorts,YouTube TV,Quizsentials,,False,14 Apr 2026,Bonus Round - 10 Multi Tap Questions.sqt,1,14 Apr 2026
Tap only the movies that starred Morgan Freeman.,multi_tap,"A,B,F",Driving Miss Daisy,Shawshank Redemption,Training Day,The Book of Eli,American Gangster,The Bucket List,Quizsentials,,False,15 Apr 2026,Bonus Round - 10 Multi Tap Questions.sqt,1,15 Apr 2026
"Of the Olympic events listed here, tap only the ones contested solely by male athletes.",multi_tap,"A,C",110m hurdles,Shot put,Decathlon,Discus,Pole vault,Triple jump,Quizsentials,,False,15 Apr 2026,Bonus Round - 10 Multi Tap Questions.sqt,1,15 Apr 2026
"Of the chemical compounds listed here, tap only the ones that are made up of three or more different elements.",multi_tap,"C,D",Water,Hydrochloric acid,Glucose,Calcium carbonate,Methane,Carbon dioxide,Quizsentials,,False,15 Apr 2026,Bonus Round - 10 Multi Tap Questions.sqt,2,3 Jun 2025
Tap only the names of people who were in The Osmonds family band.,multi_tap,"A,D,F",Donny Osmond,Johnny Osmond,Beryl Osmond,Merrill Osmond,Jayne Osmond,Wayne Osmond,Quizsentials,,False,15 Apr 2026,Bonus Round - 10 Multi Tap Questions.sqt,1,15 Apr 2026
Tap only the colours that appear on the flag of Jamaica.,multi_tap,"D,E,F",Blue,Red,White,Gold,Black,Green,Quizsentials,,False,15 Apr 2026,Bonus Round - 10 Multi Tap Questions.sqt,1,15 Apr 2026
Tap only the names of Teletubbies.,multi_tap,"A,C",Dipsy,Flopsy,Laa-Laa,Pinky,Ho,Stinky-Winky,Quizsentials,,False,15 Apr 2026,Bonus Round - 10 Multi Tap Questions.sqt,2,30 May 2025
Tap only the first names of Russian tsars/emperors.,multi_tap,"A,B,C,D,E",Ivan,Peter,Michael,Nicholas,Alexander,Vladimir,Quizsentials,,False,15 Apr 2026,Bonus Round - 10 Multi Tap Questions.sqt,1,15 Apr 2026
Tap only the football clubs that Jude Bellingham has played for.,multi_tap,"A,D,F",Birmingham City,Leicester City,Bayern Munich,Borussia Dortmund,Atletico Madrid,Real Madrid,Quizsentials,,False,15 Apr 2026,Bonus Round - 10 Multi Tap Questions.sqt,2,4 Jul 2025
Tap only the words that are an anagram of at least one other word in the list.,multi_tap,"A,C,E,F",Sword,Drowsy,Words,Swords,Wordy,Rowdy,Quizsentials,,False,15 Apr 2026,Bonus Round - 10 Multi Tap Questions.sqt,30,9 Oct 2025
Tap only the sauces or chutneys that are named after an ingredient.,multi_tap,"A,B,D,E,F",Soy Sauce,Mint Sauce,Burger Sauce,Garlic Sauce,Mango Chutney,Bread Sauce,Quizsentials,,False,15 Apr 2026,Bonus Round - 10 Multi Tap Questions.sqt,1,15 Apr 2026
Tap only the sports that are played professionally on grass.,multi_tap,"B,E,F",Beach volleyball,Tennis,Basketball,Water polo,Golf,Lawn bowls,Quizsentials,,False,13 Aug 2026,Bonus Round - 10 Multi Tap Questions.sqt,1,13 Aug 2026
Tap only the names of actors who starred in the 'Godfather' trilogy.,multi_tap,"A,B,C,E,F",Robert De Niro,Al Pacino,Marlon Brando,Michael Corleone,Robert Duvall,James Caan,Quizsentials,,False,13 Aug 2026,Bonus Round - 10 Multi Tap Questions.sqt,1,13 Aug 2026
Tap only the ingredients in a classic croque madame French sandwich.,multi_tap,"A,B,C",Ham,Cheese,Egg,Beef,Hollandaise sauce,Tomato,Quizsentials,,False,13 Aug 2026,Bonus Round - 10 Multi Tap Questions.sqt,2,6 Jul 2025
"Of these characters from 'Parks and Recreation', tap only the ones who have worked in the Pawnee Parks Department.",multi_tap,"A,B,E,F",Leslie Knopp,Ron Swanson,Jean-Ralpheo Saperstein,Ann Perkins,Tom Haverford,April Ludgate,Quizsentials,,False,13 Aug 2026,Bonus Round - 10 Multi Tap Questions.sqt,1,13 Aug 2026
Tap only the French football managers.,multi_tap,"B,C,D",Ruben Amorim,Didier Deschamps,Régis Le Bris,Arsene Wenger,Unai Emery,Luis Enrique,Quizsentials,,False,13 Aug 2026,Bonus Round - 10 Multi Tap Questions.sqt,3,3 Sep 2025
Tap only the titles of Charli XCX albums.,multi_tap,"B,D",Guts,Brat,Man's Best Friend,"Music, Fashion, Film",Folklore,The Secret of Us,Quizsentials,,False,13 Aug 2026,Bonus Round - 10 Multi Tap Questions.sqt,1,13 Aug 2026
"Of the pronouns listed here, tap only the ones that are also the chemical symbols of elements.",multi_tap,"E,I",I,Us,We,It,He,She,Quizsentials,,False,13 Aug 2026,Bonus Round - 10 Multi Tap Questions.sqt,1,13 Aug 2026
"Of these US presidents, tap only the ones whose middle initial is in the first half of the alphabet.",multi_tap,"A,D,E,F",Donald Trump,George Bush Jr,Ulysses Grant,Franklin Roosevelt,Dwight Eisenhower,John Kennedy,Quizsentials,,False,13 Aug 2026,Bonus Round - 10 Multi Tap Questions.sqt,1,13 Aug 2026
Tap only the colours that appear on the national flag of Germany.,multi_tap,"A,D",Red,White,Green,Black,Blue,Orange,Quizsentials,,False,13 Aug 2026,Bonus Round - 10 Multi Tap Questions.sqt,2,3 Jun 2025
"Of the historical figures listed here, tap only the ones born in Mexico.",multi_tap,"B,E",Che Guevara,Pancho Villa,Fidel Castro,Pablo Picasso,Frida Khalo,Catherine of Aragon,Quizsentials,,False,12 Aug 2026,Bonus Round - 10 Multi Tap Questions.sqt,1,12 Aug 2026
Tap only the cities that are further north than Los Angeles.,multi_tap,"B,C,D,E,F",San Diego,San Francisco,Seattle,Denver,Detroit,Kansas City,Quizsentials,,False,12 Aug 2026,Bonus Round - 10 Multi Tap Questions.sqt,2,5 Jun 2025
Tap only the names of famous cars from film and TV.,multi_tap,"A,B,C,D,E,F",Lightning McQueen,Herbie,KITT,General Lee,Batmobile,Chitty Chitty Bang Bang,Quizsentials,,False,12 Aug 2026,Bonus Round - 10 Multi Tap Questions.sqt,1,12 Aug 2026
Tap only the anagrams of at least one other word in the list.,multi_tap,"A,D",Stealing,Stylish,Gentiles,Genitals,Styling,Gently,Quizsentials,,False,12 Aug 2026,Bonus Round - 10 Multi Tap Questions.sqt,23,28 Feb 2025
Tap only the actions on the 1998 'Bop It Extreme' toy.,multi_tap,"A,B,C,D,F",Spin it,Flick it,Twist it,Pull it,Finger it,Bop it,Quizsentials,,False,12 Aug 2026,Bonus Round - 10 Multi Tap Questions.sqt,1,12 Aug 2026
"Of the animals listed here, tap only the ones taken on to the ark by Noah.",multi_tap,"A,B,C,D,E,F",Raven,Dove,Lion,Dog,Buffalo,Camel,Quizsentials,,False,12 Aug 2026,Bonus Round - 10 Multi Tap Questions.sqt,1,12 Aug 2026
All these songs contain body parts in their title. Tap only those in which the missing word is 'eyes'.,multi_tap,"B,C,D,E","Can't Feel My __, by The Weeknd","Behind Blue __, by The Who","Bette Davis __, by Kim Carnes","For Your __ Only, by Sheena Easton","Dancing with Tears in My __, by Ultravox","__ Down Ass Up, by DJ Isaac",Quizsentials,,False,12 Aug 2026,Bonus Round - 10 Multi Tap Questions.sqt,1,12 Aug 2026
Tap only the animals that typically have webbed feet.,multi_tap,"A,B,C,D",Duck,Frog,Flamingo,Otter,Horse,Raccoon,Quizsentials,,False,12 Aug 2026,Bonus Round - 10 Multi Tap Questions.sqt,1,12 Aug 2026
Tap only the animals that typically have a single horn or tusk.,multi_tap,"C,E",Walrus,Impala,Greater one-horned rhino,Elephant,Narwhal,Warthog,Quizsentials,,False,12 Aug 2026,Bonus Round - 10 Multi Tap Questions.sqt,1,12 Aug 2026
"Of the 'Friends' guest stars listed here, tap only the ones who played themselves as opposed to a fictional character.",multi_tap,"B,C",Danny DeVito,Ralph Lauren,Jill Goodacre,Chrissie Hynde,Elle Macpherson,Ben Stiller,Quizsentials,,False,7 Jun 2026,Bonus Round - 10 Multi Tap Questions.sqt,1,7 Jun 2026
Tap only the flowers that are in this picture.,multi_tap,"D,E",Sunflowers,Tulips,Daffodils,Lilies,Roses,Poppies,Quizsentials,,False,7 Jun 2026,Bonus Round - 10 Multi Tap Questions.sqt,1,7 Jun 2026
Tap only the horror films that were released in the 1990s.,multi_tap,"B,C",The Shining,Scream,The Blair Witch Project,Get Out,It,The Exorcist,Quizsentials,,False,7 Jun 2026,Bonus Round - 10 Multi Tap Questions.sqt,1,7 Jun 2026
"Of the presidents listed here, tap only the ones who were in office at some point during the Second World War.",multi_tap,"C,D",Richard Nixon,Theodore Roosevelt,Franklin D Roosevelt,Harry S Truman,Woodrow Wilson,Abraham Lincoln,Quizsentials,,False,7 Jun 2026,Bonus Round - 10 Multi Tap Questions.sqt,2,19 Jun 2025
Tap only the Spanish footballers.,multi_tap,"A,F",Lamine Yamal,Endrick,Desire Doue,Leny Yoro,Ethan Nwaneri,Pau Cubarsi,Quizsentials,,False,7 Jun 2026,Bonus Round - 10 Multi Tap Questions.sqt,3,10 Aug 2025
Wikipedia gives three names that this game can go by in different parts of the world. Tap them.,multi_tap,"B,D,E",Springball,Totem Tennis,Stringball,Tether Tennis,Swingball,Twatit,Quizsentials,,False,7 Jun 2026,Bonus Round - 10 Multi Tap Questions.sqt,2,14 Jul 2025
"Of the hip hop artists listed here, tap only the ones who were members of N.W.A.",multi_tap,"A,C,F",Ice Cube,2Pac,Eazy-E,Snoop Dogg,Eminem,Dr Dre,Quizsentials,,False,7 Jun 2026,Bonus Round - 10 Multi Tap Questions.sqt,2,26 Mar 2025
Tap only the real names of yoga postures.,multi_tap,"A,B,C,D,E,F",Bird of Paradise,Chair,Pigeon,Happy Baby,Wild Thing,Flying Lizard,Quizsentials,,False,7 Jun 2026,Bonus Round - 10 Multi Tap Questions.sqt,1,7 Jun 2026
Tap only the European rivers that flow through two or more countries.,multi_tap,"C,D,E",Thames,Seine,Rhine,Rhône,Danube,Tiber,Quizsentials,,False,21 Jun 2026,Bonus Round - 10 Multi Tap Questions.sqt,2,6 Apr 2025
Tap only the pop stars that were born in the USA.,multi_tap,"B,D,F",Shakira,Beyoncé,Rihanna,Madonna,Adele,Cher,Quizsentials,,False,21 Jun 2026,Bonus Round - 10 Multi Tap Questions.sqt,2,4 Apr 2025
"Of the TV shows listed here, tap only the period dramas.",multi_tap,"B,E,F",The Traitors,Rome,Married at First Sight,Smallville,The Gilded Age,Bridgerton,Quizsentials,,False,21 Jun 2026,Bonus Round - 10 Multi Tap Questions.sqt,1,21 Jun 2026
Tap only the words that feature in the first verse of the nursery rhyme 'Twinkle Twinkle Little Star'.,multi_tap,"B,D,F",Shine,World,Moon,Sky,Night,Diamond,Quizsentials,,False,21 Jun 2026,Bonus Round - 10 Multi Tap Questions.sqt,1,21 Jun 2026
Tap only the names of playing positions in netball.,multi_tap,"A,C,E,F",Goal keeper,Wing back,Goal shooter,Centre forward,Centre,Wing attack,Quizsentials,,False,21 Jun 2026,Bonus Round - 10 Multi Tap Questions.sqt,1,21 Jun 2026
"Known as the 'Big Four', tap the four cities that have the world's premier fashion weeks.",multi_tap,"B,C,D,F",Berlin,New York,Milan,London,Los Angeles,Paris,Quizsentials,,False,21 Jun 2026,Bonus Round - 10 Multi Tap Questions.sqt,1,21 Jun 2026
"Of these animated movies, tap only the ones that have at least one lion in them.",multi_tap,"A,B,C,D,E,F",The Lion King,Zootopia/Zootropolis,Robin Hood,Madagascar,The Lion King II: Simba's Pride,The Wild,Quizsentials,,False,21 Jun 2026,Bonus Round - 10 Multi Tap Questions.sqt,1,21 Jun 2026
Tap only the elements in a molecule of hydrochloric acid.,multi_tap,"A,F",Hydrogen,Carbon,Oxygen,Nitrogen,Iron,Chlorine,Quizsentials,,False,21 Jun 2026,Bonus Round - 10 Multi Tap Questions.sqt,2,23 Jul 2025
Tap only the planets in our solar system that are classed as gas giants.,multi_tap,"A,F",Saturn,Mars,Venus,Mercury,Earth,Jupiter,Quizsentials,,False,21 Jun 2026,Bonus Round - 10 Multi Tap Questions.sqt,2,4 Jul 2025
"Of these celestial objects, tap only the ones that are smaller than Earth's moon.",multi_tap,"C,D,F",Mercury,Mars,Pluto,International Space Station,Ganymede (moon of Jupiter),Halley's comet,Quizsentials,,False,21 Jun 2026,Bonus Round - 10 Multi Tap Questions.sqt,1,21 Jun 2026
"Of the Disney characters listed here, tap only the ones from 'Bambi'.",multi_tap,"C,D,F",Jock,Trusty,Flower,Thumper,Peg,Faline,Quizsentials,,False,10 Jul 2026,Bonus Round - 10 Multi Tap Questions.sqt,1,10 Jul 2026
Tap only the Looney Tunes characters that have some form of medical speech impediment.,multi_tap,"A,B,C,D",Porky Pig,Daffy Duck,Sylvester the Cat,Elmer Fudd,Bugs Bunny,Yosemite Sam,Quizsentials,,False,10 Jul 2026,Bonus Round - 10 Multi Tap Questions.sqt,1,10 Jul 2026
Tap only the song titles in which the missing word is 'Road'.,multi_tap,"C,D,E,F",Baker __ by Gerry Rafferty,"Dancing in the __, by Martha Reeves & the Vandellas","Old Town __, by Lil Nas X","__ Rage, by Catatonia","The Long and Winding __, by The Beatles","Thunder __, by Bruce Springsteen",Quizsentials,,False,10 Jul 2026,Bonus Round - 10 Multi Tap Questions.sqt,1,10 Jul 2026
"Of the materials listed here, tap only the synthetic fabrics.",multi_tap,"D,E",Silk,Cotton,Wool,Polyester,Nylon,Linen,Quizsentials,,False,10 Jul 2026,Bonus Round - 10 Multi Tap Questions.sqt,1,10 Jul 2026
Tap only the animals whose female is called a cow.,multi_tap,"0,A,D",Elephant,Ferret,Zebra,Cattle,Fox,Pig,Quizsentials,,False,10 Jul 2026,Bonus Round - 10 Multi Tap Questions.sqt,1,10 Jul 2026
"Of the European countries listed here, tap only the ones that are landlocked.",multi_tap,"C,E",France,Belgium,Luxembourg,Germany,Austria,Slovenia,Quizsentials,,False,10 Jul 2026,Bonus Round - 10 Multi Tap Questions.sqt,2,17 Apr 2025
Tap only the biblical figures who are deemed by the Bible to be descendants of Adam and Eve.,multi_tap,"A,B,C,D,E,F",Noah,Abraham,David,Moses,Isaac,Solomon,Quizsentials,,False,10 Jul 2026,Bonus Round - 10 Multi Tap Questions.sqt,1,10 Jul 2026
"Of these football managers, tap only the ones who have managed Arsenal.",multi_tap,"B,D,F",Sven-Göran Eriksson,Arsène Wenger,Joachim Löw,George Graham,David Moyes,Unai Emery,Quizsentials,,False,10 Jul 2026,Bonus Round - 10 Multi Tap Questions.sqt,1,10 Jul 2026
Tap only the things used in track and field athletics.,multi_tap,"A,B,C,D,F",Hurdles,Discus,Sandpit,Javelin,Shuttlecock,Water pit,Quizsentials,,False,10 Jul 2026,Bonus Round - 10 Multi Tap Questions.sqt,1,10 Jul 2026
"Of the following, tap only those that feature a talking donkey.",multi_tap,"A,B,E,F",Winnie-the-Pooh,Animal Farm,Charlotte's Web,The Muppet Christmas Carol,Shrek,The Bible,Quizsentials,,False,10 Jul 2026,Bonus Round - 10 Multi Tap Questions.sqt,2,10 Jun 2025
Tap only the names of Windows operating systems.,multi_tap,"C,D,F",Windows 5,Windows 6,Windows 7,Windows 8,Windows 9,Windows 10,Quizsentials,,False,8 Mar 2026,Bonus Round - 10 Multi Tap Questions.sqt,1,8 Mar 2026
"Of the movie gangsters listed here, tap only the ones that appear in 'The Godfather' films.",multi_tap,"A,D,F",Luca Brasi,James Conway,Tommy DeVito,Frank Pentangeli,Henry Hill,Michael Corleone,Quizsentials,,False,8 Mar 2026,Bonus Round - 10 Multi Tap Questions.sqt,1,8 Mar 2026
Tap only the ingredients that are in a typical Pina Colada.,multi_tap,"A,D,F",White rum,Whiskey,Tequila,Pineapple juice,Kahlúa,Coconut cream,Quizsentials,,False,8 Mar 2026,Bonus Round - 10 Multi Tap Questions.sqt,2,20 Apr 2025
Tap only the characters on the TV show 'The Simpsons' that are voiced by Dan Castellaneta.,multi_tap,"A,C,D,E",Homer Simpson,Mr Burns,Groundskeeper Willie,Barney Gumble,Grampa Simpson,Maggie Simpson,Quizsentials,,False,8 Mar 2026,Bonus Round - 10 Multi Tap Questions.sqt,2,20 Apr 2025
Tap only the albums released by The Beach Boys.,multi_tap,"A,E,F",Surf's Up,Bringing It All Back Home,Highway 61 Revisited,Blonde on Blonde,Pet Sounds,Surfin' Safari,Quizsentials,,False,8 Mar 2026,Bonus Round - 10 Multi Tap Questions.sqt,1,8 Mar 2026
"Of these Real Madrid players, tap only the ones who have played in the English Premier League.",multi_tap,"B,F",Jude Bellingham,Antonio Rüdiger,Ferland Mendy,Vinicius Junior,Rodrygo,Dani Ceballos,Quizsentials,,False,8 Mar 2026,Bonus Round - 10 Multi Tap Questions.sqt,1,8 Mar 2026
Tap only the people who went to space before Neil Armstrong.,multi_tap,"B,D",Sally Ride,Yuri Gagarin,Chris Hadfield,Alan Shepard,Jim Lovell,Katy Perry,Quizsentials,,False,8 Mar 2026,Bonus Round - 10 Multi Tap Questions.sqt,1,8 Mar 2026
"Of the SI derived units listed here, tap only the ones that use a Greek letter as their symbol.",multi_tap,F,Amp,Volt,Newton,Pascal,Watt,Ohm,Quizsentials,,False,8 Mar 2026,Bonus Round - 10 Multi Tap Questions.sqt,2,20 Apr 2025
Tap only the Russian cities.,multi_tap,"A,D,E",Rostov-on-Don,Minsk,Chisnau,Volgograd,St Petersburg,Tallinn,Quizsentials,,False,8 Mar 2026,Bonus Round - 10 Multi Tap Questions.sqt,1,8 Mar 2026
Tap only the countries that border the Black Sea.,multi_tap,"A,B,C,D,E,F",Bulgaria,Georgia,Romania,Russia,Ukraine,Turkey,Quizsentials,,False,8 Mar 2026,Bonus Round - 10 Multi Tap Questions.sqt,1,8 Mar 2026
Tap only the words that can be followed by 'back' to make a playing position in American football.,multi_tap,"B,C,E",Third,Quarter,Running,Walking,Corner,Tackle,Quizsentials,,False,14 Dec 2025,Bonus Round - 10 Multi Tap Questions.sqt,1,14 Dec 2025
"Of these 'Stranger Things' characters, tap only the ones in the same school year as Will Byers.",multi_tap,"C,D,F",Jonathan Byers,Nancy Wheeler,Dustin Henderson,Lucas Sinclair,Billy Hargrove,Max Mayfield,Quizsentials,,False,14 Dec 2025,Bonus Round - 10 Multi Tap Questions.sqt,1,14 Dec 2025
"Of the Olympic events listed here, tap only the ones that are solo sports.",multi_tap,"C,D,E",Beach volleyball,Artistic swimming,BMX freestyle,Taekwondo,Single sculls rowing,Water polo,Quizsentials,,False,14 Dec 2025,Bonus Round - 10 Multi Tap Questions.sqt,1,14 Dec 2025
Tap only the colours that appear on the flag of South Korea.,multi_tap,"A,C,E,F",White,Yellow,Red,Green,Black,Blue,Quizsentials,,False,14 Dec 2025,Bonus Round - 10 Multi Tap Questions.sqt,1,14 Dec 2025
Tap only the ingredients you would need to make a traditional Tom Collins cocktail.,multi_tap,"B,E",Vodka,Gin,Whiskey,Orange juice,Lemon juice,Pineapple juice,Quizsentials,,False,14 Dec 2025,Bonus Round - 10 Multi Tap Questions.sqt,2,27 Feb 2025
Tap only the songs that feature in the 1978 film 'Grease'.,multi_tap,"B,C,E,F",Stayin' Alive,You're the One That I Want,Beauty School Dropout,Dancing Queen,Hopelessly Devoted To You,Summer Nights,Quizsentials,,False,14 Dec 2025,Bonus Round - 10 Multi Tap Questions.sqt,1,14 Dec 2025
"Of these pop bands, tap only the ones classed as K-pop.",multi_tap,"A,B,D,E",BTS,Seventeen,OneRepublic,Blackpink,NewJeans,HAIM,Quizsentials,,False,14 Dec 2025,Bonus Round - 10 Multi Tap Questions.sqt,1,14 Dec 2025
"Tap only synonyms of the word 'funny', according to thesaurus.com.",multi_tap,"A,B,C,E,F",Comical,Hilarious,Amusing,Humerus,Droll,Whimsical,Quizsentials,,False,14 Dec 2025,Bonus Round - 10 Multi Tap Questions.sqt,1,14 Dec 2025
Tap only the things that scientists believe are hotter than the surface of the Sun.,multi_tap,"A,B,C,E",Lightning,The corona (area surrounding the Sun),A nuclear fusion reactor,Earth's mantle,The sun's core,A microwaved apple pie,Quizsentials,,False,14 Dec 2025,Bonus Round - 10 Multi Tap Questions.sqt,2,16 Mar 2025
Tap only the names who have been real popes in the Catholic Church.,multi_tap,"A,D,E",Pope Hilarius,Pope Solemn,Pope Rural,Pope Urban,Pope Innocent,Pope Guilty,Quizsentials,,False,14 Dec 2025,Bonus Round - 10 Multi Tap Questions.sqt,4,9 Apr 2025
Tap only the elements that are among the five most abundant in the Earth's atmosphere.,multi_tap,"A,C,D,F",Nitrogen,Sulphur,Oxygen,Carbon dioxide,Xenon,Argon,Quizsentials,,False,22 Jan 2026,Bonus Round - 10 Multi Tap Questions.sqt,1,22 Jan 2026
Tap only the animated TV shows.,multi_tap,"A,C,D,F",Rick and Morty,Parks and Recreation,The Simpsons,Futurama,Modern Family,Family Guy,Quizsentials,,False,22 Jan 2026,Bonus Round - 10 Multi Tap Questions.sqt,3,27 May 2026
"Of these Italian words, tap only the ones that refer to times of the day.",multi_tap,"A,C,F",Mattina,Settimana,Sera,Mese,Anno,Pomeriggio,Quizsentials,,False,22 Jan 2026,Bonus Round - 10 Multi Tap Questions.sqt,1,22 Jan 2026
"Of the boxers listed here, tap only the ones that fought Muhammad Ali.",multi_tap,"B,C",Jake LaMotta,Joe Frazier,George Foreman,Mike Tyson,Lennox Lewis,Rocky Marciano,Quizsentials,,False,22 Jan 2026,Bonus Round - 10 Multi Tap Questions.sqt,1,22 Jan 2026
Tap only the actresses who have appeared in at least one Quentin Tarantino film.,multi_tap,"A,B,C,E",Uma Thurman,Margot Robbie,Pam Grier,Meryl Streep,Patricia Arquette,Nicole Kidman,Quizsentials,,False,22 Jan 2026,Bonus Round - 10 Multi Tap Questions.sqt,1,22 Jan 2026
Tap only the basketball teams that LeBron James has played for.,multi_tap,"B,C,F",Los Angeles Clippers,Los Angeles Lakers,Miami Heat,Orlando Magic,Chicago Bulls,Cleveland Cavaliers,Quizsentials,,False,22 Jan 2026,Bonus Round - 10 Multi Tap Questions.sqt,2,25 Apr 2025
"In the world of winemaking, tap only the countries that are classed as New World wine regions, as opposed to Old World.",multi_tap,"C,D,E",France,Portugal,South Africa,Chile,Australia,Germany,Quizsentials,,False,22 Jan 2026,Bonus Round - 10 Multi Tap Questions.sqt,2,14 Mar 2025
Tap only the words that can become Grammy-nominated rappers by adding the word 'Lil'.,multi_tap,"A,C",Baby,Sean,Wayne,Thug,Savage,Mike,Quizsentials,,False,22 Jan 2026,Bonus Round - 10 Multi Tap Questions.sqt,1,22 Jan 2026
Tap only the correct country/capital city combinations.,multi_tap,"A,D",Finland - Helsinki,Hungary - Bucharest,Portugal - Porto,Albania - Tirana,Spain - Barcelona,Turkey - Istanbul,Quizsentials,,False,22 Jan 2026,Bonus Round - 10 Multi Tap Questions.sqt,7,1 Sep 2025
Tap only the TV series from the 'Star Wars' franchise.,multi_tap,"A,C,D,E",The Mandalorian,Enterprise,The Book of Boba Fett,Ahsoka,Andor,Strange New Worlds,Quizsentials,,False,22 Jan 2026,Bonus Round - 10 Multi Tap Questions.sqt,1,22 Jan 2026
"Of the fictional locations listed here, tap only the ones in 'Game of Thrones'.",multi_tap,"C,E,F",Hogsmeade,Ankh-Morpork,King's Landing,Minas Tirith,Dragonstone,Winterfell,Quizsentials,,False,23 Jan 2026,Bonus Round - 10 Multi Tap Questions.sqt,1,23 Jan 2026
Tap only words that are synonyms of the word fast.,multi_tap,"A,C,D",Rapid,Leisurely,Swift,Brisk,Languid,Sluggish,Quizsentials,,False,23 Jan 2026,Bonus Round - 10 Multi Tap Questions.sqt,1,23 Jan 2026
Tap only the people known publicly to be former boyfriends of Taylor Swift.,multi_tap,"A,D,E",Tom Hiddleston,Tom Hardy,Tom Holland,Joe Jonas,Joe Alwyn,Joe Rogan,Quizsentials,,False,23 Jan 2026,Bonus Round - 10 Multi Tap Questions.sqt,1,23 Jan 2026
"Of the elements listed here, tap only the transition metals from Groups 3 to 12 on the periodic table.",multi_tap,"A,B,D",Titanium,Nickel,Lithium,Zinc,Sodium,Potassium,Quizsentials,,False,23 Jan 2026,Bonus Round - 10 Multi Tap Questions.sqt,1,23 Jan 2026
Tap only the US presidents who were members of the Democratic Party.,multi_tap,"A,B,C",Bill Clinton,Barack Obama,Jimmy Carter,George W Bush,George HW Bush,Ronald Reagan,Quizsentials,,False,23 Jan 2026,Bonus Round - 10 Multi Tap Questions.sqt,2,28 Feb 2025
Tap only the cocktails that have rum in them.,multi_tap,"B,C,D",Dry Martini,Cuba Libre,Mojito,Daiquiri,Tom Collins,Whiskey Sour,Quizsentials,,False,23 Jan 2026,Bonus Round - 10 Multi Tap Questions.sqt,2,16 Mar 2025
Tap only the actresses who have been Bond girls.,multi_tap,"A,B,C,D",Britt Ekland,Ursula Andress,Jane Seymour,Honor Blackman,Jane Fonda,Farrah Fawcett,Quizsentials,,False,23 Jan 2026,Bonus Round - 10 Multi Tap Questions.sqt,2,16 Dec 2025
"Tap only the bodies of water that, like lakes, do not border other seas or oceans.",multi_tap,"B,D",Aegean Sea,Caspian Sea,Red Sea,Dead Sea,Balearic Sea,Arabian Sea,Quizsentials,,False,23 Jan 2026,Bonus Round - 10 Multi Tap Questions.sqt,1,23 Jan 2026
"Of the exercises listed here, tap only the ones primarily used to work the chest muscles.",multi_tap,"A,E",Bench press,Squats,Deadlift,Bicep curls,Chest dips,Side lunge,Quizsentials,,False,23 Jan 2026,Bonus Round - 10 Multi Tap Questions.sqt,1,23 Jan 2026
Tap only the US presidents who also served as vice president.,multi_tap,"A,D",Joe Biden,Donald Trump,George W. Bush,George H.W. Bush,Barack Obama,Ronald Reagan,Quizsentials,,False,23 Jan 2026,Bonus Round - 10 Multi Tap Questions.sqt,2,27 Feb 2025
"Of these TV characters, tap only the ones with beards.",multi_tap,"A,C,D,E",Papa Smurf,Bob the Builder,Captain Caveman,Groundskeeper Willie from The Simpsons,Chef from South Park,Tony Soprano from The Sopranos,Quizsentials,,False,8 Jul 2026,Bonus Round - 10 Multi Tap Questions.sqt,1,8 Jul 2026
"Of the Egyptian deities listed here, tap only the ones often depicted with the head of a bird.",multi_tap,"E,F",Anubis,Osiris,Isis,Bastet,Ra,Horus,Quizsentials,,False,8 Jul 2026,Bonus Round - 10 Multi Tap Questions.sqt,1,8 Jul 2026
Tap only the actors who have played Superman on screen.,multi_tap,"A,B,C,D",George Reeves,Christopher Reeve,Brandon Routh,Henry Cavill,Gene Hackman,Kevin Spacey,Quizsentials,,False,8 Jul 2026,Bonus Round - 10 Multi Tap Questions.sqt,1,8 Jul 2026
Tap only the singers who were in NSYNC.,multi_tap,"A,B",Lance Bass,Justin Timberlake,Nick Carter,AJ McLean,Kevin Richardson,Brian Littrell,Quizsentials,,False,8 Jul 2026,Bonus Round - 10 Multi Tap Questions.sqt,1,8 Jul 2026
"Of the countries listed here, tap only the ones in Central America.",multi_tap,"A,D,F",El Salvador,Peru,Chile,Guatemala,Bolivia,Belize,Quizsentials,,False,8 Jul 2026,Bonus Round - 10 Multi Tap Questions.sqt,2,20 Apr 2025
Tap only the white wine grape varieties.,multi_tap,"A,B,C,D,F",Sauvignon Blanc,Riesling,Chardonnay,Pinot Grigio,Pinot Noir,Albariño,Quizsentials,,False,8 Jul 2026,Bonus Round - 10 Multi Tap Questions.sqt,2,9 Jun 2026
Tap only the animals native to Australia.,multi_tap,"A,B,C,D,E,F",Echidna,Platypus,Emu,Wombat,Dingo,Tasmanian devil,Quizsentials,,False,8 Jul 2026,Bonus Round - 10 Multi Tap Questions.sqt,1,8 Jul 2026
Tap only the sports where gloves are typically worn by at least one player.,multi_tap,"A,B,C,D,E,F",Cricket,Football,Boxing,Skiing,Baseball,Ice hockey,Quizsentials,,False,8 Jul 2026,Bonus Round - 10 Multi Tap Questions.sqt,1,8 Jul 2026
Tap only the video games that were released more recently than 'Grand Theft Auto V'.,multi_tap,"C,D",Assassin's Creed,Red Dead Redemption,The Legend of Zelda: Breath of the Wild,Borderlands 3,Batman: Arkham City,Halo 4,Quizsentials,,False,8 Jul 2026,Bonus Round - 10 Multi Tap Questions.sqt,1,8 Jul 2026
"Of these animated TV characters, tap only the redheads.",multi_tap,"B,E",Butthead from Beavis and Butthead,Dexter from Dexter Laboratory,Velma from Scooby-Doo,Rick from Rick and Morty,Lois from Family Guy,Marge from The Simpsons,Quizsentials,,False,8 Jul 2026,Bonus Round - 10 Multi Tap Questions.sqt,1,8 Jul 2026
"Of the books listed here, tap only the ones that were first published before 1900.",multi_tap,"B,C,E","Nineteen Eighty Four, by George Orwell","Gulliver's Travels, by Jonathan Swift","Around the World in Eighty Days, by Jules Verne","The Day of the Triffids, by John Wyndham","The War of the Worlds, by H.G. Wells","The Catcher in the Rye, by J.D. Salinger",Quizsentials,,False,11 Mar 2026,Bonus Round - 10 Multi Tap Questions.sqt,2,21 Feb 2025
"Of 'The Lord of the Rings' characters listed here, tap only the members of the Fellowship of the Ring.",multi_tap,"C,D,E",Sauron,Saruman,Gimli,Gandalf,Frodo,Gollum,Quizsentials,,False,11 Mar 2026,Bonus Round - 10 Multi Tap Questions.sqt,1,11 Mar 2026
Tap only the famous landmarks that are in France.,multi_tap,"A,B,C,D,F",Eiffel Tower,Arc de Triomphe,Louvre Museum,Palace of Versailles,Leaning Tower of Pisa,Notre-Dame,Quizsentials,,False,11 Mar 2026,Bonus Round - 10 Multi Tap Questions.sqt,1,11 Mar 2026
"Of the cities listed here, tap only the ones that will host games at this year's FIFA World Cup.",multi_tap,"A,C,D,E,F",Toronto,Miami,Mexico City,Vancouver,Los Angeles,Kansas City,Quizsentials,,False,11 Mar 2026,Bonus Round - 10 Multi Tap Questions.sqt,1,11 Mar 2026
Tap only the names of video streaming services.,multi_tap,"B,D,E,F",Audible,Disney+,Tidal,Amazon Prime Video,Apple TV+,Netflix,Quizsentials,,False,11 Mar 2026,Bonus Round - 10 Multi Tap Questions.sqt,1,11 Mar 2026
"Of the SI base and derived units listed here, tap only the ones whose symbol is a single letter.",multi_tap,"B,C,E,F",Kilogram,Joule,Second,Hertz,Newton,Volt,Quizsentials,,False,11 Mar 2026,Bonus Round - 10 Multi Tap Questions.sqt,2,25 Apr 2025
Tap only the US presidents who were assassinated.,multi_tap,"A,C,E",Abraham Lincoln,Theodore Roosevelt,James Garfield,Franklin D Roosevelt,John F Kennedy,Ronald Reagan,Quizsentials,,False,11 Mar 2026,Bonus Round - 10 Multi Tap Questions.sqt,2,8 Apr 2025
Tap only the male musicians.,multi_tap,"A,B,C,D,E",Ginger Baker,Jordan Knight,Andrea Bocelli,Nikki Sixx,Dee Dee Ramone,Billie Holiday,Quizsentials,,False,11 Mar 2026,Bonus Round - 10 Multi Tap Questions.sqt,1,11 Mar 2026
Timothée Chalamet triggered a backlash from the performing arts world this month by saying nobody cared about certain art forms any more. Tap only the art forms he specifically mentioned.,multi_tap,"B,E",Folk music,Opera,Shakespeare plays,Breakdancing,Ballet,Mime,Quizsentials,,False,11 Mar 2026,Bonus Round - 10 Multi Tap Questions.sqt,1,11 Mar 2026
Tap only the subjects that King Charles III studied at university?,multi_tap,"A,D,F",Anthropology,Music Tech,Sports Science,History,Gender Studies,Archaeology,Quizsentials,,False,11 Mar 2026,Bonus Round - 10 Multi Tap Questions.sqt,2,6 Apr 2025
Tap the sports that typically feature seven or more players per team (not including substitutes etc).,multi_tap,"B,D,F",Basketball,Cricket,Ice hockey,Baseball,Volleyball,Lacrosse,Quizsentials,,False,9 Jul 2026,Bonus Round - 10 Multi Tap Questions.sqt,1,9 Jul 2026
Tap the children's party games that traditionally involve a blindfold.,multi_tap,"A,B,D",Pin the tail on the donkey,Piñata,Musical chairs,Blind man's buff,Sleeping lions,Pass the parcel,Quizsentials,,False,9 Jul 2026,Bonus Round - 10 Multi Tap Questions.sqt,1,9 Jul 2026
Tap only the names of children that won a Golden Ticket in 'Charlie and the Chocolate Factory'.,multi_tap,"A,C,E,F",Augustus Gloop,Bartholomew Cubbins,Mike Teavee,Percy Jackson,Veruca Salt,Violet Beauregarde,Quizsentials,,False,9 Jul 2026,Bonus Round - 10 Multi Tap Questions.sqt,1,9 Jul 2026
Tap only the names of internet personality Trisha Paytas' children?,multi_tap,"A,D,F",Malibu Barbie,Prince,Venus de Milo,Elvis,Apple,Aquaman Moses,Quizsentials,,False,9 Jul 2026,Bonus Round - 10 Multi Tap Questions.sqt,1,9 Jul 2026
"Of these Greek heroes, tap only the sons of Zeus.",multi_tap,"A,D",Perseus,Odysseus,Theseus,Heracles,Jason,Ajax,Quizsentials,,False,9 Jul 2026,Bonus Round - 10 Multi Tap Questions.sqt,1,9 Jul 2026
"Of the band names listed here, tap only the ones in which the missing word is 'Brothers'.",multi_tap,"A,D,E,F",Jonas __,Scissor __,The Pointer __,The Doobie __,The Chemical __,The Righteous __,Quizsentials,,False,9 Jul 2026,Bonus Round - 10 Multi Tap Questions.sqt,1,9 Jul 2026
"Of the seas listed here, tap only the ones that are part of the Atlantic Ocean.",multi_tap,"A,B,D",Mediterranean Sea,Irish Sea,Arabian Sea,Caribbean Sea,Tasman Sea,Red Sea,Quizsentials,,False,9 Jul 2026,Bonus Round - 10 Multi Tap Questions.sqt,2,18 Apr 2025
"Of the TV shows listed here, tap only the ones based on video games.",multi_tap,"A,D",Arcane,Severance,The Walking Dead,Twisted Metal,The Boys,Reacher,Quizsentials,,False,9 Jul 2026,Bonus Round - 10 Multi Tap Questions.sqt,1,9 Jul 2026
"Of the words listed here, tap only the ones you can add the letters 'ium' to the end of to make the name of a chemical element.",multi_tap,"B,C,D",Hydro,Titan,Sod,Bar,Swig,Hold,Quizsentials,,False,9 Jul 2026,Bonus Round - 10 Multi Tap Questions.sqt,1,9 Jul 2026
"Of the fragrances listed here, tap only the ones from Calvin Klein.",multi_tap,"C,D,E",212 VIP,Code,Eternity,Euphoria,IN2U,Sauvage,Quizsentials,,False,10 Mar 2026,Bonus Round - 10 Multi Tap Questions.sqt,2,17 Apr 2025
"Of the movies listed here, tap only the ones directed by Alfred Hitchcock.",multi_tap,"C,D",Casablanca,Citizen Kane,Psycho,Rear Window,The Great Escape,Zulu,Quizsentials,,False,10 Mar 2026,Bonus Round - 10 Multi Tap Questions.sqt,1,10 Mar 2026
Tap only the software that is part of the Microsoft Office family.,multi_tap,"A,B,D,F",Outlook,Word,Home,Excel,Workplace,PowerPoint,Quizsentials,,False,10 Mar 2026,Bonus Round - 10 Multi Tap Questions.sqt,1,10 Mar 2026
Tap only the US states that are further south than Colorado.,multi_tap,"B,C,D,E",South Dakota,Texas,Louisiana,Arizona,Georgia,Iowa,Quizsentials,,False,10 Mar 2026,Bonus Round - 10 Multi Tap Questions.sqt,1,10 Mar 2026
"Tap only the herbs that are mentioned in the lyrics of the folk song 'Scarborough Fair', made popular by Simon & Garfunkel.",multi_tap,"A,C,D,F",Rosemary,Oregano,Sage,Parsley,Basil,Thyme,Quizsentials,,False,10 Mar 2026,Bonus Round - 10 Multi Tap Questions.sqt,1,10 Mar 2026
"Of the 'Star Wars' TV shows listed here, tap only the ones that take place before the events of the original film trilogy.",multi_tap,"B,C,D",The Mandalorian,Andor,The Acolyte,Obi-Wan Kenobi,The Book of Boba Fett,Ahsoka,Quizsentials,,False,10 Mar 2026,Bonus Round - 10 Multi Tap Questions.sqt,2,18 Apr 2025
Tap only the former footballers who played for BOTH Manchester United and Liverpool.,multi_tap,"A,C",Michael Owen,Mark Hughes,Paul Ince,Robbie Fowler,Stan Collymore,David Beckham,Quizsentials,,False,10 Mar 2026,Bonus Round - 10 Multi Tap Questions.sqt,3,6 Jun 2025
Tap only the actors who have portrayed Batman villains on film or TV.,multi_tap,"A,B,D,F",Colin Farrell,Cillian Murphy,Ben Affleck,Jim Carrey,Val Kilmer,Heath Ledger,Quizsentials,,False,10 Mar 2026,Bonus Round - 10 Multi Tap Questions.sqt,1,10 Mar 2026
"Set between 1912 and 1926, tap only the events that featured in the hit period TV series 'Downton Abbey'.",multi_tap,"A,D,E",Sinking of the Titanic,The Wall Street Crash,First FIFA World Cup,Irish War of Independence,Outbreak of the First World War,Death of Queen Victoria,Quizsentials,,False,22 May 2026,Bonus Round - 10 Multi Tap Questions.sqt,1,22 May 2026
"Of the forms of radiation listed here, tap only the electromagnetic radiation.",multi_tap,"A,C,D",Visible light,Gravitational waves,Gamma rays,Microwaves,Proton radiation,Alpha radiation,Quizsentials,,False,22 May 2026,Bonus Round - 10 Multi Tap Questions.sqt,2,3 Jul 2025
Tap only the Disney movies that are set in Europe.,multi_tap,"A,C,D",Beauty and the Beast,Aladdin,The Hunchback of Notre Dame,Pinocchio,Moana,Mulan,Quizsentials,,False,22 May 2026,Bonus Round - 10 Multi Tap Questions.sqt,1,22 May 2026
Tap only the things that are multiples of 9.,multi_tap,"A,C",Inches in a yard,Stars on the US flag,Jimi Hendrix's age when he died,Von Trapp children in 'The Sound of Music',White keys on a standard piano,White squares on a chessboard,Quizsentials,,False,22 May 2026,Bonus Round - 10 Multi Tap Questions.sqt,1,22 May 2026
"Of the American cities listed here, tap only the ones that are state capitals.",multi_tap,"D,E,F",New York City,Los Angeles,Dallas,Denver,Salt Lake City,Phoenix,Quizsentials,,False,22 May 2026,Bonus Round - 10 Multi Tap Questions.sqt,2,13 Mar 2025
"Of the content creators listed here, tap only the ones from the Twitch and YouTube collective AMP.",multi_tap,"B,C,F",MrBeast,Fanum,Duke Dennis,Ninja,Sketch,Kai Cenat,Quizsentials,,False,22 May 2026,Bonus Round - 10 Multi Tap Questions.sqt,1,22 May 2026
Tap only the names of people who were in One Direction.,multi_tap,A,Harry Styles,Zayn Payne,Liam Tomlinson,Louis Theroux,Neil Moran,Rami Malek,Quizsentials,,False,22 May 2026,Bonus Round - 10 Multi Tap Questions.sqt,1,22 May 2026
"Of these Dickens characters, tap only those that feature in 'Oliver Twist'.",multi_tap,"A,B,D,E,F",The Artful Dodger,Fagin,Bob Cratchit,Nancy,Mr Bumble,Bill Sikes,Quizsentials,,False,22 May 2026,Bonus Round - 10 Multi Tap Questions.sqt,2,20 Apr 2025
"Of the Netflix shows listed here, tap only the documentaries.",multi_tap,"C,E",Unbreakable Kimmy Schmidt,Cobra Kai,Wild Wild Country,After Life,Sean Combs: The Reckoning,Grace & Frankie,Quizsentials,,False,22 May 2026,Bonus Round - 10 Multi Tap Questions.sqt,2,10 May 2026
Tap only the girl groups whose line-ups comprised exactly four members when they released their debut albums.,multi_tap,"B,E",The Supremes,The Bangles,The Go-Gos,The Spice Girls,Blackpink,Fifth Harmony,Quizsentials,,False,22 May 2026,Bonus Round - 10 Multi Tap Questions.sqt,2,9 Mar 2025
Tap only the countries that participate in the Six Nations rugby union tournament.,multi_tap,"B,C,E",Spain,France,Italy,Germany,Ireland,Belgium,Quizsentials,,False,1 Sep 2026,Bonus Round - 10 Multi Tap Questions.sqt,2,24 Sep 2025
"Of the TV shows listed here, tap only the ones based on real-life events.",multi_tap,"B,C",Breaking Bad,Pam & Tommy,Chernobyl,The Walking Dead,Grey's Anatomy,Sherlock,Quizsentials,,False,1 Sep 2026,Bonus Round - 10 Multi Tap Questions.sqt,1,1 Sep 2026
Tap only the names of vehicles from the 'Halo' games.,multi_tap,"A,B",Ghost,Banshee,Zombie,Ghoul,Mummy,Werewolf,Quizsentials,,False,1 Sep 2026,Bonus Round - 10 Multi Tap Questions.sqt,1,1 Sep 2026
Tap only the ingredients in a traditional Italian carbonara.,multi_tap,"C,E,F",Cream,Milk,Egg,Pepperoni,Cured pork,Hard cheese,Quizsentials,,False,1 Sep 2026,Bonus Round - 10 Multi Tap Questions.sqt,2,11 Jul 2025
Tap only the song titles in which the missing word is 'Run'.,multi_tap,"C,D,E","__ This Way, by Aerosmith","__ Like an Egyptian, by The Bangles","__ to the Hills, by Iron Maiden","__ the World, by Beyoncé","Young Hearts __ Free, by Candi Staton","__ on the Wild Side, by Lou Reed",Quizsentials,,False,1 Sep 2026,Bonus Round - 10 Multi Tap Questions.sqt,1,1 Sep 2026
Tap only the Scottish cities.,multi_tap,"B,C,D,E",Newport,Stirling,Glasgow,Dundee,Aberdeen,St Davids,Quizsentials,,False,1 Sep 2026,Bonus Round - 10 Multi Tap Questions.sqt,2,19 Jun 2025
Tap only the movies that are about golf.,multi_tap,"B,D,F",Rocky,Happy Gilmore,Cool Runnings,Tin Cup,Dodgeball: A True Underdog Story,Caddyshack,Quizsentials,,False,1 Sep 2026,Bonus Round - 10 Multi Tap Questions.sqt,1,1 Sep 2026
"Of the creepy crawlies listed here, tap only the ones that are larvae of flying insects.",multi_tap,"A,B,D",Caterpillar,Silkworm,Earthworm,Maggot,Centipede,Millipede,Quizsentials,,False,1 Sep 2026,Bonus Round - 10 Multi Tap Questions.sqt,2,3 Aug 2025
Tap only the female authors.,multi_tap,"A,B,C,D,E,F",Robert Galbraith,George Eliot,Ellis Bell,Mary Shelley,Harper Lee,PD James,Quizsentials,,False,1 Sep 2026,Bonus Round - 10 Multi Tap Questions.sqt,2,18 Jul 2025
Tap only the countries whose empires conquered parts of the Americas.,multi_tap,"A,C,D,E,F",France,Austria,Great Britain / UK,Netherlands,Portugal,Spain,Quizsentials,,False,1 Sep 2026,Bonus Round - 10 Multi Tap Questions.sqt,2,15 Jul 2025
Tap only the things that appear on the flag of Mexico.,multi_tap,"A,B,C",Eagle,Cactus,Snake,Bear,Pyramid,Guitar,Quizsentials,,False,7 Apr 2026,Bonus Round - 10 Multi Tap Questions.sqt,1,7 Apr 2026
Tap only the countries that are in the Top 10 of the all-time Summer Olympic medals table.,multi_tap,"A,B,C",Great Britain,United States,China,Spain,Canada,Brazil,Quizsentials,,False,7 Apr 2026,Bonus Round - 10 Multi Tap Questions.sqt,1,7 Apr 2026
Tap only the Josh Hutcherson movies.,multi_tap,"C,D,E",Percy Jackson and the Lightning Thief,The Three Musketeers,The Hunger Games,Five Nights at Freddy's,Bridge to Terabithia,The Perks of Being a Wallflower,Quizsentials,,False,7 Apr 2026,Bonus Round - 10 Multi Tap Questions.sqt,1,7 Apr 2026
Tap only the names of Knights of the Round Table from Arthurian legend.,multi_tap,"A,C,E",Lancelot,Galadriel,Galahad,Gandalf,Gawain,Boromir,Quizsentials,,False,7 Apr 2026,Bonus Round - 10 Multi Tap Questions.sqt,2,18 Apr 2025
Tap only the names of units used in physics.,multi_tap,"A,C,D,E",Joule,Hawking,Hertz,Watt,Newton,Ridley,Quizsentials,,False,7 Apr 2026,Bonus Round - 10 Multi Tap Questions.sqt,2,29 May 2025
Tap only the cartoon characters that have a star on the Hollywood Walk of Fame?,multi_tap,"A,B,D,F",Bugs Bunny,Donald Duck,SpongeBob SquarePants,Mickey Mouse,Scrappy-Doo,Snoopy,Quizsentials,,False,7 Apr 2026,Bonus Round - 10 Multi Tap Questions.sqt,2,16 May 2025
Tap only the French wines.,multi_tap,"A,B,C,E",Champagne,Chablis,Beaujolais,Barbaresco,Châteauneuf-du-Pape,Montepulciano d'Abruzzo,Quizsentials,,False,7 Apr 2026,Bonus Round - 10 Multi Tap Questions.sqt,2,27 May 2025
Tap only the superheroes that appeared in the 2012 movie 'The Avengers'.,multi_tap,"C,D,F",Spider-Man,Doctor Strange,Iron Man,Thor,Deadpool,Captain America,Quizsentials,,False,7 Apr 2026,Bonus Round - 10 Multi Tap Questions.sqt,1,7 Apr 2026
Tap only the NFL teams that wide receiver Randy Moss played for.,multi_tap,"A,D,F",Minnesota Vikings,Tampa Bay Buccaneers,Denver Broncos,Tennessee Titans,New York Jets,New England Patriots,Quizsentials,,False,17 May 2026,Bonus Round - 10 Multi Tap Questions.sqt,1,17 May 2026
Tap only the actors who were nominated for the Best Actor award at this year's Oscars.,multi_tap,"C,E","Ice Cube, for War of the Worlds","Channing Tatum, for Roofman","Timothée Chalamet, for Marty Supreme","David Corenswet, for Superman","Leonardo DiCaprio, for One Battle After Another","Daniel Craig, for Wake Up Dead Man",Quizsentials,,False,17 May 2026,Bonus Round - 10 Multi Tap Questions.sqt,1,17 May 2026
"Of the European countries listed here, tap only the ones with flags consisting of three vertical bands.",multi_tap,"B,D,E",Bulgaria,France,Germany,Ireland,Romania,Spain,Quizsentials,,False,17 May 2026,Bonus Round - 10 Multi Tap Questions.sqt,2,2 Mar 2025
"Of the famous handbags listed here, tap only the ones that are named after people.",multi_tap,"C,D,E",The Baguette by Fendi,The Speedy by Louis Vuitton,The Jackie by Gucci,The Lady Dior by Dior,The Birkin by Hermès,The Luggage Tote by Celine,Quizsentials,,False,17 May 2026,Bonus Round - 10 Multi Tap Questions.sqt,1,17 May 2026
"Of the TV shows listed here, tap only the ones based on the Sherlock Holmes stories.",multi_tap,"C,F",Columbo,Dexter,Elementary,The Penguin,House,Watson,Quizsentials,,False,17 May 2026,Bonus Round - 10 Multi Tap Questions.sqt,1,17 May 2026
"Of the world leaders listed here, tap only the ones who sported moustaches during the Second World War.",multi_tap,"C,D,F",Winston Churchill,Franklin D Roosevelt,Joseph Stalin,Adolf Hitler,Benito Mussolini,Hirohito,Quizsentials,,False,17 May 2026,Bonus Round - 10 Multi Tap Questions.sqt,2,3 Jun 2025
Tap only the words that are repeated within the title of an ABBA song.,multi_tap,"B,C,D,E",Game,Gimme,Knowing,Money,Ring,Winner,Quizsentials,,False,17 May 2026,Bonus Round - 10 Multi Tap Questions.sqt,2,4 Mar 2025
"Of the particles listed here, tap only the ones with a positive charge.",multi_tap,"A,E",Proton,Electron,Neutron,Photon,Positron,Anion,Quizsentials,,False,17 May 2026,Bonus Round - 10 Multi Tap Questions.sqt,1,17 May 2026
"Tap only the names of comic characters who, at one time or another, have been members of the X-Men.",multi_tap,"A,B,C,D,E,F",Iceman,Wolverine,Professor X,Rogue,Storm,Magneto,Quizsentials,,False,17 May 2026,Bonus Round - 10 Multi Tap Questions.sqt,1,17 May 2026
Tap only the names of films in the 'Star Wars' series.,multi_tap,"A,D,E,F",Return of the Jedi,The Last Crusade,The Dial of Destiny,Revenge of the Sith,The Force Awakens,A New Hope,Quizsentials,,False,17 May 2026,Bonus Round - 10 Multi Tap Questions.sqt,1,17 May 2026
"Of the art styles listed here, tap only the ones that are considered avant-garde.",multi_tap,"B,C",Realism,Cubism,Dadaism,Baroque,Neoclassicism,Rennaisance,Quizsentials,,False,16 Jan 2026,Bonus Round - 10 Multi Tap Questions.sqt,1,16 Jan 2026
"Of the creatures listed here, tap only the crustaceans.",multi_tap,"A,B,D,F",Shrimp,Crab,Squid,Lobster,Octopus,Crayfish,Quizsentials,,False,16 Jan 2026,Bonus Round - 10 Multi Tap Questions.sqt,1,16 Jan 2026
Tap only the planets that are among the five largest in our Solar System.,multi_tap,"A,C,D,E,F",Earth,Mars,Jupiter,Saturn,Uranus,Neptune,Quizsentials,,False,16 Jan 2026,Bonus Round - 10 Multi Tap Questions.sqt,1,16 Jan 2026
"Similar to the word 'sheep', tap only the words that are used as both plural or singular nouns.",multi_tap,"A,B,F",Deer,Series,Phenomenon,Sofa,Analysis,Fish,Quizsentials,,False,16 Jan 2026,Bonus Round - 10 Multi Tap Questions.sqt,1,16 Jan 2026
Tap only the real names of American whiskey brands.,multi_tap,"B,C,D",Fox Hollow,Jack Daniel's,Jim Beam,Knob Creek,Gobbler's Swamp,Redstone Ridge,Quizsentials,,False,16 Jan 2026,Bonus Round - 10 Multi Tap Questions.sqt,2,7 Mar 2025
Tap only the places who have an NFL team named after birds.,multi_tap,"A,C,D,E",Atlanta,Cincinnati,Philadelphia,Baltimore,Seattle,Indianapolis,Quizsentials,,False,16 Jan 2026,Bonus Round - 10 Multi Tap Questions.sqt,1,16 Jan 2026
Tap only the TV shows that are predominantly about witches.,multi_tap,"A,B,D,F",Bewitched,Sabrina the Teenage Witch,True Blood,Charmed,What We Do in the Shadows,The Good Witch,Quizsentials,,False,16 Jan 2026,Bonus Round - 10 Multi Tap Questions.sqt,1,16 Jan 2026
Tap only the names of characters that Sylvester Stallone has played in three or more movies.,multi_tap,"A,B,F",John Rambo,Rocky Balboa,Judge Dredd,Ray Tango,King Shark,Barney Ross,Quizsentials,,False,16 Jan 2026,Bonus Round - 10 Multi Tap Questions.sqt,1,16 Jan 2026
Tap only the names of women who were married to John Lennon.,multi_tap,"C,D",Pattie,Linda,Yoko,Cynthia,Barbara,Heather,Quizsentials,,False,16 Jan 2026,Bonus Round - 10 Multi Tap Questions.sqt,1,16 Jan 2026
"Of these 2020s albums, tap only the ones that were released by artists born in the UK.",multi_tap,"A,F",Future Nostalgia,Cowboy Carter,The Tortured Poets Department,Sour,The Rise and Fall of a Midwestern Princess,Brat,Quizsentials,,False,21 Dec 2025,Bonus Round - 10 Multi Tap Questions.sqt,1,21 Dec 2025
"Tap only the mountains that have a higher elevation than Denali (aka Mount McKinley), the United States' highest mountain.",multi_tap,"A,C",Everest,Kilimanjaro,K2,Matterhorn,Mount Fuji,Ben Nevis,Quizsentials,,False,21 Dec 2025,Bonus Round - 10 Multi Tap Questions.sqt,1,21 Dec 2025
"Of the movie robots listed here, tap only the ones that are in 'Star Wars'.",multi_tap,"B,E",T-800,C-3PO,Gort,Johnny 5,BB-8,WALL-E,Quizsentials,,False,21 Dec 2025,Bonus Round - 10 Multi Tap Questions.sqt,1,21 Dec 2025
Tap only the words that are represented in the acronym 'LASER'.,multi_tap,"A,C,E",Amplification,And,Emission,Low,Radiation,Simulation,Quizsentials,,False,21 Dec 2025,Bonus Round - 10 Multi Tap Questions.sqt,2,25 Mar 2025
Tap only the sprinters from the USA.,multi_tap,"A,B,E,F",Noah Lyles,Carl Lewis,Usain Bolt,Linford Christie,Michael Johnson,Jesse Owens,Quizsentials,,False,21 Dec 2025,Bonus Round - 10 Multi Tap Questions.sqt,1,21 Dec 2025
Tap only the former footballers who played for BOTH Manchester United and Manchester City.,multi_tap,"A,C,E,F",Denis Law,Bryan Robson,Peter Schmeichel,Georgi Kinkladze,Carlos Tevez,Andy Cole,Quizsentials,,False,21 Dec 2025,Bonus Round - 10 Multi Tap Questions.sqt,2,17 Apr 2025
Tap only the Slavic languages.,multi_tap,"A,B,D,E",Russian,Polish,Italian,Czech,Serbo-Croatian,Greek,Quizsentials,,False,21 Dec 2025,Bonus Round - 10 Multi Tap Questions.sqt,1,21 Dec 2025
Tap only the ingredients of a traditional Long Island Iced Tea.,multi_tap,"A,B,D,E,F",Rum,Vodka,Whiskey,Tequila,Triple sec,Gin,Quizsentials,,False,21 Dec 2025,Bonus Round - 10 Multi Tap Questions.sqt,2,4 Mar 2025
Tap only the countries that were allies of Germany in the First World War.,multi_tap,C,United Kingdom,France,Austria-Hungary,Russia,Spain,United States,Quizsentials,,False,21 Dec 2025,Bonus Round - 10 Multi Tap Questions.sqt,2,20 Feb 2025
Tap only the characters who appeared in TV's 'The A-Team'.,multi_tap,"A,B,C,D,E,F",B.A.,Hannibal,Faceman,Colonel Decker,Colonel Lynch,Murdock,Quizsentials,,False,21 Dec 2025,Bonus Round - 10 Multi Tap Questions.sqt,2,8 Apr 2025
"Of these famous landmarks, tap only the ones located in capital cities.",multi_tap,"A,F",Brandenburg Gate,Statue of Liberty,Golden Gate Bridge,Sydney Opera House,Sagrada Familia,St Paul's Cathedral,Quizsentials,,False,25 Mar 2026,Bonus Round - 10 Multi Tap Questions.sqt,2,31 Oct 2025
Tap only the TV shows predominantly set in New York.,multi_tap,"C,D,F",The Big Bang Theory,Two and a Half Men,Friends,Seinfeld,Modern Family,How I Met Your Mother,Quizsentials,,False,25 Mar 2026,Bonus Round - 10 Multi Tap Questions.sqt,2,1 May 2025
"Of these pop stars, tap only the ones born in Spain.",multi_tap,"B,D",Bad Bunny,Rosalia,Jennifer Lopez,Enrique Iglesias,Luis Fonsi,Karol G,Quizsentials,,False,25 Mar 2026,Bonus Round - 10 Multi Tap Questions.sqt,1,25 Mar 2026
"Of these US presidents, tap only the ones who have been in the news for being shot in a failed assassination attempt.",multi_tap,"A,F",Donald Trump,Joe Biden,Barack Obama,George W. Bush,Bill Clinton,Ronald Reagan,Quizsentials,,False,25 Mar 2026,Bonus Round - 10 Multi Tap Questions.sqt,1,25 Mar 2026
"Of the 'Austin Powers' characters listed here, tap only the ones played by Mike Myers.",multi_tap,"A,B,E,F",Austin Powers,Dr Evil,Number 2,Mini Me,Fat Bastard,Goldmember,Quizsentials,,False,25 Mar 2026,Bonus Round - 10 Multi Tap Questions.sqt,1,25 Mar 2026
"Of these Spanish football clubs, tap only those that have won the European Cup or Champions League?",multi_tap,"A,C",Real Madrid,Valencia,Barcelona,Villareal,Atletico Madrid,Sevilla,Quizsentials,,False,25 Mar 2026,Bonus Round - 10 Multi Tap Questions.sqt,2,13 Jun 2025
Tap only the video games in which the playable character uses a gun.,multi_tap,"E,F",Minecraft,God of War Ragnarok,Animal Crossing: New Horizons,Pokémon Legends: Arceus,Sniper Elite: Resistance,"Warhammer 40,000: Space Marine 2",Quizsentials,,False,25 Mar 2026,Bonus Round - 10 Multi Tap Questions.sqt,1,25 Mar 2026
"Of the horror movies listed here, tap only the ones that feature ghosts/paranormal activity.",multi_tap,"B,E,F",Halloween,The Woman in Black,Scream,The Substance,The Others,Poltergeist,Quizsentials,,False,25 Mar 2026,Bonus Round - 10 Multi Tap Questions.sqt,1,25 Mar 2026
"Of these Oasis songs, tap only the ones that feature on their debut album 'Definitely Maybe'.",multi_tap,"A,C,D,F",Live Forever,Wonderwall,Slide Away,Cigarettes & Alcohol,Some Might Say,Supersonic,Quizsentials,,False,25 Mar 2026,Bonus Round - 10 Multi Tap Questions.sqt,1,25 Mar 2026
Tap only the cities in California.,multi_tap,"A,B,C,D,E,F",San Diego,San Francisco,Anaheim,Los Angeles,Oakland,Fresno,Quizsentials,,False,24 Mar 2026,Bonus Round - 10 Multi Tap Questions.sqt,1,24 Mar 2026
Tap only the female musicians.,multi_tap,"B,C,E",Alice Cooper,Jordin Sparks,Stevie Nicks,Lindsey Buckingham,Billie Eilish,Marilyn Manson,Quizsentials,,False,24 Mar 2026,Bonus Round - 10 Multi Tap Questions.sqt,1,24 Mar 2026
Tap only the continents that have hosted at least one men's FIFA World Cup tournament.,multi_tap,"A,B,C,D,F",North America,Europe,Asia,Africa,Australia/Oceania,South America,Quizsentials,,False,24 Mar 2026,Bonus Round - 10 Multi Tap Questions.sqt,2,17 Jun 2025
Tap only the actors/actresses from the TV series 'The Big Bang Theory'.,multi_tap,"A,D,E,F",Kaley Cuoco,John Krasinski,Rainn Wilson,Mayim Bialik,Simon Helberg,Jim Parsons,Quizsentials,,False,24 Mar 2026,Bonus Round - 10 Multi Tap Questions.sqt,2,8 May 2025
Tap only the words that are an anagram of at least one other word on the list,multi_tap,"A,C,D,F",Mined,Trousers,Smitten,Denim,Routers,Mittens,Quizsentials,,False,24 Mar 2026,Bonus Round - 10 Multi Tap Questions.sqt,1,24 Mar 2026
"Of Donald Trump's family members listed here, tap only the ones born in the USA.",multi_tap,"A,E,F",Fred Trump (father),Mary Trump (mother),Melania Trump (wife),Ivana Trump (ex-wife),Ivanka Trump (daughter),Barron Trump (son),Quizsentials,,False,24 Mar 2026,Bonus Round - 10 Multi Tap Questions.sqt,1,24 Mar 2026
Tap only the subspecies of tiger.,multi_tap,"A,B,E",Bengal,Sumatran,Congo,Transvaal,Amur,Barbary,Quizsentials,,False,24 Mar 2026,Bonus Round - 10 Multi Tap Questions.sqt,2,11 May 2025
"Of the 'Harry Potter' characters listed here, tap only the ones that are in the same school year at Hogwarts as Harry.",multi_tap,"B,D,E,F",Ginny Weasley,Draco Malfoy,Cedric Diggory,Neville Longbottom,Vincent Crabbe,Hermione Granger,Quizsentials,,False,24 Mar 2026,Bonus Round - 10 Multi Tap Questions.sqt,1,24 Mar 2026
"Of the Olympians listed here, tap only the ones known for swimming.",multi_tap,"B,C,E",Shawn Johnson,Katie Ledecky,Michael Phelps,Simone Biles,Ian Thorpe,Nikolai Andrianov,Quizsentials,,False,24 Mar 2026,Bonus Round - 10 Multi Tap Questions.sqt,1,24 Mar 2026
"Of these beauty brands, tap only the ones founded in the UK.",multi_tap,"C,F",Fenty Beauty,Kylie Cosmetics,No7,Anastasia Beverly Hills,L'Occitane,Rimmel London,Quizsentials,,False,24 Mar 2026,Bonus Round - 10 Multi Tap Questions.sqt,1,24 Mar 2026
"Of the countries listed here, tap only the ones that use their own currency as opposed to the euro.",multi_tap,"B,E,F",France,Turkey,Ireland,Spain,Switzerland,Sweden,Quizsentials,,False,7 Feb 2025,Bonus Round - 10 Multi Tap Questions.sqt,2,1 May 2026
Tap only the TV shows that are set in the UK.,multi_tap,"A,D",Bridgerton,Euphoria,Squid Game,Sex Education,Stranger Things,Game of Thrones,Quizsentials,,False,7 Feb 2025,Bonus Round - 10 Multi Tap Questions.sqt,1,7 Feb 2025
Tap only the athletics disciplines in which participants typically end up landing in a sand pit.,multi_tap,"B,C",High jump,Triple jump,Long jump,Pole vault,Shot put,3000m steeplechase,Quizsentials,,False,7 Feb 2025,Bonus Round - 10 Multi Tap Questions.sqt,2,5 Oct 2025
"Of the instruments listed here, tap only the ones that can be plucked.",multi_tap,"B,C,D,F",Celesta,Guitar,Harp,Sitar,Timpani,Zither,Quizsentials,,False,7 Feb 2025,Bonus Round - 10 Multi Tap Questions.sqt,1,7 Feb 2025
"Of these foreign words, tap only those that translate to 'red' in English.",multi_tap,"A,C,E,F",Rouge,Robbe,Rosso,Rocko,Rot,Roja,Quizsentials,,False,7 Feb 2025,Bonus Round - 10 Multi Tap Questions.sqt,2,5 Mar 2026
Tap only the movies directed by John Carpenter.,multi_tap,"A,B,F",The Thing,The Fog,The Fly,The Blob,Carrie,Christine,Quizsentials,,False,7 Feb 2025,Bonus Round - 10 Multi Tap Questions.sqt,1,7 Feb 2025
Tap only the German companies.,multi_tap,"A,C,D,E",Lidl,Lego,Aldi,Audi,Haribo,Nestlé,Quizsentials,,False,7 Feb 2025,Bonus Round - 10 Multi Tap Questions.sqt,2,25 Nov 2025
Tap only the footballers who have an overall player rating of 90 or above on 'EA Sports FC 25'.,multi_tap,"A,B,F",Kylian Mbappe,Harry Kane,Lionel Messi,Beth Mead,Neymar,Jude Bellingham,Quizsentials,,False,7 Feb 2025,Bonus Round - 10 Multi Tap Questions.sqt,1,7 Feb 2025
Tap only the countries that use their own independent currency rather than the euro.,multi_tap,"A,C",Switzerland,Germany,Sweden,Austria,Spain,Portugal,Quizsentials,,False,6 Feb 2025,Bonus Round - 10 Multi Tap Questions.sqt,2,26 Apr 2026
Tap only the films that starred Arnold Schwarzenegger.,multi_tap,"A,B,E",Terminator,Terminator 2,RoboCop,RoboCop 2,Predator,Predator 2,Quizsentials,,False,6 Feb 2025,Bonus Round - 10 Multi Tap Questions.sqt,1,6 Feb 2025
Tap only the American golfers.,multi_tap,"B,C,F",Jon Rahm,Jordan Speith,Tiger Woods,Rory McIlroy,Vijay Singh,Bubba Watson,Quizsentials,,False,6 Feb 2025,Bonus Round - 10 Multi Tap Questions.sqt,3,2 Oct 2025
"Of the elements listed here, tap only the ones that are solid at room temperature.",multi_tap,"B,C,E,F",Radon,Gold,Uranium,Hydrogen,Copper,Zinc,Quizsentials,,False,6 Feb 2025,Bonus Round - 10 Multi Tap Questions.sqt,2,2 Nov 2025
Tap only the letters that are also Roman numerals.,multi_tap,"A,F",X,B,P,H,O,C,Quizsentials,,False,6 Feb 2025,Bonus Round - 10 Multi Tap Questions.sqt,2,28 Oct 2025
"Of the authors listed here, tap only the ones that use their real names rather than pseudonyms.",multi_tap,"A,D,E",Stephen King,George Orwell,George Eliot,George R.R. Martin,J.R.R. Tolkien,Lewis Carroll,Quizsentials,,False,6 Feb 2025,Bonus Round - 10 Multi Tap Questions.sqt,1,6 Feb 2025
"Of the singers listed here, tap only the ones that first found fame in pop groups.",multi_tap,"A,C,D,F",Justin Timberlake,Madonna,Beyoncé,Harry Styles,Billie Eilish,Sting,Quizsentials,,False,6 Feb 2025,Bonus Round - 10 Multi Tap Questions.sqt,1,6 Feb 2025
Tap only the fashion brands that have animals on their logos.,multi_tap,"B,E",Mulberry,Lacoste,Dior,Versace,Hermes,Prada,Quizsentials,,False,6 Feb 2025,Bonus Round - 10 Multi Tap Questions.sqt,2,21 Nov 2025
Tap only the places whose NBA franchises are named after animals.,multi_tap,"C,D",Washington,Houston,Chicago,Atlanta,Miami,Utah,Quizsentials,,False,6 Feb 2025,Bonus Round - 10 Multi Tap Questions.sqt,3,11 Aug 2026
Tap only the names of Roman emperors.,multi_tap,"B,E",Attila,Nero,Genghis,Solomon,Caligula,Ramses,Quizsentials,,False,6 Feb 2025,Bonus Round - 10 Multi Tap Questions.sqt,2,30 Nov 2025
"Of the European countries listed here, tap only the monarchies.",multi_tap,"B,D,E,F",France,Belgium,Germany,Denmark,Netherlands,Spain,Quizsentials,,False,19 Aug 2026,Bonus Round - 10 Multi Tap Questions.sqt,2,10 Jun 2025
Tap only the colours that appear in Isaac Newton's seven-colour sequence of a rainbow.,multi_tap,"A,B,C,F",Red,Blue,Yellow,Pink,Black,Indigo,Quizsentials,,False,19 Aug 2026,Bonus Round - 10 Multi Tap Questions.sqt,1,19 Aug 2026
Tap only the novels written by Jules Verne.,multi_tap,"A,B,C",Journey to the Centre of the Earth,Around the World in Eighty Days,Twenty Thousand Leagues Under the Sea,Robinson Crusoe,Moby-Dick,The Three Musketeers,Quizsentials,,False,19 Aug 2026,Bonus Round - 10 Multi Tap Questions.sqt,2,10 Jul 2025
Tap only the animals that are capable of climbing trees.,multi_tap,"A,D,E,F",Black bear,Hippopotamus,Corgi,Koala,Jaguar,Gibbon,Quizsentials,,False,19 Aug 2026,Bonus Round - 10 Multi Tap Questions.sqt,1,19 Aug 2026
Tap only the names of enemy factions in the 'Halo' video games.,multi_tap,"C,D",The Typhon,The Reapers,The Flood,The Covenant,Space Pirates,Chimera,Quizsentials,,False,19 Aug 2026,Bonus Round - 10 Multi Tap Questions.sqt,1,19 Aug 2026
Tap only the TV characters who have a moustache.,multi_tap,"B,E",Sheldon from The Big Bang Theory,Ned Flanders from The Simpsons,Jerry Seinfeld from Seinfeld,Captain Jean-Luc Picard from Star Trek,Ron Swanson from Parks and Recreation,Don Draper from Mad Men,Quizsentials,,False,19 Aug 2026,Bonus Round - 10 Multi Tap Questions.sqt,1,19 Aug 2026
"Tap only the cocktails that are traditionally stirred, rather than shaken.",multi_tap,"A,D",Negroni,Margarita,Pornstar Martini,Old Fashioned,Espresso Martini,Daiquiri,Quizsentials,,False,19 Aug 2026,Bonus Round - 10 Multi Tap Questions.sqt,1,19 Aug 2026
Tap only the films that are biographies about real people.,multi_tap,"C,E,F",Forrest Gump,Fargo,The Aviator,The Blair Witch Project,Erin Brockovich,Oppenheimer,Quizsentials,,False,19 Aug 2026,Bonus Round - 10 Multi Tap Questions.sqt,1,19 Aug 2026
"Of these albums, tap only the ones by Katy Perry.",multi_tap,"B,E",Born this Way,One of the Boys,The Fame,Chromatica,Teenage Dreams,Artpop,Quizsentials,,False,19 Aug 2026,Bonus Round - 10 Multi Tap Questions.sqt,1,19 Aug 2026
Tap only the song titles in which the missing word is 'Girls'.,multi_tap,"B,C,D,E","The __ are Back in Town, by Thin Lizzy","__ Just Want to Have Fun, by Cyndi Lauper","__ Like You, by Maroon 5","Run the World (__), by Beyoncé","Beautiful __, by Sean Kingston","__ Don't Cry, by The Cure",Quizsentials,,False,19 Aug 2026,Bonus Round - 10 Multi Tap Questions.sqt,1,19 Aug 2026
"Of the animals listed here, tap only the ones that share their name with a Marvel comic character.",multi_tap,"B,D,E,F",Penguin,Wolverine,Robin,Rhino,Black Panther,Toad,Quizsentials,,False,18 Aug 2026,Bonus Round - 10 Multi Tap Questions.sqt,1,18 Aug 2026
Tap only the TV shows based on real-life events.,multi_tap,"B,E",The Legend of Vox Machina,Apple Cider Vinegar,His Dark Materials,Once Upon a Time,Inventing Anna,Percy Jackson and the Olympians,Quizsentials,,False,18 Aug 2026,Bonus Round - 10 Multi Tap Questions.sqt,1,18 Aug 2026
"Of the Nintendo characters listed here, tap only the ones with a moustache.",multi_tap,"A,B,F",Mario,Luigi,Professor Oak,Kirby,Baby Mario,Wario,Quizsentials,,False,18 Aug 2026,Bonus Round - 10 Multi Tap Questions.sqt,1,18 Aug 2026
Tap only the foods mentioned in the King James Version of the Bible.,multi_tap,"A,B,C,F",Bread,Butter,Cheese,Steak,Pasta,Cake,Quizsentials,,False,18 Aug 2026,Bonus Round - 10 Multi Tap Questions.sqt,1,18 Aug 2026
Tap only the song titles in which the missing word is 'You'.,multi_tap,"A,B,C","We Will Rock __, by Queen","Never Gonna Give __ Up, by Rick Astley","Wish __ Were Here, by Pink Floyd","__ Will Survive, by Gloria Gaynor","__ Feel It Coming, by The Weeknd","__ Kissed a Girl, by Katy Perry",Quizsentials,,False,18 Aug 2026,Bonus Round - 10 Multi Tap Questions.sqt,1,18 Aug 2026
Tap only the football teams that Steven Gerrard has managed.,multi_tap,"A,C,E",Rangers,Leeds United,Aston Villa,Villareal,Al-Ettifaq,Birmingham City,Quizsentials,,False,18 Aug 2026,Bonus Round - 10 Multi Tap Questions.sqt,2,10 Sep 2025
Tap only the animals that don't have limbs.,multi_tap,"A,C,F",Slow worm,Axolotl,Lamprey,Kiwi,Cuttlefish,Seahorse,Quizsentials,,False,18 Aug 2026,Bonus Round - 10 Multi Tap Questions.sqt,1,18 Aug 2026
"Of the countries listed here, tap only the ones that have more than one capital city.",multi_tap,"C,E",China,Thailand,Sri Lanka,USA,South Africa,Croatia,Quizsentials,,False,18 Aug 2026,Bonus Round - 10 Multi Tap Questions.sqt,2,12 Jun 2025
"According to the International Bartenders Association, tap only the ingredients found in a Singapore Sling cocktail.",multi_tap,"A,B,D,E,F",Sangue Morlacco (cherry liqueur),Gin,Vodka,Pineapple juice,Lime juice,Cointreau,Quizsentials,,False,18 Aug 2026,Bonus Round - 10 Multi Tap Questions.sqt,2,4 Jul 2025
"Of the card games listed here, tap only the variations of poker.",multi_tap,"A,D",Texas hold'em,Blackjack,Gin rummy,Five-card draw,Go fish,Bridge,Quizsentials,,False,18 Aug 2026,Bonus Round - 10 Multi Tap Questions.sqt,1,18 Aug 2026
Tap only the football legends who are playable 'Icons' on EA Sports FC 26.,multi_tap,"A,B,C,E,F",Frank Lampard,Zinedine Zidane,Thierry Henry,Zlatan Ibrahimovic,Andres Iniesta,Pelé,Quizsentials,,False,24 Jul 2026,Bonus Round - 10 Multi Tap Questions.sqt,1,24 Jul 2026
"Of these golf courses, tap only the ones in the USA.",multi_tap,"B,C,D,E,F",St Andrews Links,Augusta National Golf Club,Pebble Beach Golf Links,Pine Valley Golf Club,Oakmont Country Club,Pinehurst No. 2,Quizsentials,,False,24 Jul 2026,Bonus Round - 10 Multi Tap Questions.sqt,1,24 Jul 2026
Tap only the countries that are mentioned by name in the Bible.,multi_tap,"A,D,F",Egypt,France,Sudan,Israel,England,Greece,Quizsentials,,False,24 Jul 2026,Bonus Round - 10 Multi Tap Questions.sqt,1,24 Jul 2026
Tap only the titles of Adam Sandler movies.,multi_tap,"A,B,C,D,E,F",The Waterboy,Happy Gilmore,The Longest Yard,50 First Dates,You Don't Mess with the Zohan,Uncut Gems,Quizsentials,,False,24 Jul 2026,Bonus Round - 10 Multi Tap Questions.sqt,1,24 Jul 2026
"Of the US cities listed here, tap only the ones with a population greater than 2 million.",multi_tap,"A,C,D",Chicago,Dallas,Los Angeles,New York,Philadelphia,San Francisco,Quizsentials,,False,24 Jul 2026,Bonus Round - 10 Multi Tap Questions.sqt,2,11 May 2025
"Of the animal names listed here, tap only the ones that specifically refer to the male of the species.",multi_tap,"A,C,D",Buck,Mare,Cock,Bull,Nanny,Sow,Quizsentials,,False,24 Jul 2026,Bonus Round - 10 Multi Tap Questions.sqt,1,24 Jul 2026
Tap only the song titles in which the missing word is 'Love'.,multi_tap,"A,C,D,E,F","All You Need is __, by The Beatles","__ To Say I Told You So, by The Hives","Crazy Little Thing Called __, by Queen","I Will Always __ You, by Whitney Houston","How Deep is Your __, by Bee Gees","__ On Top, by Beyoncé",Quizsentials,,False,24 Jul 2026,Bonus Round - 10 Multi Tap Questions.sqt,1,24 Jul 2026
Tap only the creators who are most associated with their content on the now-defunct app Vine.,multi_tap,"B,C,F",MrBeast,King Bach,Nash Grier,PewDiePie,Khaby Lame,LeLe Pons,Quizsentials,,False,24 Jul 2026,Bonus Round - 10 Multi Tap Questions.sqt,1,24 Jul 2026
"Of these TV pubs, tap only the ones that feature in comedy programmes.",multi_tap,"A,B,C,D,E",Paddy's Pub,Cheers,The Crown & Anchor,MacLaren's Pub,The Drunken Clam,The Hideout,Quizsentials,,False,24 Jul 2026,Bonus Round - 10 Multi Tap Questions.sqt,1,24 Jul 2026
Tap only the things that Moses did according to the Old Testament.,multi_tap,"A,C",Spoke to a burning bush,Filled an ark with animals,Parted the Red Sea,Got thrown into a lions' den,Wore a coat of many colours,Baptised Jesus,Quizsentials,,False,24 Jul 2026,Bonus Round - 10 Multi Tap Questions.sqt,1,24 Jul 2026
"Of these characters from the Netflix series 'The Crown', tap only the ones who appear in all six seasons.",multi_tap,"A,E",Queen Elizabeth II,Prince Charles,Princess Diana,Winston Churchill,Prince Philip,Margaret Thatcher,Quizsentials,,False,14 Jun 2026,Bonus Round - 10 Multi Tap Questions.sqt,1,14 Jun 2026
Tap only the events that happened in 2024.,multi_tap,"A,B,D",Sabrina Carpenter released the song 'Espresso',The video game 'Marvel Rivals' was released,'Everything Everywhere All At Once' won 7 Oscars,Kendrick Lamar and Drake released a series of diss tracks about each other,India overtook China as the most populated country in the world,The coronation of King Charles III took place,Quizsentials,,False,14 Jun 2026,Bonus Round - 10 Multi Tap Questions.sqt,2,13 May 2025
Tap only the films that are primarily based in space.,multi_tap,"A,C,D,F",2001: A Space Odyssey,Jaws,Interstellar,Gravity,Jurassic Park,Alien,Quizsentials,,False,14 Jun 2026,Bonus Round - 10 Multi Tap Questions.sqt,1,14 Jun 2026
"Of the people listed here, tap only the ones that have airports named after them.",multi_tap,"A,B,C,D,E",Charles de Gaulle,George Best,Hans Christian Andersen,John Lennon,Louis Armstrong,Neil Armstrong,Quizsentials,,False,14 Jun 2026,Bonus Round - 10 Multi Tap Questions.sqt,2,3 Apr 2025
Tap only the football clubs that have won the Premier League title.,multi_tap,"A,B",Leicester City,Manchester City,Bristol City,Norwich City,Stoke City,Birmingham City,Quizsentials,,False,14 Jun 2026,Bonus Round - 10 Multi Tap Questions.sqt,3,2 Feb 2025
Tap only the Italian wines.,multi_tap,"B,D",Chablis,Montepulciano d'Abruzzo,Beaujolais,Amarone,Chateauneuf-du-Pape,Cava,Quizsentials,,False,14 Jun 2026,Bonus Round - 10 Multi Tap Questions.sqt,2,12 Jun 2025
Tap only the real bird names.,multi_tap,"A,B,C,D,E,F",Andean cock-of-the-rock,Blue-footed booby,King of Saxony bird-of-paradise,Tropical boubou,Flying steamer duck,Antarctic shag,Quizsentials,,False,14 Jun 2026,Bonus Round - 10 Multi Tap Questions.sqt,2,18 Jul 2025
Tap only the albums released by the band Poison.,multi_tap,"A,E",Look What the Cat Dragged In,"Girls, Girls, Girls",Appetite For Destruction,Master of Puppets,Flesh & Blood,The Number of the Beast,Quizsentials,,False,14 Jun 2026,Bonus Round - 10 Multi Tap Questions.sqt,2,3 Apr 2025
Tap only the countries that are hosting games at this year's FIFA World Cup.,multi_tap,"A,C,F",Canada,Brazil,Mexico,El Salvador,New Zealand,USA,Quizsentials,,False,14 Jun 2026,Bonus Round - 10 Multi Tap Questions.sqt,1,14 Jun 2026
"In astrology, tap only the three fire signs.",multi_tap,"D,E,F",Aquarius,Pisces,Libra,Leo,Aries,Sagittarius,Quizsentials,,False,14 Jun 2026,Bonus Round - 10 Multi Tap Questions.sqt,1,14 Jun 2026
Tap only the words or phrases that also mean or are definitions of the word 'tap'.,multi_tap,"A,B,C,E",Faucet,To strike lightly,A style of dance using the toes and heels to make a rhythmic sound,Old-fashioned telephone,To get money from someone as a loan or gift,To eat beef,Quizsentials,,False,28 May 2026,Bonus Round - 10 Multi Tap Questions.sqt,2,24 Apr 2025
"Of these characters from the sitcom 'New Girl', tap only the ones who were housemates for at least two seasons of the show.",multi_tap,"A,B,C,D,E",Jess Day,Nick Miller,Schmidt,Winston Bishop,Coach,Cece Parekh,Quizsentials,,False,28 May 2026,Bonus Round - 10 Multi Tap Questions.sqt,1,28 May 2026
Tap only the heavy metal bands that are American.,multi_tap,"C,D,F",Black Sabbath,Motörhead,Slipknot,Tool,Iron Maiden,Metallica,Quizsentials,,False,28 May 2026,Bonus Round - 10 Multi Tap Questions.sqt,3,18 Mar 2025
"With regard to the original recipe from Genoa, tap only the ingredients found in a traditional pesto sauce.",multi_tap,"A,B,C,D,E",Parmesan,Basil,Pine nuts,Garlic,Olive oil,Green pepper,Quizsentials,,False,28 May 2026,Bonus Round - 10 Multi Tap Questions.sqt,1,28 May 2026
Tap only the places that are part of the United Kingdom.,multi_tap,"A,B,E,F",England,Wales,Isle of Man,Republic of Ireland,Scotland,Isle of Skye,Quizsentials,,False,28 May 2026,Bonus Round - 10 Multi Tap Questions.sqt,2,18 Mar 2025
Tap only the movies that star Anya Taylor-Joy.,multi_tap,"C,F",Blade Runner 2049,Knives Out,The Menu,From the World of John Wick: Ballerina,No Time To Die,Furiosa: A Mad Max Saga,Quizsentials,,False,28 May 2026,Bonus Round - 10 Multi Tap Questions.sqt,1,28 May 2026
Tap only the letters that are directly above the space bar on a standard QWERTY keyboard,multi_tap,"D,E,F",G,K,Y,M,B,C,Quizsentials,,False,28 May 2026,Bonus Round - 10 Multi Tap Questions.sqt,1,28 May 2026
"Of the chemical symbols listed here, tap only the ones whose element is exactly four letters long.",multi_tap,"A,B,C,D",Fe,Pb,Zn,Au,Na,Ti,Quizsentials,,False,28 May 2026,Bonus Round - 10 Multi Tap Questions.sqt,2,7 Jul 2025
"Of the Pixar movies listed here, tap only the ones released in the 2010s.",multi_tap,"B,C,E,F",Toy Story 2,Toy Story 3,Toy Story 4,Cars,Cars 2,Cars 3,Quizsentials,,False,28 May 2026,Bonus Round - 10 Multi Tap Questions.sqt,1,28 May 2026
Tap only the frequencies on the electromagnetic spectrum that have a longer wavelength than microwaves.,multi_tap,B,Visible light,Radio waves,Infrared,Ultraviolet,Gamma rays,X-rays,Quizsentials,,False,29 May 2026,Bonus Round - 10 Multi Tap Questions.sqt,2,8 Jul 2025
Tap only the original Trivial Pursuit categories.,multi_tap,B,Film & TV,Geography,Words & Languages,Board Games & Video Games,Animals,Music,Quizsentials,,False,29 May 2026,Bonus Round - 10 Multi Tap Questions.sqt,3,19 Feb 2026
Tap only the sports in which you predominantly go downhill.,multi_tap,"A,C,D,E,F",Luge,Speed skating,Canoe slalom,Skeleton,Snowboarding,Ski jumping,Quizsentials,,False,29 May 2026,Bonus Round - 10 Multi Tap Questions.sqt,2,8 Aug 2025
Tap only the Jim Carrey movies.,multi_tap,"B,C,E",Evan Almighty,Ace Venturer: Pet Detective,Dumb and Dumber,"Dude, Where's My Car?",Eternal Sunshine of the Spotless Mind,Norbit,Quizsentials,,False,29 May 2026,Bonus Round - 10 Multi Tap Questions.sqt,1,29 May 2026
"Of the foreign language words written here, tap only the ones that mean the number 2.",multi_tap,"C,D,F",Drei,Trzy,Deux,Twee,Dieci,Dos,Quizsentials,,False,29 May 2026,Bonus Round - 10 Multi Tap Questions.sqt,2,25 Apr 2025
"Of these countries, tap only the ones that are members of the European Union.",multi_tap,"A,D,E,F",France,Russia,Northern Ireland,Ireland,Germany,Spain,Quizsentials,,False,29 May 2026,Bonus Round - 10 Multi Tap Questions.sqt,2,16 Mar 2025
"Of the books of the Bible listed here, tap only the ones that are from the Old Testament.",multi_tap,"A,C,D",Genesis,Colossians,Leviticus,Exodus,Acts of the Apostles,Revelation,Quizsentials,,False,29 May 2026,Bonus Round - 10 Multi Tap Questions.sqt,2,13 Jun 2025
Tap only the real names of official MrBeast YouTube channels.,multi_tap,"A,B,C,D,E",Beast Philanthropy,MrBeast Gaming,Beast Reacts,MrBeast 2,Beast Animations,Beast Sports,Quizsentials,,False,29 May 2026,Bonus Round - 10 Multi Tap Questions.sqt,1,29 May 2026
Tap only the countries that Taylor Swift visited on her Eras Tour.,multi_tap,"A,B,C,D",Canada,United States,England,Italy,China,Russia,Quizsentials,,False,29 May 2026,Bonus Round - 10 Multi Tap Questions.sqt,2,14 Mar 2025
"Of the animated TV shows listed here, tap only the ones that originated in Japan.",multi_tap,"A,C,F",Chainsaw Man,Avatar: The Last Airbender,Jujutsu Kaisen,Arcane,Star Wars: The Clone Wars,Dragonball Z,Quizsentials,,False,29 May 2026,Bonus Round - 10 Multi Tap Questions.sqt,1,29 May 2026
"Of the mythological creatures listed here, tap only the ones that live in the sea.",multi_tap,"B,C,D",Minotaur,Mermaid,Kraken,Loch Ness Monster,Leprechaun,Banshee,Quizsentials,,False,2 Jul 2026,Bonus Round - 10 Multi Tap Questions.sqt,1,2 Jul 2026
"Of these legendary cricketers, tap only those who played for India.",multi_tap,"A,B,E,F",Sunil Gavaskar,MS Dhoni,Imran Khan,Muttiah Muralitharan,Sachin Tendulkar,Virat Kohli,Quizsentials,,False,2 Jul 2026,Bonus Round - 10 Multi Tap Questions.sqt,1,2 Jul 2026
"Of these major US cities, tap only the ones that are on the east coast.",multi_tap,"A,B,E,F",Jacksonville,Boston,Atlanta,Columbus,New York,Miami,Quizsentials,,False,2 Jul 2026,Bonus Round - 10 Multi Tap Questions.sqt,2,16 Apr 2025
"Of the animated TV shows listed here, tap only the ones that have had more than 10 seasons.",multi_tap,"A,D,E,F",The Simpsons,BoJack Horseman,Velma,American Dad,South Park,Family Guy,Quizsentials,,False,2 Jul 2026,Bonus Round - 10 Multi Tap Questions.sqt,1,2 Jul 2026
Tap only the films directed by women.,multi_tap,"A,C,E",Barbie,Inception,Saltburn,Oppenheimer,Fifty Shades of Grey,Tenet,Quizsentials,,False,2 Jul 2026,Bonus Round - 10 Multi Tap Questions.sqt,1,2 Jul 2026
"Of the countries listed here, tap only the ones that the Tour de France has begun in.",multi_tap,"A,C",UK,USA,France,Russia,Tunisia,Poland,Quizsentials,,False,2 Jul 2026,Bonus Round - 10 Multi Tap Questions.sqt,1,2 Jul 2026
"Of the handbags listed here, tap only the ones produced by Chanel.",multi_tap,"B,C,D,E",Diana,Oh My Boy,Boy,Gabrielle,2.55,Shopping Bag,Quizsentials,,False,2 Jul 2026,Bonus Round - 10 Multi Tap Questions.sqt,1,2 Jul 2026
Tap only the American bands.,multi_tap,"A,D,F",Linkin Park,The 1975,The Hollies,Panic! At the Disco,AC/DC,NSYNC,Quizsentials,,False,2 Jul 2026,Bonus Round - 10 Multi Tap Questions.sqt,3,25 Jun 2026
Tap only the dog breeds that historically were bred for hunting.,multi_tap,"A,D,F",Labrador retriever,Border Collie,Chihuahua,Cocker spaniel,St Bernard,Dachshund,Quizsentials,,False,2 Jul 2026,Bonus Round - 10 Multi Tap Questions.sqt,2,27 Jul 2025
Biology question: Tap the three types of muscle tissue found in the human body.,multi_tap,"A,B,C",Cardiac,Smooth,Skeletal,Brainiac,Open,Longitudinal,Quizsentials,,False,2 Jul 2026,Bonus Round - 10 Multi Tap Questions.sqt,1,2 Jul 2026
Tap only the French writers.,multi_tap,"A,B,C,D,E",Jules Verne,Albert Camus,Jean-Paul Sartre,Victor Hugo,Alexandre Dumas,Franz Kafka,Quizsentials,,False,3 Jul 2026,Bonus Round - 10 Multi Tap Questions.sqt,2,6 Jun 2025
Tap only the real names of tarot cards.,multi_tap,"A,B,D,F",The Lovers,The Wheel of Fortune,The Price is Right,The High Priestess,The Low Priestess,Death,Quizsentials,,False,3 Jul 2026,Bonus Round - 10 Multi Tap Questions.sqt,1,3 Jul 2026
Tap only the island nations.,multi_tap,"A,C,D,E",Fiji,Finland,New Zealand,Japan,Sri Lanka,Thailand,Quizsentials,,False,3 Jul 2026,Bonus Round - 10 Multi Tap Questions.sqt,1,3 Jul 2026
Tap only the animals whose babies are typically called calves.,multi_tap,"A,B,C,D,F",Cow,Camel,Blue whale,Antelope,Cheetah,Elephant,Quizsentials,,False,3 Jul 2026,Bonus Round - 10 Multi Tap Questions.sqt,1,3 Jul 2026
"Of the TV shows listed here, tap only the ones in which the missing word is 'Dog'.",multi_tap,"A,C",__ the Bounty Hunter,BoJack __ man,__ Whisperer with Cesar Milan,Peppa __,__ in the Big Blue House,That's So __,Quizsentials,,False,3 Jul 2026,Bonus Round - 10 Multi Tap Questions.sqt,1,3 Jul 2026
Tap only the correct tennis player/nationality combinations.,multi_tap,"A,D,E",Naomi Osaka/Japanese,Steffi Graf/French,Serena Williams/British,Ash Barty/Australian,Billie Jean King/American,Iga Swiatek/South African,Quizsentials,,False,3 Jul 2026,Bonus Round - 10 Multi Tap Questions.sqt,2,6 Jul 2026
Tap the football teams that Thomas Tuchel has managed.,multi_tap,"A,B,C,D,F",England,Bayern Munich,Borussia Dortmund,Paris St Germain,Barcelona,Chelsea,Quizsentials,,False,3 Jul 2026,Bonus Round - 10 Multi Tap Questions.sqt,1,3 Jul 2026
Tap only the titles of songs by Ariana Grande.,multi_tap,"A,B","Yes, and?","Thank U, Next",Cruel Summer,Blank Space,Anti-Hero,Bad Blood,Quizsentials,,False,3 Jul 2026,Bonus Round - 10 Multi Tap Questions.sqt,2,9 Apr 2025
Tap only the films starring Johnny Depp.,multi_tap,"A,C,D,E,F",Pirates of the Caribbean: The Curse of the Black Pearl,Donnie Darko,Platoon,Edward Scissorhands,Donnie Brasco,Charlie and the Chocolate Factory,Quizsentials,,False,3 Jul 2026,Bonus Round - 10 Multi Tap Questions.sqt,1,3 Jul 2026
"Of these Greek deities, tap only the ones whose Roman equivalents lend their names to planets.",multi_tap,"A,D,F",Zeus,Athena,Artemis,Ares,Dionysus,Poseidon,Quizsentials,,False,3 Jul 2026,Bonus Round - 10 Multi Tap Questions.sqt,1,3 Jul 2026
Tap only the Scandinavian countries.,multi_tap,"E,F",Belgium,Latvia,Luxembourg,Netherlands,Norway,Sweden,Quizsentials,,False,21 Feb 2025,Bonus Round - 10 Multi Tap Questions.sqt,2,6 May 2026
Tap only the 'Harry Potter' characters.,multi_tap,"A,C,E,F",Cedric Diggory,Pippin Took,Peter Pettigrew,Petyr Baelish,Argus Filch,Dudley Dursley,Quizsentials,,False,21 Feb 2025,Bonus Round - 10 Multi Tap Questions.sqt,1,21 Feb 2025
Tap only the people born in South Africa.,multi_tap,"A,C,D,E",Nelson Mandela,Claudia Schiffer,Desmond Tutu,Elon Musk,Charlize Theron,Barack Obama,Quizsentials,,False,21 Feb 2025,Bonus Round - 10 Multi Tap Questions.sqt,2,25 Sep 2025
Tap only the chemical elements found in a molecule of sodium bicarbonate.,multi_tap,"A,D,E,F",Sodium,Potassium,Helium,Carbon,Hydrogen,Oxygen,Quizsentials,,False,21 Feb 2025,Bonus Round - 10 Multi Tap Questions.sqt,2,13 Nov 2025
Tap only the German car manufacturers.,multi_tap,"B,C,D,E",Volvo,Audi,Volkswagen,BMW,Porsche,Renault,Quizsentials,,False,21 Feb 2025,Bonus Round - 10 Multi Tap Questions.sqt,1,21 Feb 2025
Tap only the French varieties of wine.,multi_tap,"A,C,D,F",Champagne,Rioja,Bordeaux,Burgundy,Asti,Châteauneuf-du-Pape,Quizsentials,,False,21 Feb 2025,Bonus Round - 10 Multi Tap Questions.sqt,1,21 Feb 2025
Tap only the football teams that have played in every FIFA World Cup since the first one in 1930.,multi_tap,B,Argentina,Brazil,Germany,Italy,Mexico,Uruguay,Quizsentials,,False,21 Feb 2025,Bonus Round - 10 Multi Tap Questions.sqt,3,22 Sep 2025
Tap only the things that the biblical character David is said to have done according to the Old Testament.,multi_tap,"A,B,C,D,F",Work as a shepherd,Become King of Israel,Kill Goliath with a sling,Commit adultery,Turn water into wine,Play the harp,Quizsentials,,False,21 Feb 2025,Bonus Round - 10 Multi Tap Questions.sqt,2,15 Jan 2026
Tap only the countries that are in Africa.,multi_tap,"E,F",Suriname,Brunei,Laos,French Guiana,Gabon,Benin,Quizsentials,,False,20 Feb 2025,Bonus Round - 10 Multi Tap Questions.sqt,3,7 May 2026
Tap only the French movies.,multi_tap,"B,D,E",The Skin I Live In,Amélie,Pan's Labyrinth,Le Femme Nikita,La Haine,Jámon Jámon,Quizsentials,,False,20 Feb 2025,Bonus Round - 10 Multi Tap Questions.sqt,1,20 Feb 2025
Tap only the siblings of King Charles III.,multi_tap,"B,C,F",Prince Philip,Prince Andrew,Princess Anne,Princess Margaret,Prince William,Prince Edward,Quizsentials,,False,20 Feb 2025,Bonus Round - 10 Multi Tap Questions.sqt,2,24 Sep 2025
"Of the electrical components listed here, tap only the ones whose symbols, when represented on a circuit diagram, include a letter.",multi_tap,"C,E,F",Potentiometer,Diode,Motor,Battery,Voltmeter,Ammeter,Quizsentials,,False,20 Feb 2025,Bonus Round - 10 Multi Tap Questions.sqt,2,14 Nov 2025
Tap only the countries that are in the top 10 of the all-time Winter Olympic medals table.,multi_tap,"A,E,F",Canada,Great Britain,France,Jamaica,Sweden,Norway,Quizsentials,,False,20 Feb 2025,Bonus Round - 10 Multi Tap Questions.sqt,1,20 Feb 2025
Tap only the numbers that are multiples of 7.,multi_tap,"A,C,D,F",14,170,63,49,177,175,Quizsentials,,False,20 Feb 2025,Bonus Round - 10 Multi Tap Questions.sqt,2,15 Mar 2026
"Of the pop stars listed here, tap only the ones born in the 1980s.",multi_tap,"A,C",Adele,Ed Sheeran,Ellie Goulding,Dua Lipa,Lewis Capaldi,Sam Smith,Quizsentials,,False,20 Feb 2025,Bonus Round - 10 Multi Tap Questions.sqt,2,6 May 2026
Tap only the drinks brands that originate from the USA.,multi_tap,"A,C,F",Coca-Cola,Fanta,Dr Pepper,Red Bull,Orangina,Mountain Dew,Quizsentials,,False,20 Feb 2025,Bonus Round - 10 Multi Tap Questions.sqt,2,3 Dec 2025
"Of the footballers listed here, tap only the ones that currently play for Manchester United.",multi_tap,"C,D",Jack Grealish,Luis Diaz,Harry Maguire,Bruno Fernandes,Aaron Ramsdale,Declan Rice,Quizsentials,,False,20 Feb 2025,Bonus Round - 10 Multi Tap Questions.sqt,1,20 Feb 2025
"Of the fragrances listed here, tap only the ones produced by Chanel.",multi_tap,"B,D,F",Black Opium,Coco Mademoiselle,J'adore,Chance Eau Tendre,Lady Million,N°5,Quizsentials,,False,28 Jan 2026,Bonus Round - 10 Multi Tap Questions.sqt,2,21 Mar 2025
"Of these planets, tap only the ones that are known to have moons.",multi_tap,"C,D,E,F",Mercury,Venus,Mars,Jupiter,Saturn,Uranus,Quizsentials,,False,28 Jan 2026,Bonus Round - 10 Multi Tap Questions.sqt,2,6 Mar 2025
"Of these famous authors, tap only the ones born in India.",multi_tap,"C,D,E",Roald Dahl,Khaled Hosseini,Salman Rushdie,Rudyard Kipling,George Orwell,Mark Twain,Quizsentials,,False,28 Jan 2026,Bonus Round - 10 Multi Tap Questions.sqt,1,28 Jan 2026
Tap only the things there are typically one of.,multi_tap,"B,C,D,E,F",Wheels on a skateboard,Seats on a unicycle,Wheels on a unicycle,Seats in a Formula One car,Seats on a bicycle,Wheels on a standard wheelbarrow,Quizsentials,,False,28 Jan 2026,Bonus Round - 10 Multi Tap Questions.sqt,1,28 Jan 2026
Tap only the first names of main characters from 'Seinfeld'.,multi_tap,"A,C,F",Jerry,Woody,George,Monica,Frasier,Elaine,Quizsentials,,False,28 Jan 2026,Bonus Round - 10 Multi Tap Questions.sqt,1,28 Jan 2026
"Of the films listed here, tap only the ones that Marlon Brando was in.",multi_tap,"A,D",The Godfather,The Godfather Part II,The Godfather Part III,Superman,Superman III,Superman IV: A Quest For Peace,Quizsentials,,False,28 Jan 2026,Bonus Round - 10 Multi Tap Questions.sqt,1,28 Jan 2026
Tap only the Italian cities.,multi_tap,"A,C,D,E",Verona,Geneva,Venice,Turin,Lucca,Valencia,Quizsentials,,False,28 Jan 2026,Bonus Round - 10 Multi Tap Questions.sqt,1,28 Jan 2026
Tap only the titles of real studio albums by The Who.,multi_tap,"A,D",Who's Next,Who Do You Think You Are,Who is That,Who Are You,Who Knows,Who Goes There,Quizsentials,,False,28 Jan 2026,Bonus Round - 10 Multi Tap Questions.sqt,1,28 Jan 2026
Tap only the elements that are among the ten most common elements in the Milky Way galaxy.,multi_tap,"B,C,D,E",Gold,Hydrogen,Helium,Oxygen,Carbon,Mercury,Quizsentials,,False,28 Jan 2026,Bonus Round - 10 Multi Tap Questions.sqt,1,28 Jan 2026
Tap only the countries that play Test cricket?,multi_tap,A,India,Canada,China,Japan,Germany,Brazil,Quizsentials,,False,28 Jan 2026,Bonus Round - 10 Multi Tap Questions.sqt,2,2 May 2025
Tap only the tennis legends who come from the USA.,multi_tap,"A,E,F",John McEnroe,Rafa Nadal,Roger Federer,Pat Cash,Jimmy Connors,Andre Agassi,Quizsentials,,False,29 Jan 2026,Bonus Round - 10 Multi Tap Questions.sqt,1,29 Jan 2026
Tap only the names of lines on the hand as used by palm readers?,multi_tap,"B,D,E,F",Central line,Head line,Health line,Heart line,Life line,Marriage line,Quizsentials,,False,29 Jan 2026,Bonus Round - 10 Multi Tap Questions.sqt,2,20 Mar 2025
Tap only the titles of Doja Cat singles.,multi_tap,"A,C,D",Paint the Town Red,Snooze,Kiss Me More,Woman,Nobody Gets Me,Good Days,Quizsentials,,False,29 Jan 2026,Bonus Round - 10 Multi Tap Questions.sqt,1,29 Jan 2026
Tap only the titles of Jacob Elordi movies.,multi_tap,"A,B,C,D,E",The Kissing Booth,Saltburn,Priscilla,Frankenstein,Wuthering Heights,Marty Supreme,Quizsentials,,False,29 Jan 2026,Bonus Round - 10 Multi Tap Questions.sqt,1,29 Jan 2026
Tap only the names of past ruling queens of the United Kingdom or Great Britain.,multi_tap,"B,D,E",Meghan,Anne,Emily,Victoria,Elizabeth,Charlotte,Quizsentials,,False,29 Jan 2026,Bonus Round - 10 Multi Tap Questions.sqt,2,2 Mar 2025
Tap only the actresses who starred in 'Game of Thrones'.,multi_tap,"A,B,C,F",Lena Headey,Emilia Clarke,Gwendoline Christie,Helena Bonham Carter,Millie Bobby Brown,Sophie Turner,Quizsentials,,False,29 Jan 2026,Bonus Round - 10 Multi Tap Questions.sqt,2,4 Apr 2025
"In this list of book titles, tap only the missing numbers that are greater than 1,000.",multi_tap,A,__ Leagues Under the Sea (by Jules Verne),Around the World in __ Days (by Jules Verne),Fahrenheit __ (by Ray Bradbury),__ Reasons Why (by Jay Asher),The __ Musketeers (by Alexandre Dumas),__ Years of Solitude (by Gabriel García Márquez),Quizsentials,,False,29 Jan 2026,Bonus Round - 10 Multi Tap Questions.sqt,1,29 Jan 2026
Tap only the countries where average life expectancy is over 80.,multi_tap,"B,C,D,F",Nigeria,Japan,Monaco,Australia,Greenland,UK,Quizsentials,,False,29 Jan 2026,Bonus Round - 10 Multi Tap Questions.sqt,1,29 Jan 2026
Tap only the animals that are generally considered to be omnivores (ie eat both plants and other animals).,multi_tap,"A,B,C,D,E",Pigs,Badgers,Foxes,Skunks,Hedgehogs,Goats,Quizsentials,,False,29 Jan 2026,Bonus Round - 10 Multi Tap Questions.sqt,1,29 Jan 2026
Tap only the cocktails that have rum in them (according to International Bartenders Association specifications).,multi_tap,"A,B,E",Daiquiri,Mai Tai,Margarita,Martini,Mojito,Screwdriver,Quizsentials,,False,29 Jan 2026,Bonus Round - 10 Multi Tap Questions.sqt,2,23 Mar 2025
Tap only the substances that have a lower melting point than ice.,multi_tap,"A,D,E",Mercury,Chocolate,Silver,Ethanol,Helium,Tungsten,Quizsentials,,False,3 Mar 2026,Bonus Round - 10 Multi Tap Questions.sqt,2,16 Apr 2025
Tap only the 'Harry Potter' characters that were in 'The Philosopher's Stone'.,multi_tap,"D,E,F",Gilderoy Lockhart,Bellatrix Lestrange,Mad-Eye Moody,Albus Dumbledore,Rubeus Hagrid,Vernon Dursely,Quizsentials,,False,3 Mar 2026,Bonus Round - 10 Multi Tap Questions.sqt,1,3 Mar 2026
Tap only the names of popes.,multi_tap,"A,C,E",Eugene,Ringo,Francis,Benjamin,Stephen,Robert,Quizsentials,,False,3 Mar 2026,Bonus Round - 10 Multi Tap Questions.sqt,2,28 Mar 2025
"Of the Italian words listed here, tap only the ones that are also the names of Starbucks cup sizes.",multi_tap,"B,D,E",Piccolo,Grande,Dieci,Venti,Trenta,Sessanta,Quizsentials,,False,3 Mar 2026,Bonus Round - 10 Multi Tap Questions.sqt,2,15 Apr 2025
Tap only the artists who have performed the theme to a 'James Bond' film since the year 2000.,multi_tap,"B,C,D,F",Robbie Williams,Billie Eilish,Sam Smith,Adele,Taylor Swift,Chris Cornell,Quizsentials,,False,3 Mar 2026,Bonus Round - 10 Multi Tap Questions.sqt,1,3 Mar 2026
"Of the African cities listed here, tap only the ones that are capital cities.",multi_tap,"A,B,F",Addis Ababa,Nairobi,Johannesburg,Giza,Marrakesh,Khartoum,Quizsentials,,False,3 Mar 2026,Bonus Round - 10 Multi Tap Questions.sqt,1,3 Mar 2026
"Of the French footballers listed here, tap only the ones who were in the squad that won the 2018 FIFA World Cup.",multi_tap,"A,B,C,D,E,F",Raphaël Varane,Olivier Giroud,N'Golo Kanté,Antoine Greizmann,Hugo Lloris,Kylian Mbappé,Quizsentials,,False,3 Mar 2026,Bonus Round - 10 Multi Tap Questions.sqt,1,3 Mar 2026
Tap only the Apple products that were released before the iPhone.,multi_tap,"A,D,F",iMac,iPad,Apple Watch,iPod Shuffle,iPod Touch,iPod Mini,Quizsentials,,False,3 Mar 2026,Bonus Round - 10 Multi Tap Questions.sqt,1,3 Mar 2026
Tap only the planets that are known to have more than 25 moons.,multi_tap,"B,C,E",Mars,Jupiter,Saturn,Earth,Uranus,Mercury,Quizsentials,,False,3 Mar 2026,Bonus Round - 10 Multi Tap Questions.sqt,2,2 Apr 2025
Tap only the frequencies that have a shorter wavelength than X-rays.,multi_tap,A,Gamma rays,Ultraviolet,Visible light,Radio waves,Microwaves,Infrared,Quizsentials,,False,3 Mar 2026,Bonus Round - 10 Multi Tap Questions.sqt,2,13 Apr 2025
Tap only the words that can be followed by the letters 'OR' to make the name of an electrical component.,multi_tap,"A,C",Resist,Abstract,Conduct,Elect,Robust,Exist,Quizsentials,,False,27 Aug 2026,Bonus Round - 10 Multi Tap Questions.sqt,1,27 Aug 2026
Tap only the celebrity couples who got married this year.,multi_tap,"B,E",Millie Bobby Brown and Jake Bongiovi,Taylor Swift and Travis Kelce,Selena Gomez and Benny Blanco,Jeff Bezos and Lauren Sánchez,Cristiano Ronaldo and Georgina Rodriguez,Travis Barker and Kourtney Kardashian,Quizsentials,,False,27 Aug 2026,Bonus Round - 10 Multi Tap Questions.sqt,1,27 Aug 2026
Tap only the bands/artists who are generally classed as rap or hip-hop artists.,multi_tap,"B,D,F",Jimi Hendrix,Kneecap,Fall Out Boy,Cypress Hill,MGMT,Sugarhill Gang,Quizsentials,,False,27 Aug 2026,Bonus Round - 10 Multi Tap Questions.sqt,4,28 Aug 2026
Tap the phrases that you might say to someone who is being inpatient or panicking unnecessarily.,multi_tap,"A,C,F",Don't get your knickers in a twist,Stop beating about the bush,Take a chill pill,Bite the bullet,Hit the sack,Keep your hair on,Quizsentials,,False,27 Aug 2026,Bonus Round - 10 Multi Tap Questions.sqt,1,27 Aug 2026
Tap only the words that can be similar in meaning to 'outgoing'?,multi_tap,"B,C,D",Meek,Affable,Extroverted,Gregarious,Introverted,Shy,Quizsentials,,False,27 Aug 2026,Bonus Round - 10 Multi Tap Questions.sqt,2,15 Jul 2025
Tap only the countries that have had at least one football team win the UEFA Champions League or European Cup.,multi_tap,"A,B,E,F",England,Scotland,Sweden,Russia,Romania,Portugal,Quizsentials,,False,27 Aug 2026,Bonus Round - 10 Multi Tap Questions.sqt,2,26 Aug 2026
Tap only the modern-day countries that were once a part of Yugoslavia.,multi_tap,"C,D,F",Ukraine,Slovakia,Slovenia,Serbia,Lithuania,Croatia,Quizsentials,,False,27 Aug 2026,Bonus Round - 10 Multi Tap Questions.sqt,2,13 Jul 2025
Tap only the cities that are further south than Rome.,multi_tap,"A,D,E",Cairo,Kyiv,Ottawa,Tehran,Havana,London,Quizsentials,,False,27 Aug 2026,Bonus Round - 10 Multi Tap Questions.sqt,1,27 Aug 2026
"Of these fairy tale characters, tap only the ones that are in the 2001 film 'Shrek'.",multi_tap,"B,C,F",Rapunzel,Big Bad Wolf,Pinocchio,Jack & Jill,Puss in Boots,Three Little Pigs,Quizsentials,,False,27 Aug 2026,Bonus Round - 10 Multi Tap Questions.sqt,1,27 Aug 2026
Tap only the names of apples.,multi_tap,"A,B,D,F",Golden Delicious,Red Delicious,Golden Granny,Granny Smith,Golden Lady,Pink Lady,Quizsentials,,False,27 Aug 2026,Bonus Round - 10 Multi Tap Questions.sqt,2,9 Jul 2025
Tap only the words for the mouth part of a bird.,multi_tap,"B,C",Proboscis,Beak,Bill,Snout,Muzzle,Schnozzle,Quizsentials,,False,26 Aug 2026,Bonus Round - 10 Multi Tap Questions.sqt,1,26 Aug 2026
Tap only the words that are typically spelt differently in American English.,multi_tap,A,Moustache,Creditor,Tomato,Schedule,Circus,Impromptu,Quizsentials,,False,26 Aug 2026,Bonus Round - 10 Multi Tap Questions.sqt,4,16 Jul 2025
"Of the TV shows listed here, tap only the ones considered to be horror.",multi_tap,"B,E",Succession,American Horror Story,Orange is the New Black,Jersey Shore,The Walking Dead,Boardwalk Empire,Quizsentials,,False,26 Aug 2026,Bonus Round - 10 Multi Tap Questions.sqt,1,26 Aug 2026
Tap only the brands of alcohol that were founded in the UK.,multi_tap,"A,B,C",Pimm's,Gordon's gin,Johnnie Walker whisky,Jägermeister,Guinness,Dom Pérignon champagne,Quizsentials,,False,26 Aug 2026,Bonus Round - 10 Multi Tap Questions.sqt,2,7 Jul 2025
"Of the celebrities listed here, tap only the ones that have been married to Tom Cruise.",multi_tap,"A,B,D",Katie Holmes,Mimi Rogers,Nicole Scherzinger,Nicole Kidman,Penelope Cruz,Rebecca De Mornay,Quizsentials,,False,26 Aug 2026,Bonus Round - 10 Multi Tap Questions.sqt,1,26 Aug 2026
Tap only the cities that are the capital of a country beginning with the letter 'N'.,multi_tap,"A,B,D,F",Abuja,Wellington,Stockholm,Amsterdam,Nicosia,Oslo,Quizsentials,,False,26 Aug 2026,Bonus Round - 10 Multi Tap Questions.sqt,1,26 Aug 2026
"Of these car parts, tap only the ones that are a part of the engine.",multi_tap,"A,D,E",Camshaft,Shock absorber,Battery,Cylinder head,Crankshaft,Stereo,Quizsentials,,False,26 Aug 2026,Bonus Round - 10 Multi Tap Questions.sqt,1,26 Aug 2026
"Of the Founding Fathers of the United States listed here, tap only the ones who went on to become president.",multi_tap,"C,E,F",Benjamin Franklin,Alexander Hamilton,John Adams,Samuel Adams,Thomas Jefferson,George Washington,Quizsentials,,False,26 Aug 2026,Bonus Round - 10 Multi Tap Questions.sqt,2,10 Jul 2025
Tap only the titles of 50 Cent singles.,multi_tap,"A,D",In da Club,Lose Yourself,Stan,Candy Shop,Cleanin' Out My Closet,Just Lose It,Quizsentials,,False,26 Aug 2026,Bonus Round - 10 Multi Tap Questions.sqt,1,26 Aug 2026
Tap only the footballers who have won three or more Premier League titles.,multi_tap,"B,C,D",Ashley Young,Ashley Cole,Joe Cole,Andy Cole,Carlton Cole,Cole Palmer,Quizsentials,,False,21 Apr 2026,Bonus Round - 10 Multi Tap Questions.sqt,10,13 Feb 2026
"Of the musical duos listed here, tap only the ones in which both members are male.",multi_tap,B,Ashford & Simpson,Hall & Oates,Peaches & Herb,Pepsi & Shirlie,Sonny & Cher,Womack & Womack,Quizsentials,,False,21 Apr 2026,Bonus Round - 10 Multi Tap Questions.sqt,1,21 Apr 2026
Tap only the names of the acting brothers in the famous Baldwin family.,multi_tap,"B,C,D,E",James,William,Daniel,Stephen,Alec,Brooke,Quizsentials,,False,21 Apr 2026,Bonus Round - 10 Multi Tap Questions.sqt,1,21 Apr 2026
Tap only the words that are anagrams of at least one other word in the list.,multi_tap,"A,B,C,D,E,F",Blow,Blowing,Bowl,Bowel,Bowling,Below,Quizsentials,,False,21 Apr 2026,Bonus Round - 10 Multi Tap Questions.sqt,10,23 Mar 2025
Tap only the names of main actresses from the TV series 'Sex and the City'.,multi_tap,"A,C,D",Kristin,Carrie,Cynthia,Kim,Miranda,Samantha,Quizsentials,,False,21 Apr 2026,Bonus Round - 10 Multi Tap Questions.sqt,2,3 Jun 2025
Tap only the elements in a molecule of calcium chloride.,multi_tap,"A,D",Calcium,Oxygen,Hydrogen,Chlorine,Nitrogen,Potassium,Quizsentials,,False,21 Apr 2026,Bonus Round - 10 Multi Tap Questions.sqt,2,8 Jun 2025
"Of the foods listed here, tap only the ones that are typically gluten free.",multi_tap,"D,E",Bread,Beer,Couscous,Potatoes,Rice,Soy sauce,Quizsentials,,False,21 Apr 2026,Bonus Round - 10 Multi Tap Questions.sqt,2,30 May 2025
Tap only the video games that were released before 'Fortnite'.,multi_tap,"C,D",Ghost of Tsushima,Genshin Impact,The Last of Us,The Elder Scrolls V: Skyrim,Balatro,Death Stranding,Quizsentials,,False,21 Apr 2026,Bonus Round - 10 Multi Tap Questions.sqt,1,21 Apr 2026
Tap only the names of muscles.,multi_tap,"B,C,D,F",Tibia,Gluteus maximus,Triceps,Deltoid,Humerus,Hamstring,Quizsentials,,False,21 Apr 2026,Bonus Round - 10 Multi Tap Questions.sqt,2,15 May 2025
Tap only the rock bands from the UK.,multi_tap,"B,C,E",Aerosmith,Led Zeppelin,Rolling Stones,Metallica,The Who,U2,Quizsentials,,False,21 Apr 2026,Bonus Round - 10 Multi Tap Questions.sqt,2,4 Feb 2025
"Of these beer brands, tap only the ones that originated in the USA.",multi_tap,"B,F",Corona,Coors,Heineken,Stella Artois,Guinness,Samuel Adams,Quizsentials,,False,22 Feb 2026,Bonus Round - 10 Multi Tap Questions.sqt,2,10 Apr 2025
Tap only the colours that appear on the flag of Brazil.,multi_tap,"A,B,D,E",Green,Blue,Red,Yellow,White,Black,Quizsentials,,False,22 Feb 2026,Bonus Round - 10 Multi Tap Questions.sqt,1,22 Feb 2026
Tap only the 'Star Trek' characters as opposed to 'Star Wars' characters.,multi_tap,"B,C,D",Han Solo,Jean-Luc Picard,Data,Seven of Nine,Padmé Amidala,Admiral Ackbar,Quizsentials,,False,22 Feb 2026,Bonus Round - 10 Multi Tap Questions.sqt,1,22 Feb 2026
"Of the French footballers listed here, tap only the ones who were in the squad that won the 1998 FIFA World Cup.",multi_tap,"C,D,F",Eric Cantona,William Gallas,Zinedine Zidane,Thierry Henry,Patrice Evra,Patrick Vieira,Quizsentials,,False,22 Feb 2026,Bonus Round - 10 Multi Tap Questions.sqt,1,22 Feb 2026
Tap only the glands that are in the brain.,multi_tap,"A,F",Pituitary gland,Pancreas,Ovary,Thyroid gland,Testes,Pineal gland,Quizsentials,,False,22 Feb 2026,Bonus Round - 10 Multi Tap Questions.sqt,2,27 Mar 2025
Tap only the artists who were members of the late '80s supergroup the Traveling Wilburys.,multi_tap,"A,B,C,D,F",Bob Dylan,Roy Orbison,Tom Petty,Jeff Lynne,Stevie Wonder,George Harrison,Quizsentials,,False,22 Feb 2026,Bonus Round - 10 Multi Tap Questions.sqt,1,22 Feb 2026
Tap only the names of games in the 'Assassin's Creed' series?,multi_tap,"A,B,C,E",Assassin's Creed Revelations,Assassin's Creed Odyssey,Assassin's Creed Origins,Assassin's Creed Olympus,Assassin's Creed Shadows,Assassin's Creed Hellraiser,Quizsentials,,False,22 Feb 2026,Bonus Round - 10 Multi Tap Questions.sqt,1,22 Feb 2026
"These insults were either from works by William Shakespeare, or from Harry Potter. Tap only the ones from Shakespeare.",multi_tap,"C,D,F","Foul, loathsome, evil little cockroach",Filthy little mudblood,Lily-livered boy,Poisonous bunch-backed toad,"Foul, lying, twisting old gargoyle",Rankest compound of villainous smell,Quizsentials,,False,22 Feb 2026,Bonus Round - 10 Multi Tap Questions.sqt,1,22 Feb 2026
Science question: Tap only the examples of oxidation.,multi_tap,"A,C,D",When fruit goes brown and mushy,When helium balloons rise,When wood is burned,When metal rusts,When water melts,Photosynthesis,Quizsentials,,False,22 Feb 2026,Bonus Round - 10 Multi Tap Questions.sqt,2,11 Apr 2025
Tap only the superhero films that starred Margot Robbie.,multi_tap,"A,B,E",Suicide Squad,The Suicide Squad,The Batman,Batman v Superman: Dawn of Justice,Birds of Prey,Deadpool 2,Quizsentials,,False,22 Feb 2026,Bonus Round - 10 Multi Tap Questions.sqt,1,22 Feb 2026
"Of the movies listed here, tap only the ones directed by Quentin Tarantino.",multi_tap,"B,C,F",Snatch,Jackie Brown,Reservoir Dogs,The Untouchables,Event Horizon,Pulp Fiction,Quizsentials,,False,1 Jul 2025,Bonus Round - 10 Multi Tap Questions.sqt,1,1 Jul 2025
"Of these current and former female tennis players, tap only those who have been ranked world number one.",multi_tap,"A,B,D,F",Serena Williams,Aryna Sabalenka,Anna Kournikova,Ashleigh Barty,Emma Raducanu,Venus Williams,Quizsentials,,False,1 Jul 2025,Bonus Round - 10 Multi Tap Questions.sqt,1,1 Jul 2025
Tap only the tourist attractions situated in California.,multi_tap,"A,C,F",Disneyland,The Everglades,Golden Gate Bridge,Kennedy Space Center,Niagara Falls,Venice Beach,Quizsentials,,False,1 Jul 2025,Bonus Round - 10 Multi Tap Questions.sqt,1,1 Jul 2025
Tap only the sports that take place on ice.,multi_tap,"B,C,D,E",Roller derby,Figure skating,Speed skating,Luge,Curling,Padel,Quizsentials,,False,1 Jul 2025,Bonus Round - 10 Multi Tap Questions.sqt,2,8 Apr 2026
Tap only the names of Henry VIII's wives.,multi_tap,"A,D,E",Catherine,Elizabeth,Mary,Anne,Jane,Victoria,Quizsentials,,False,1 Jul 2025,Bonus Round - 10 Multi Tap Questions.sqt,2,17 Jun 2026
Tap only the instruments in the percussion section of an orchestra.,multi_tap,"A,D,E",Wind chimes,Harp,Contrabassoon,Tam tam,Triangle,Piccolo,Quizsentials,,False,1 Jul 2025,Bonus Round - 10 Multi Tap Questions.sqt,1,1 Jul 2025
"Of the cheeses listed here, tap only the ones considered to be soft cheeses.",multi_tap,"A,B,C",Ricotta,Burrata,Feta,Pecorino-Romano,Comté,Gruyère,Quizsentials,,False,1 Jul 2025,Bonus Round - 10 Multi Tap Questions.sqt,2,9 Aug 2026
"Of these famous duos, tap only the real-life people as opposed to fictional characters.",multi_tap,"A,B,C",Laurel & Hardy,Bonnie & Clyde,Butch Cassidy & The Sundance Kid,Sherlock Holmes & Dr Watson,Thelma & Louise,Romeo & Juliet,Quizsentials,,False,1 Jul 2025,Bonus Round - 10 Multi Tap Questions.sqt,1,1 Jul 2025
"Of these animal breeds, tap only the ones that are breeds of dog.",multi_tap,"A,C,E",Bernese,Burmese,Rhodesian Ridgeback,Flemish Giant,Weimaraner,Muscovy,Quizsentials,,False,1 Jul 2025,Bonus Round - 10 Multi Tap Questions.sqt,2,13 May 2026
Tap only the books that were originally written in English.,multi_tap,"D,E",The Bible,"Meditations, by Marcus Aurelius","The Divine Comedy, by Dante","Gulliver's Travels, by Jonathan Swift","Paradise Lost, by John Milton","Don Quixote, by Cervantes",Quizsentials,,False,1 Jul 2025,Bonus Round - 10 Multi Tap Questions.sqt,2,5 Aug 2026
Tap only the Transformers that are Decepticons.,multi_tap,"B,D,E",Optimus Prime,Starscream,Wheeljack,Megatron,Shockwave,Ultra Magnus,Quizsentials,,False,18 Mar 2025,Bonus Round - 10 Multi Tap Questions.sqt,1,18 Mar 2025
Tap only the people born in France.,multi_tap,"A,B,D,E,F",Coco Chanel,Joan of Arc,Marie Antoinette,Zinedine Zidane,Emma Watson,Andre the Giant,Quizsentials,,False,18 Mar 2025,Bonus Round - 10 Multi Tap Questions.sqt,2,14 Nov 2025
"Of the elements listed here, tap only the halogens.",multi_tap,"A,F",Fluorine,Iron,Arsenic,Potassium,Magnesium,Chlorine,Quizsentials,,False,18 Mar 2025,Bonus Round - 10 Multi Tap Questions.sqt,2,10 Dec 2025
"Of the car manufacturers listed here, tap only the ones that currently have a team in Formula One.",multi_tap,"A,B,D",Mercedes,Ferrari,Lamborghini,Aston Martin,Ford,Suzuki,Quizsentials,,False,18 Mar 2025,Bonus Round - 10 Multi Tap Questions.sqt,1,18 Mar 2025
Australia has some famous wine regions. Tap only the countries that typically produce more wine per year than Australia.,multi_tap,"A,B,D",Italy,France,Sudan,USA,UK,Portugal,Quizsentials,,False,18 Mar 2025,Bonus Round - 10 Multi Tap Questions.sqt,2,25 Jan 2026
Tap only the countries that are currently full members of the International Cricket Council (ICC) and as such can play Test cricket?,multi_tap,"A,B,C,D,E,F",Australia,South Africa,Zimbabwe,India,Pakistan,Sri Lanka,Quizsentials,,False,18 Mar 2025,Bonus Round - 10 Multi Tap Questions.sqt,2,2 Nov 2025
Tap only the body parts found in the neck.,multi_tap,"A,B,C",Larynx,Trachea,Spinal cord,Sternum,Coccyx,Clavicle,Quizsentials,,False,18 Mar 2025,Bonus Round - 10 Multi Tap Questions.sqt,2,10 Feb 2026
Tap only the companies founded in South Korea.,multi_tap,"A,C,D",LG,Fujitsu,Kia,Samsung,Nvidia,Sega,Quizsentials,,False,9 Sep 2025,Bonus Round - 10 Multi Tap Questions.sqt,1,9 Sep 2025
Tap only the songs by or featuring Bruno Mars.,multi_tap,"A,B,F",APT.,Uptown Funk,Uptown Girl,California Sober,Favorite,Blast Off,Quizsentials,,False,9 Sep 2025,Bonus Round - 10 Multi Tap Questions.sqt,1,9 Sep 2025
Tap only the animals that are known as nocturnal.,multi_tap,"B,C,D",Eagle,Owl,Tasmanian devil,Bat,Giraffe,Zebra,Quizsentials,,False,9 Sep 2025,Bonus Round - 10 Multi Tap Questions.sqt,1,9 Sep 2025
Tap only the books that are part of C.S. Lewis' 'Chronicles of Narnia'.,multi_tap,"A,D,E,F",The Horse and His Boy,Alice's Adventures in Wonderland,The Island of Doctor Moreau,The Magician's Nephew,The Voyage of the Dawn Treader,Prince Caspian,Quizsentials,,False,9 Sep 2025,Bonus Round - 10 Multi Tap Questions.sqt,1,9 Sep 2025
Tap only the ingredients commonly used in an Espresso Martini cocktail.,multi_tap,"A,D,E,F",Vodka,Gin,Tequila,Coffee,Coffee liqueur,Sugar syrup,Quizsentials,,False,9 Sep 2025,Bonus Round - 10 Multi Tap Questions.sqt,1,9 Sep 2025
Tap only the natural fibres.,multi_tap,"B,D,E,F",Polyester,Cotton,Nylon,Bamboo,Raffia,Silk,Quizsentials,,False,9 Sep 2025,Bonus Round - 10 Multi Tap Questions.sqt,1,9 Sep 2025
"With regard to the Premier League's official Fantasy Football competition, tap only the players who are classed as forwards (as opposed to midfielders).",multi_tap,"B,C,D,E",Jack Grealish,Yoane Wissa,Gabriel Jesus,Liam Delap,Joao Pedro,Jeremy Doku,Quizsentials,,False,9 Sep 2025,Bonus Round - 10 Multi Tap Questions.sqt,1,9 Sep 2025
Tap only the countries where the capital city ENDS with the letter N.,multi_tap,"A,B,C,D,F",England,Ireland,Switzerland,Germany,Spain,Portugal,Quizsentials,,False,9 Sep 2025,Bonus Round - 10 Multi Tap Questions.sqt,1,9 Sep 2025
Tap only the films that are disaster movies.,multi_tap,"A,B,D",Deep Impact,Armageddon,Rocky,Twister,The Sixth Sense,X-Men,Quizsentials,,False,9 Sep 2025,Bonus Round - 10 Multi Tap Questions.sqt,1,9 Sep 2025
Tap only the people who appeared in the hit TV show 'Peaky Blinders'.,multi_tap,"B,C,E",Matt Smith,Cillian Murphy,Tom Hardy,Kit Harington,Anya Taylor-Joy,Timothée Chalamet,Quizsentials,,False,9 Sep 2025,Bonus Round - 10 Multi Tap Questions.sqt,1,9 Sep 2025
"Of the deserts listed here, tap only the ones in Africa.",multi_tap,"A,F",Kalahari,Sonoran,Mojave,Atacama,Gobi,Sahara,Quizsentials,,False,22 Apr 2025,Bonus Round - 10 Multi Tap Questions.sqt,2,13 Jul 2026
Tap only the James Bond films that starred Sean Connery.,multi_tap,"B,C,D,E,F",GoldenEye,Diamonds are Forever,From Russia With Love,Dr No,You Only Live Twice,Goldfinger,Quizsentials,,False,22 Apr 2025,Bonus Round - 10 Multi Tap Questions.sqt,1,22 Apr 2025
Tap only the names of John and Olivia's sons in the '70s TV show 'The Waltons'.,multi_tap,"B,C,D,F",Ike,John-Boy,Ben,Jim-Bob,Zeb,Jason,Quizsentials,,False,22 Apr 2025,Bonus Round - 10 Multi Tap Questions.sqt,2,19 Mar 2026
"Of the substances listed here, tap only the ones that are gas at room temperature.",multi_tap,"A,B,E",Carbon monoxide,Carbon dioxide,Dihydrogen monoxide,Hydrogen peroxide,Ammonia,Methanol,Quizsentials,,False,22 Apr 2025,Bonus Round - 10 Multi Tap Questions.sqt,2,13 Mar 2026
Tap only the names of characters that you play as in 'The Last of Us' series of games.,multi_tap,"B,D,E",Tommy,Joel,Dina,Ellie,Abby,Manny,Quizsentials,,False,22 Apr 2025,Bonus Round - 10 Multi Tap Questions.sqt,1,22 Apr 2025
Tap only the names of novels by Charles Dickens.,multi_tap,C,One Hundred Years of Solitude,Animal Farm,A Tale of Two Cities,The Picture of Dorian Gray,The Grapes of Wrath,Lord of the Flies,Quizsentials,,False,22 Apr 2025,Bonus Round - 10 Multi Tap Questions.sqt,2,31 May 2026
Tap only the names of women that feature in the lyrics of 'Mambo No 5' by Lou Bega.,multi_tap,"A,C,D,F",Erica,Tiffany,Rita,Monica,Emily,Tina,Quizsentials,,False,22 Apr 2025,Bonus Round - 10 Multi Tap Questions.sqt,1,22 Apr 2025
"Of the Italian dishes listed here, tap only the bread-based foods.",multi_tap,"A,B,D",Bruschetta,Ciabatta,Cannelloni,Crostini,Conchiglie,Fagottini,Quizsentials,,False,22 Apr 2025,Bonus Round - 10 Multi Tap Questions.sqt,3,15 Mar 2026
Tap only the brands that have been the main shirt sponsor of Manchester United.,multi_tap,"B,D,E,F",T Mobile,Sharp,Goodyear,TeamViewer,Chevrolet,Snapdragon,Quizsentials,,False,22 Apr 2025,Bonus Round - 10 Multi Tap Questions.sqt,2,20 Jan 2026
Tap only the bones found in the leg.,multi_tap,"A,B,F",Tibia,Fibula,Skull,Radius,Humerus,Femur,Quizsentials,,False,22 Apr 2025,Bonus Round - 10 Multi Tap Questions.sqt,2,12 Apr 2026
Tap only the events that took place in the 2010s.,multi_tap,"C,E,F",PlayStation 3 is released,Lady Gaga releases her debut album,'Avengers: Endgame' premieres,Serena Williams retires from professional tennis,Mike Pence becomes US vice president,Fidel Castro dies,Quizsentials,,False,10 Sep 2025,Bonus Round - 10 Multi Tap Questions.sqt,4,15 Feb 2026
"Tap only the types of apples, as opposed to other fruit.",multi_tap,"B,F",Conference,Granny Smith,Concorde,Comice,Green Anjou,Gala,Quizsentials,,False,10 Sep 2025,Bonus Round - 10 Multi Tap Questions.sqt,1,10 Sep 2025
Tap only the dating apps.,multi_tap,"B,D,E,F",Tandem,Badoo,Hopper,PlentyofFish,Bumble,Tinder,Quizsentials,,False,10 Sep 2025,Bonus Round - 10 Multi Tap Questions.sqt,1,10 Sep 2025
"Of these cities, tap only the ones that were formerly their country's capital.",multi_tap,"A,B,C","Saint Petersburg, Russia","Winchester, England","Rio de Janeiro, Brazil","Marseilles, France","Los Angeles, United States","Shanghai, China",Quizsentials,,False,10 Sep 2025,Bonus Round - 10 Multi Tap Questions.sqt,1,10 Sep 2025
Tap only the types of analogue radio broadcasting.,multi_tap,"B,D",Streaming,FM,DAB,AM,Internet,DAB(+),Quizsentials,,False,10 Sep 2025,Bonus Round - 10 Multi Tap Questions.sqt,1,10 Sep 2025
"Of the cartoon characters listed here, tap only the dogs.",multi_tap,"A,B,F",Hong Kong Phooey,Goofy,Speedy Gonzales,Basil of Baker Street,Garfield,Muttley,Quizsentials,,False,10 Sep 2025,Bonus Round - 10 Multi Tap Questions.sqt,1,10 Sep 2025
Tap only the planets that rotate in a different direction to Earth.,multi_tap,"B,C",Mars,Venus,Uranus,Mercury,Jupiter,Saturn,Quizsentials,,False,10 Sep 2025,Bonus Round - 10 Multi Tap Questions.sqt,1,10 Sep 2025
Tap only the bands with a female lead singer.,multi_tap,"A,C,D,F",Paramore,Bring Me the Horizon,Blondie,Eurythmics,Blink-182,Florence and the Machine,Quizsentials,,False,10 Sep 2025,Bonus Round - 10 Multi Tap Questions.sqt,1,10 Sep 2025
"Of the Disney movies listed here, tap only the ones with live actors in them, as opposed to just animation.",multi_tap,"A,D",The Princess Diaries,Zootopia,Wreck-It Ralph,National Treasure,The Aristocats,Encanto,Quizsentials,,False,10 Sep 2025,Bonus Round - 10 Multi Tap Questions.sqt,1,10 Sep 2025
Tap only the names of characters that Harrison Ford has played in film.,multi_tap,"A,C,D",Han Solo,Travis Bickle,Jack Ryan,Indiana Jones,Hannibal Smith,Peter Venkman,Quizsentials,,False,29 Jun 2025,Bonus Round - 10 Multi Tap Questions.sqt,1,29 Jun 2025
Tap only the US states on the East Coast.,multi_tap,"B,C,E,F",California,New York,Florida,Texas,North Carolina,Massachusetts,Quizsentials,,False,29 Jun 2025,Bonus Round - 10 Multi Tap Questions.sqt,1,29 Jun 2025
Tap only the names of authors as opposed to actresses.,multi_tap,"A,B,C,D,E,F",Stephenie Meyer,Sarah J. Maas,Suzanne Collins,J.K. Rowling,Veronica Roth,Victoria Aveyard,Quizsentials,,False,29 Jun 2025,Bonus Round - 10 Multi Tap Questions.sqt,2,6 Aug 2026
Tap only the tennis players that have won 20 or more Grand Slam singles tournaments.,multi_tap,"B,D,E",Billie Jean King,Margaret Court,Martina Navratilova,Serena Williams,Steffi Graf,Venus Williams,Quizsentials,,False,29 Jun 2025,Bonus Round - 10 Multi Tap Questions.sqt,1,29 Jun 2025
"Tap only the British cultural icons who are commonly accepted by scholars to have been real people, as opposed to fictional or legendary characters.",multi_tap,"B,D,E",King Arthur,Saint George,Robin Hood,Richard the Lionheart,William Shakespeare,Sherlock Holmes,Quizsentials,,False,29 Jun 2025,Bonus Round - 10 Multi Tap Questions.sqt,2,16 Jun 2026
Tap only the TV characters who usually wear (or wore) glasses.,multi_tap,"A,B,E",Milhouse from The Simpsons,Walter White from Breaking Bad,Eleven from Stranger Things,Howard from The Big Bang Theory,Jack Duckworth from Coronation Street,Samantha from Sex and the City,Quizsentials,,False,29 Jun 2025,Bonus Round - 10 Multi Tap Questions.sqt,1,29 Jun 2025
"Tap only the things that Megan Boni was looking for in a man, according to the lyrics of her 2024 viral song.",multi_tap,"A,B,C,E",In finance,6'5'',Blue eyes,Tattoos,Trust fund,Good hair,Quizsentials,,False,29 Jun 2025,Bonus Round - 10 Multi Tap Questions.sqt,1,29 Jun 2025
Tap only the sports that are played on a court.,multi_tap,"A,B,C,E",Volleyball,Netball,Handball,Polo,Padel,Curling,Quizsentials,,False,29 Jun 2025,Bonus Round - 10 Multi Tap Questions.sqt,4,17 Jul 2025
Tap only the breeds of dog that are hypoallergenic and therefore do NOT shed their fur.,multi_tap,"C,D",German Shepherd,Border Collie,Poodle,Bichon Frise,Labrador,Golden Retriever,Quizsentials,,False,29 Jun 2025,Bonus Round - 10 Multi Tap Questions.sqt,2,12 May 2026
"Tap only the ingredients in a standard Hollandaise sauce, according to the Escoffier School of Culinary Arts.",multi_tap,"C,D,F",Milk,Egg white,Egg yolk,Clarified butter,Dijon mustard,Lemon juice,Quizsentials,,False,29 Jun 2025,Bonus Round - 10 Multi Tap Questions.sqt,2,11 Aug 2026
Tap only the new words added to the Cambridge Dictionary in 2025.,multi_tap,"B,D,F",Fake news,Skibidi,Metrosexual,Tradwife,Upcycling,Delulu,Quizsentials,,False,11 Sep 2025,Bonus Round - 10 Multi Tap Questions.sqt,1,11 Sep 2025
"Of the chemical compounds listed here, tap only the ones that contain sodium.",multi_tap,"A,B,C",Baking soda,Table salt,Bleach,Ammonia,Chalk,Alcohol,Quizsentials,,False,11 Sep 2025,Bonus Round - 10 Multi Tap Questions.sqt,1,11 Sep 2025
Tap only the country music stars that are still alive.,multi_tap,"C,D",Glen Campbell,Hank Williams,Willie Nelson,Dolly Parton,Kenny Rogers,Johnny Cash,Quizsentials,,False,11 Sep 2025,Bonus Round - 10 Multi Tap Questions.sqt,1,11 Sep 2025
"Of the TV shows listed here, tap only the ones that have starred Pedro Pascal.",multi_tap,"A,C,E,F",Narcos,Stranger Things,The Mandalorian,The Walking Dead,Game of Thrones,The Last of Us,Quizsentials,,False,11 Sep 2025,Bonus Round - 10 Multi Tap Questions.sqt,1,11 Sep 2025
"With regard to the Premier League's official Fantasy Football competition, tap only the players who are classed as midfielders (as opposed to forwards).",multi_tap,"A,C,D,E,F",Mo Salah,Jarrod Bowen,Omar Marmoush,Bukayo Saka,Bryan Mbuemo,Eberechi Eze,Quizsentials,,False,11 Sep 2025,Bonus Round - 10 Multi Tap Questions.sqt,2,12 Sep 2025
Tap only the people who have been chancellor of Germany.,multi_tap,"A,B,C,F",Olaf Scholz,Angela Merkel,Helmut Schmidt,Charles de Gaulle,Nicolas Sarkozy,Friedrich Merz,Quizsentials,,False,11 Sep 2025,Bonus Round - 10 Multi Tap Questions.sqt,1,11 Sep 2025
Tap only the countries whose mainland has more than one time zone.,multi_tap,"A,B,C,E",Russia,Australia,USA,Italy,Mexico,China,Quizsentials,,False,11 Sep 2025,Bonus Round - 10 Multi Tap Questions.sqt,1,11 Sep 2025
Tap only the Winter Olympic sports in which you typically compete individually.,multi_tap,"C,E,F",Bobsleigh,Ice hockey,Skeleton,Curling,Giant slalom,Ski jumping,Quizsentials,,False,11 Sep 2025,Bonus Round - 10 Multi Tap Questions.sqt,1,11 Sep 2025
Tap only the names of devices designed for brewing coffee.,multi_tap,"A,B,C",French press,Percolator,Moka pot,Epilator,Dutch oven,Bain-marie,Quizsentials,,False,11 Sep 2025,Bonus Round - 10 Multi Tap Questions.sqt,1,11 Sep 2025
Tap only the films that star Timothee Chalamet.,multi_tap,"B,C,D,F",The Grand Budapest Hotel,Intersteller,Wonka,Dune: Part Two,Paddington,Don't Look Up,Quizsentials,,False,11 Sep 2025,Bonus Round - 10 Multi Tap Questions.sqt,1,11 Sep 2025
Tap only the metals that are magnetic.,multi_tap,"D,E",Gold,Silver,Bronze,Steel,Iron,Copper,Quizsentials,,False,4 Nov 2025,Bonus Round - 10 Multi Tap Questions.sqt,2,4 Feb 2025
Tap only the actors who have played the Marvel character Peter Parker in a live-action movie.,multi_tap,"B,E,F",Elijah Wood,Tobey Maguire,Andrew Scott,Daniel Radcliffe,Tom Holland,Andrew Garfield,Quizsentials,,False,4 Nov 2025,Bonus Round - 10 Multi Tap Questions.sqt,1,4 Nov 2025
"Each year Forbes magazine compiles a list of the World's Billionaires. Of the following people, tap only the ones who have topped this annual ranking at some point in their life.",multi_tap,"A,C,D",Jeff Bezos,Queen Elizabeth II,Bill Gates,Elon Musk,Donald Trump,Steve Jobs,Quizsentials,,False,4 Nov 2025,Bonus Round - 10 Multi Tap Questions.sqt,1,4 Nov 2025
Tap only the albums by The Rolling Stones.,multi_tap,"B,C,E,F",High Voltage,Aftermath,Exile on Main Street,Physical Graffiti,Goats Head Soup,Some Girls,Quizsentials,,False,4 Nov 2025,Bonus Round - 10 Multi Tap Questions.sqt,2,15 Jun 2025
"Of the attractions listed here, tap only the ones in Spain.",multi_tap,"A,C,D,E",Sagrada Familia,Palace of the Popes,Prado Museum,Great Mosque of Cordoba,Camp Nou football stadium,Lourdes grotto,Quizsentials,,False,4 Nov 2025,Bonus Round - 10 Multi Tap Questions.sqt,1,4 Nov 2025
Tap only the novels that were written in the 21st century.,multi_tap,"A,D","Normal People, by Sally Rooney","Harry Potter and the Chamber of Secrets, by J.K. Rowling","Lolita, by Vladimir Nabokov","Wolf Hall, by Hilary Mantel","The Handmaid's Tale, by Margaret Atwood","Midnight's Children, by Salman Rushdie",Quizsentials,,False,4 Nov 2025,Bonus Round - 10 Multi Tap Questions.sqt,1,4 Nov 2025
Tap only the NFL teams that Tom Brady played for.,multi_tap,"A,D",Tampa Bay Buccaneers,Green Bay Packers,New York Giants,New England Patriots,Philadelphia Eagles,Dallas Cowboys,Quizsentials,,False,4 Nov 2025,Bonus Round - 10 Multi Tap Questions.sqt,1,4 Nov 2025
"Of the World War Two vehicles listed here, tap only the tanks.",multi_tap,"B,C,F",Supermarine Spitfire,M4 Sherman,Mk IV Churchill,B-29 Superfortress,Focke-Wulf Fw 190,Panzer V,Quizsentials,,False,4 Nov 2025,Bonus Round - 10 Multi Tap Questions.sqt,1,4 Nov 2025
"According to a recent price check, tap only the items that are cheaper on TEMU than this Heavy-Duty Pressure Washer Nozzle.",multi_tap,"A,D",12pc Funny and Unique Sheep Themed Greetings Cards,Non-Slip Folding Pet Stairs,X-Large Men's Lightweight Bucket Hat,228.6 meter Holographic Rainbow Curling Ribbon,Set of 4 Elegant Decorative Pillow Covers,Women's Rhinestone-Embellished Mary Jane Loafers,Quizsentials,,False,4 Nov 2025,Bonus Round - 10 Multi Tap Questions.sqt,1,4 Nov 2025
"Of these characters from the 'Sonic the Hedgehog' games, tap only the ones that are hedgehogs.",multi_tap,C,Tails,Knuckles,Shadow,Doctor Eggman,Rogue,Big,Quizsentials,,False,4 Nov 2025,Bonus Round - 10 Multi Tap Questions.sqt,1,4 Nov 2025
"Of the apostles listed here, tap only the ones that were fishermen.",multi_tap,"A,C,D,E",Peter,Judas,Andrew,James,John,Matthew,Quizsentials,,False,18 Jul 2025,Bonus Round - 10 Multi Tap Questions.sqt,1,18 Jul 2025
Tap only the countries that are currently full members of the International Cricket Council (ICC) and as such can play Test cricket.,multi_tap,"A,C,D",England,Scotland,Ireland,New Zealand,USA,Canada,Quizsentials,,False,18 Jul 2025,Bonus Round - 10 Multi Tap Questions.sqt,2,6 May 2026
"Of the stews listed here, tap only the ones that typically have seafood in them.",multi_tap,"C,F",Chilli con carne,Goulash,Bouillabaisse,Ragout,Beef bourguignon,Gumbo,Quizsentials,,False,18 Jul 2025,Bonus Round - 10 Multi Tap Questions.sqt,1,18 Jul 2025
Tap only the countries that have coastlines on the Arctic Ocean.,multi_tap,"A,C,E,F",Canada,Sweden,Russia,Germany,Norway,USA,Quizsentials,,False,18 Jul 2025,Bonus Round - 10 Multi Tap Questions.sqt,1,18 Jul 2025
Tap only the names of regular female characters in 'The Big Bang Theory'.,multi_tap,"C,D,F",Rachel,Jess,Penny,Bernadette,Bobbie,Amy,Quizsentials,,False,18 Jul 2025,Bonus Round - 10 Multi Tap Questions.sqt,1,18 Jul 2025
"Of the racing drivers listed here, tap only the ones born in the UK.",multi_tap,"C,E,F",Charles Leclerc,Max Verstappen,Lewis Hamilton,Fernando Alonso,Lando Norris,George Russell,Quizsentials,,False,18 Jul 2025,Bonus Round - 10 Multi Tap Questions.sqt,1,18 Jul 2025
"Of these 'Cheers' characters, tap only the ones that worked regularly behind the bar.",multi_tap,"A,B,E",Sam,Carla,Norm,Cliff,Woody,Frasier,Quizsentials,,False,18 Jul 2025,Bonus Round - 10 Multi Tap Questions.sqt,1,18 Jul 2025
"Of these famous songs, tap only the ones that are original versions rather than cover versions.",multi_tap,F,"Valerie, by Mark Ronson and Amy Winehouse","Hallelujah, by Jeff Buckley","Dancing in the Moonlight, by Toploader","Make You Feel My Love, by Adele","I Will Always Love You, by Whitney Houston","Jolene, by Dolly Parton",Quizsentials,,False,18 Jul 2025,Bonus Round - 10 Multi Tap Questions.sqt,1,18 Jul 2025
Tap only the places that have become Catholic pilgrimage sites due to apparitions of the Virgin Mary.,multi_tap,"A,B,C","Lourdes, France","Knock, Ireland","Fatima, Portugal","Collodi, Italy","Bethlehem, Palestine","Wuhan, China",Quizsentials,,False,5 Nov 2025,Bonus Round - 10 Multi Tap Questions.sqt,1,5 Nov 2025
"Of these capital cities, tap only the ones in Africa.",multi_tap,"B,D,E",Dhaka,Dakar,Kabul,Rabat,Mogadishu,Tehran,Quizsentials,,False,5 Nov 2025,Bonus Round - 10 Multi Tap Questions.sqt,1,5 Nov 2025
"Of the dishes listed here, tap only the ones that typically have pork in them.",multi_tap,"A,C",Chicharrón,Salisbury steak,Porchetta,Steak tartare,Bulgogi,Pastrami,Quizsentials,,False,5 Nov 2025,Bonus Round - 10 Multi Tap Questions.sqt,1,5 Nov 2025
"Of the infamous American criminals listed here, tap only the bank robbers.",multi_tap,"A,C,F",Butch Cassidy,Ted Kaczynski,John Dillinger,Charles Manson,John Wayne Gacy,Bonnie Parker,Quizsentials,,False,5 Nov 2025,Bonus Round - 10 Multi Tap Questions.sqt,2,2 Mar 2025
Tap only the singles released by Katy Perry.,multi_tap,"A,C,D,F",California Gurls,Flowers,Firework,I Kissed a Girl,Wrecking Ball,Hot N Cold,Quizsentials,,False,5 Nov 2025,Bonus Round - 10 Multi Tap Questions.sqt,1,5 Nov 2025
Tap only the characters that have been 'Guardians of the Galaxy' in the Marvel movies.,multi_tap,"B,C,D,F",Superman,Gamora,Drax,Groot,Metallo,Star Lord,Quizsentials,,False,5 Nov 2025,Bonus Round - 10 Multi Tap Questions.sqt,1,5 Nov 2025
Tap only the Disney theme park attractions.,multi_tap,"A,C,E,F",Big Thunder Mountain Railroad,Revenge of the Mummy: The Ride,Space Mountain,Harry Potter and the Escape from Gringotts,Pirates of the Caribbean,Haunted Mansion,Quizsentials,,False,5 Nov 2025,Bonus Round - 10 Multi Tap Questions.sqt,1,5 Nov 2025
"Of these Shakespeare characters, tap only the ones from 'Romeo and Juliet'.",multi_tap,"A,E",Tybalt,Shylock,Macduff,Falstaff,Mercutio,Ophelia,Quizsentials,,False,5 Nov 2025,Bonus Round - 10 Multi Tap Questions.sqt,1,5 Nov 2025
"Of the units listed here, tap only the units of force.",multi_tap,"A,D,E,F",Newton,Becquerel,Coulomb,Dyne,Kilogram-force,Pound-force,Quizsentials,,False,5 Nov 2025,Bonus Round - 10 Multi Tap Questions.sqt,2,2 Feb 2025
Tap only the numbers that are prime numbers.,multi_tap,"A,B,D",41,43,45,47,49,51,Quizsentials,,False,5 Nov 2025,Bonus Round - 10 Multi Tap Questions.sqt,1,5 Nov 2025
"Of these characters from the Marvel Cinematic Universe, tap only the women.",multi_tap,"B,C,F",Captain America,Captain Marvel,Ironheart,Ironmonger,Red Guardian,Black Widow,Quizsentials,,False,24 Aug 2025,Bonus Round - 10 Multi Tap Questions.sqt,1,24 Aug 2025
Tap only that animals that have been sent into space.,multi_tap,"B,D,E,F",Hippopotamus,Mouse,Giraffe,Chimpanzee,Dog,Jellyfish,Quizsentials,,False,24 Aug 2025,Bonus Round - 10 Multi Tap Questions.sqt,1,24 Aug 2025
Tap only the sports where you are allowed to grab the ball with your hands during open play.,multi_tap,"A,B,C,D,E",Netball,American football,Basketball,Rugby union,Gaelic football,Tennis,Quizsentials,,False,24 Aug 2025,Bonus Round - 10 Multi Tap Questions.sqt,2,18 Jun 2026
"Of these current and former tennis players, tap only those who have been ranked world number one.",multi_tap,"A,C,E,F",Andy Murray,Goran Ivanisevic,Jannik Sinner,Greg Rusedski,Novak Djokovic,Jimmy Connors,Quizsentials,,False,24 Aug 2025,Bonus Round - 10 Multi Tap Questions.sqt,1,24 Aug 2025
"Of the chemical elements listed here, tap only the ones that are named after people.",multi_tap,"B,D,F",Europium,Rutherfordium,Nitrogen,Curium,Magnesium,Bohrium,Quizsentials,,False,24 Aug 2025,Bonus Round - 10 Multi Tap Questions.sqt,1,24 Aug 2025
"Of the novels listed here, tap only the ones that were first published in the 21st century.",multi_tap,"C,D,E",Harry Potter and the Chamber of Secrets,The Handmaid's Tale,The Hunger Games,Fifty Shades of Grey,Life of Pi,Charlotte's Web,Quizsentials,,False,24 Aug 2025,Bonus Round - 10 Multi Tap Questions.sqt,1,24 Aug 2025
Tap only the countries that have the peso as their currency.,multi_tap,"B,C,E,F",Egypt,Argentina,Chile,Spain,Colombia,Mexico,Quizsentials,,False,24 Aug 2025,Bonus Round - 10 Multi Tap Questions.sqt,1,24 Aug 2025
Tap only the artists or bands who have had a hit with a song entitled 'The Power of Love'.,multi_tap,"B,C,D,E",Michael Jackson,Jennifer Rush,Huey Lewis and the News,Frankie Goes To Hollywood,Celine Dion,Boyz II Men,Quizsentials,,False,24 Aug 2025,Bonus Round - 10 Multi Tap Questions.sqt,1,24 Aug 2025
Tap only the actors and actresses who have featured in the Netflix series 'Wednesday'.,multi_tap,"B,C,D,E",Michael Keaton,Steve Buscemi,Billie Piper,Jenna Ortega,Catherine Zeta-Jones,Finn Wolfhard,Quizsentials,,False,24 Aug 2025,Bonus Round - 10 Multi Tap Questions.sqt,1,24 Aug 2025
Tap only the brands owned by Nestlé.,multi_tap,"D,F",Haribo,Cadbury,Hershey's,Nesquik,M&M's,Nescafé,Quizsentials,,False,24 Aug 2025,Bonus Round - 10 Multi Tap Questions.sqt,1,24 Aug 2025
Tap only the names of drink products in the Prime range of drinks sold by KSI and Logan Paul.,multi_tap,"A,B,F",Rapid Rehydration,Ice Hydration,Recovery,Relax,Quench,Energy,Quizsentials,,False,25 Aug 2025,Bonus Round - 10 Multi Tap Questions.sqt,1,25 Aug 2025
Physics question: tap only the scalar quantities (things that can be completely described by their magnitude or size alone).,multi_tap,"A,C,E,F",Temperature,Acceleration,Mass,Momentum,Charge,Speed,Quizsentials,,False,25 Aug 2025,Bonus Round - 10 Multi Tap Questions.sqt,1,25 Aug 2025
"Of the famous tours listed here, tap only the ones by Coldplay.",multi_tap,"A,B,C,F",Parachutes Tour,A Head Full of Dreams Tour,A Rush of Blood to the Head Tour,A Momentary Lapse of Reason Tour,Zoo TV Tour,Music of the Spheres World Tour,Quizsentials,,False,25 Aug 2025,Bonus Round - 10 Multi Tap Questions.sqt,1,25 Aug 2025
Tap only the countries where same-sex marriage is currently legal.,multi_tap,"A,B,D,F",Australia,Belgium,Egypt,Ireland,Russia,Thailand,Quizsentials,,False,25 Aug 2025,Bonus Round - 10 Multi Tap Questions.sqt,1,25 Aug 2025
Tap only the football clubs that Zlatan Ibrahimović played for.,multi_tap,"A,B,C,D,E,F",AC Milan,Juventus,Inter Milan,Barcelona,Ajax,Manchester United,Quizsentials,,False,25 Aug 2025,Bonus Round - 10 Multi Tap Questions.sqt,2,30 Jul 2026
Tap only the regular characters from the animated TV show 'American Dad'.,multi_tap,"B,C,D,F",Peter Griffin,Stan Smith,Jeff Fischer,Klaus Heissler,Cleveland Brown,Francine Smith,Quizsentials,,False,25 Aug 2025,Bonus Round - 10 Multi Tap Questions.sqt,1,25 Aug 2025
Tap only the names of droids from any of the nine films in the main 'Star Wars' series.,multi_tap,"A,C,D",R2-D2,C-2DO,BB-8,C-3PO,I-8U,I-8U-2,Quizsentials,,False,25 Aug 2025,Bonus Round - 10 Multi Tap Questions.sqt,1,25 Aug 2025
Tap only the things that are or have been a playing piece in Monopoly.,multi_tap,"A,C,E,F",Car,Sock,Cat,Spaceship,Thimble,Wheelbarrow,Quizsentials,,False,25 Aug 2025,Bonus Round - 10 Multi Tap Questions.sqt,1,25 Aug 2025
Tap only the book titles by Roald Dahl.,multi_tap,"A,C,D,F",James and the Giant Peach,Jack and the Beanstalk,Matilda,George's Marvellous Medicine,Master Humphrey's Clock,"Danny, the Champion of the World",Quizsentials,,False,25 Aug 2025,Bonus Round - 10 Multi Tap Questions.sqt,2,17 Sep 2025
Tap only the Chinese cities.,multi_tap,"A,B,C,F",Shanghai,Chongqing,Guangzhou,Ho Chi Minh City,Yokohama,Wuhan,Quizsentials,,False,26 Mar 2025,Bonus Round - 10 Multi Tap Questions.sqt,2,10 Jun 2026
"Of the actors listed here, tap only the ones that have played James Bond in movies.",multi_tap,"A,B,E,F",Roger Moore,Daniel Craig,Tom Hardy,Peter O'Toole,Timothy Dalton,Pierce Brosnan,Quizsentials,,False,26 Mar 2025,Bonus Round - 10 Multi Tap Questions.sqt,1,26 Mar 2025
"It's sometimes said that you should never trust a man with two first names. Of these famous two-first-namers, tap only the ones who are fictional.",multi_tap,"C,E",Dean Martin,Bruce Lee,Bruce Wayne,Jack Nicholas,Ricky Bobby,Ray Charles,Quizsentials,,False,26 Mar 2025,Bonus Round - 10 Multi Tap Questions.sqt,2,3 Dec 2025
Tap only the frequencies on the electromagnetic spectrum that have a shorter wavelength than visible light.,multi_tap,"B,C,D",Infrared,Ultraviolet,Gamma ray,X-ray,Radio wave,Microwave,Quizsentials,,False,26 Mar 2025,Bonus Round - 10 Multi Tap Questions.sqt,2,14 Jan 2026
Tap only the apps that are owned by social media company Meta.,multi_tap,"A,C,E,F",Facebook,TikTok,Whatsapp,Discord,Instagram,Threads,Quizsentials,,False,26 Mar 2025,Bonus Round - 10 Multi Tap Questions.sqt,1,26 Mar 2025
"According to International Bartenders Association specifications, tap only the cocktails that have vodka in them.",multi_tap,"A,B,C,F",Bloody Mary,Cosmopolitan,Moscow Mule,Pink Lady,Tom Collins,White Russian,Quizsentials,,False,26 Mar 2025,Bonus Round - 10 Multi Tap Questions.sqt,2,5 Feb 2026
Tap only the names of fielding positions in cricket.,multi_tap,B,Top bob,Deep extra cover,Low arm,Long bat reach,Leg over,Shortstopper,Quizsentials,,False,26 Mar 2025,Bonus Round - 10 Multi Tap Questions.sqt,6,8 May 2025
"Of the former US presidents listed here, tap only the ones that are still alive.",multi_tap,"B,D,E",Jimmy Carter,Barack Obama,George H.W. Bush,George W. Bush,Bill Clinton,Ronald Reagan,Quizsentials,,False,26 Mar 2025,Bonus Round - 10 Multi Tap Questions.sqt,3,25 Feb 2026
Tap only the names of characters who have appeared in the 'Grand Theft Auto' series of video games.,multi_tap,"A,C,E,F",Tommy Vercetti,Gordon Freeman,Niko Bellic,Lara Croft,Trevor Philips,Carl 'CJ' Johnson,Quizsentials,,False,23 Nov 2025,Bonus Round - 10 Multi Tap Questions.sqt,1,23 Nov 2025
Tap only the substances that have a greater density than pure water.,multi_tap,"A,C,E",Milk,Isopropyl alcohol,Honey,Olive oil,Tar,Turpentine,Quizsentials,,False,23 Nov 2025,Bonus Round - 10 Multi Tap Questions.sqt,2,25 Feb 2025
Tap only the letters that appear in either of the names of the two main droid characters from the original 'Star Wars' film.,multi_tap,"A,B,C,D,F",O,D,P,R,A,C,Quizsentials,,False,23 Nov 2025,Bonus Round - 10 Multi Tap Questions.sqt,1,23 Nov 2025
Tap only the musical instruments that are in the woodwind family.,multi_tap,"D,E,F",Trombone,Tuba,French horn,Piccolo,Clarinet,Flute,Quizsentials,,False,23 Nov 2025,Bonus Round - 10 Multi Tap Questions.sqt,1,23 Nov 2025
Tap only the countries that were once considered part of the British Empire.,multi_tap,"A,C,E,F",India,Brazil,Australia,Morocco,Kenya,Barbados,Quizsentials,,False,23 Nov 2025,Bonus Round - 10 Multi Tap Questions.sqt,1,23 Nov 2025
"Of these famous European attractions, tap only the ones in Paris.",multi_tap,"A,F",Eiffel Tower,Manneken Pis,Trevi Fountain,Sagrada Familia,Menin Gate,Arc de Triomphe,Quizsentials,,False,23 Nov 2025,Bonus Round - 10 Multi Tap Questions.sqt,1,23 Nov 2025
Tap only the former footballers who played for BOTH Arsenal and Tottenham Hotspur.,multi_tap,"A,C,D",Sol Campbell,Ashley Cole,Pat Jennings,Emmanuel Adebayor,Ian Wright,David Ginola,Quizsentials,,False,23 Nov 2025,Bonus Round - 10 Multi Tap Questions.sqt,2,8 Apr 2025
"Of the famous books listed here, tap only the ones that are based on a true story.",multi_tap,"B,C","The Hitchhiker's Guide to the Galaxy, by Douglas Adams","Twelve Years a Slave, by Solomon Northup","In Cold Blood, by Truman Capote","Dune, by Frank Herbert","Charlie and the Chocolate Factory, by Roald Dahl","The Jungle Book, by Rudyard Kipling",Quizsentials,,False,23 Nov 2025,Bonus Round - 10 Multi Tap Questions.sqt,1,23 Nov 2025
Tap only the places where St Patrick is the patron saint.,multi_tap,"B,C,D,E",Iceland,Ireland,Northern Ireland,Nigeria,"Boston, Massachusetts",Scotland,Quizsentials,,False,23 Nov 2025,Bonus Round - 10 Multi Tap Questions.sqt,1,23 Nov 2025
Tap only the countries that share a land border with Russia.,multi_tap,"A,B,C,D,F",Belarus,Lithuania,China,North Korea,North Macedonia,Norway,Quizsentials,,False,27 Mar 2025,Bonus Round - 10 Multi Tap Questions.sqt,2,9 Jun 2026
Tap only the names of 'Friends' characters.,multi_tap,F,Rachel Grey,Lisa Kudrow,Monica Cox,Matt LeBlanc,Matthew Perry,Ross Geller,Quizsentials,,False,27 Mar 2025,Bonus Round - 10 Multi Tap Questions.sqt,1,27 Mar 2025
"Of the famous people listed here, tap only the ones that have been divorced.",multi_tap,"A,C,E,F",King Charles III,Pope Francis,Jeff Bezos,Beyoncé,Bill Gates,Jennifer Lopez,Quizsentials,,False,27 Mar 2025,Bonus Round - 10 Multi Tap Questions.sqt,2,30 Nov 2025
"In physics, the term 'simple machine' usually refers to the six classical mechanical devices that change the direction or magnitude of a force. From these options, tap only the ones that are on that list, as defined by Renaissance scientists.",multi_tap,"A,B,D,F",Lever,Pulley,Engine,Screw,Pump,Wheel and axle,Quizsentials,,False,27 Mar 2025,Bonus Round - 10 Multi Tap Questions.sqt,2,21 Jan 2026
Tap only the gymnastics events that BOTH men and women compete in at the Olympics.,multi_tap,"B,E",Pommel horse,Vault,Uneven bars,Balance beam,Floor exercise,High/horizontal bar,Quizsentials,,False,27 Mar 2025,Bonus Round - 10 Multi Tap Questions.sqt,1,27 Mar 2025
Tap only the people who have been awarded the Nobel Prize for Literature.,multi_tap,"B,F",William Shakespeare,Bob Dylan,Jimmy Carter,Paris Hilton,King Charles III,Winston Churchill,Quizsentials,,False,27 Mar 2025,Bonus Round - 10 Multi Tap Questions.sqt,2,19 Apr 2026
Tap only the song titles by the Spice Girls.,multi_tap,A,Wannabe,Spice Up My Life,1 Become 2,If I Wanna Be Your Lover,Who Do You Think I Am,Papa,Quizsentials,,False,27 Mar 2025,Bonus Round - 10 Multi Tap Questions.sqt,2,9 Jun 2026
Tap only the Irish drink brands.,multi_tap,"A,E,F",Baileys,Budweiser,Jack Daniels,Smirnoff,Guinness,Jameson,Quizsentials,,False,27 Mar 2025,Bonus Round - 10 Multi Tap Questions.sqt,2,1 Feb 2026
Tap only the names of basketball stars as opposed to American footballers.,multi_tap,"B,C,D",Travis Kelce,LeBron James,Stephen Curry,Kyrie Irving,Tyreek Hill,Patrick Mahomes,Quizsentials,,False,27 Mar 2025,Bonus Round - 10 Multi Tap Questions.sqt,2,11 Nov 2025
Tap only the people who have guest starred on 'The Simpsons' as themselves.,multi_tap,"A,C,D,F",Stephen Hawking,Taylor Swift,Chris Martin,Ricky Gervais,Madonna,Gordon Ramsay,Quizsentials,,False,3 Aug 2025,Bonus Round - 10 Multi Tap Questions.sqt,1,3 Aug 2025
Tap only the authors who are/were American.,multi_tap,"A,C,D,E,F",Mark Twain,Margaret Atwood,John Steinbeck,Harper Lee,Ernest Hemingway,F. Scott Fitzgerald,Quizsentials,,False,3 Aug 2025,Bonus Round - 10 Multi Tap Questions.sqt,1,3 Aug 2025
Tap only the conditions or ailments that affect the eyes.,multi_tap,"A,B,D,E",Myopia,Hyperopia,Osteoarthritis,Cataracts,Glaucoma,Cystic fibrosis,Quizsentials,,False,3 Aug 2025,Bonus Round - 10 Multi Tap Questions.sqt,1,3 Aug 2025
Tap only the things that are listed in the lyrics of 'My Favourite Things' from 'The Sound of Music'.,multi_tap,"D,E",Babies in bonnets,Cheese and ham toasties,High flying eagles,Cream-coloured ponies,Silver-white winters,Warm summer days,Quizsentials,,False,3 Aug 2025,Bonus Round - 10 Multi Tap Questions.sqt,1,3 Aug 2025
Tap only the companies that were founded in Asia.,multi_tap,"D,F",Volvo,Apple,Costco,Tata Group,PayPal,Yamaha,Quizsentials,,False,3 Aug 2025,Bonus Round - 10 Multi Tap Questions.sqt,1,3 Aug 2025
Tap only cities that have hosted the Summer Olympic Games more than once.,multi_tap,"A,B,C,F",Paris,London,Athens,Sydney,Beijing,Tokyo,Quizsentials,,False,3 Aug 2025,Bonus Round - 10 Multi Tap Questions.sqt,1,3 Aug 2025
Tap only the songs that have had over three billion streams on Spotify.,multi_tap,"A,D,F",Blinding Lights - The Weeknd,Rolling in the Deep - Adele,Single Ladies - Beyoncé,Shape of You - Ed Sheeran,Video Games - Lana Del Rey,As It Was - Harry Styles,Quizsentials,,False,3 Aug 2025,Bonus Round - 10 Multi Tap Questions.sqt,1,3 Aug 2025
Tap only the countries that border Brazil.,multi_tap,"A,D,E",Argentina,Mexico,Guatemala,Colombia,Venezuela,Chile,Quizsentials,,False,3 Aug 2025,Bonus Round - 10 Multi Tap Questions.sqt,1,3 Aug 2025
Tap only the football clubs that have been managed by José Mourinho.,multi_tap,"A,C,D,F",Manchester United,Liverpool,Tottenham,Chelsea,AC Milan,Real Madrid,Quizsentials,,False,3 Aug 2025,Bonus Round - 10 Multi Tap Questions.sqt,2,26 May 2026
"Of the countries listed here, tap only the ones that are on the continent of South America.",multi_tap,"C,D,E",Mexico,Belize,Argentina,Paraguay,Uruguay,Cuba,Quizsentials,,False,15 May 2025,Bonus Round - 10 Multi Tap Questions.sqt,2,26 Jul 2026
"Of the 2010s movies listed here, tap only the ones based on real events.",multi_tap,"A,C,E",The Social Network,The Shape of Water,The Big Short,The Great Gatsby,The Greatest Showman,The Lobster,Quizsentials,,False,15 May 2025,Bonus Round - 10 Multi Tap Questions.sqt,1,15 May 2025
Tap only the names of families in 'Game of Thrones'.,multi_tap,"A,C,D,E",Greyjoy,Khaleesi,Lannister,Stark,Tyrell,Westeros,Quizsentials,,False,15 May 2025,Bonus Round - 10 Multi Tap Questions.sqt,2,2 Apr 2026
"Of the Italian foods listed here, tap only the ones that typically come from pigs.",multi_tap,"B,D,E,F",Calamari,Proscuitto,Ossobuco,Porchetta,Nduja,Mortadella,Quizsentials,,False,15 May 2025,Bonus Round - 10 Multi Tap Questions.sqt,2,22 Mar 2026
Tap only the countries that have had an athletes win Olympic gold in the 200 metres.,multi_tap,"A,C",Jamaica,Cuba,Bahamas,Trinidad and Tobago,Haiti,Barbados,Quizsentials,,False,15 May 2025,Bonus Round - 10 Multi Tap Questions.sqt,1,15 May 2025
Tap only the words that mean intelligent.,multi_tap,"C,D,E",Thickheaded,Imbecilic,Ingenious,Astute,Clever,Dense,Quizsentials,,False,15 May 2025,Bonus Round - 10 Multi Tap Questions.sqt,2,12 Jun 2026
Tap only the names of albums by the band Smashing Pumpkins.,multi_tap,"A,C,F",Mellon Collie and the Infinite Sadness,Nevermind,Adore,Ten,Dookie,Siamese Dream,Quizsentials,,False,15 May 2025,Bonus Round - 10 Multi Tap Questions.sqt,1,15 May 2025
"Of the ingredients listed here, tap only the ones that are in a typical lasagna al forno (the most common type of lasagna outside of Italy).",multi_tap,"B,E,F",Turkey mince,Beef mince,Salami,Gorgonzola,Milk,Nutmeg,Quizsentials,,False,15 May 2025,Bonus Round - 10 Multi Tap Questions.sqt,2,26 Mar 2026
Tap only the football teams that Alex Ferguson managed.,multi_tap,"B,C,D,F",Dundee United,Aberdeen,St Mirren,Manchester United,Rangers,Scotland,Quizsentials,,False,15 May 2025,Bonus Round - 10 Multi Tap Questions.sqt,2,30 Jan 2026
Tap only the countries that border Germany.,multi_tap,"A,C,E,F",France,Spain,Poland,Italy,Austria,Switzerland,Quizsentials,,False,4 Apr 2025,Bonus Round - 10 Multi Tap Questions.sqt,2,19 Jun 2026
Tap only the names/nicknames of fictional boxers that fought Rocky Balboa.,multi_tap,"A,C,E",Apollo Creed,The Bay City Bomber,Clubber Lang,James Dixon,Tommy Gunn,Vladimir Drago,Quizsentials,,False,4 Apr 2025,Bonus Round - 10 Multi Tap Questions.sqt,1,4 Apr 2025
Tap only the units of energy.,multi_tap,"B,D",Newton,Calorie,Amp,Joule,Volt,Ohm,Quizsentials,,False,4 Apr 2025,Bonus Round - 10 Multi Tap Questions.sqt,2,17 Feb 2026
Tap only the Volkswagen vehicles.,multi_tap,"A,B,C,D,E",Polo,Golf,Passat,Scirocco,Touareg,Kodiaq,Quizsentials,,False,4 Apr 2025,Bonus Round - 10 Multi Tap Questions.sqt,1,4 Apr 2025
Tap only the languages that are classed as Romance languages.,multi_tap,"B,D,F",English,Spanish,German,French,Russian,Italian,Quizsentials,,False,4 Apr 2025,Bonus Round - 10 Multi Tap Questions.sqt,3,3 May 2026
"Of the sauces listed here, tap only the ones considered 'mother sauces' or 'grandes sauces' in French cuisine.",multi_tap,"A,E,F",Béchamel,Barbecue,Soy,Tartare,Tomato,Velouté,Quizsentials,,False,4 Apr 2025,Bonus Round - 10 Multi Tap Questions.sqt,2,13 Feb 2026
Tap only the football clubs that Virgil van Dijk has played for.,multi_tap,"A,C,E",Southampton,Chelsea,Celtic,Ajax,Liverpool,Feyenoord,Quizsentials,,False,4 Apr 2025,Bonus Round - 10 Multi Tap Questions.sqt,2,25 Nov 2025
Tap only the political events that took place in 2024.,multi_tap,"C,D,E",Donald Trump was sworn in as US president for the second time,Justin Trudeau stepped down as Canadian prime minister,Kamala Harris took over from Joe Biden in the US presidential election,Keir Starmer became UK prime minister,The Assad regime in Syria was overthrown,Donald Tusk became prime minister of Poland,Quizsentials,,False,4 Apr 2025,Bonus Round - 10 Multi Tap Questions.sqt,2,13 Mar 2026
Tap only the French car manufacturers.,multi_tap,"A,B,F",Citroen,Renault,Volkswagen,Volvo,BMW,Peugeot,Quizsentials,,False,17 Jun 2025,Bonus Round - 10 Multi Tap Questions.sqt,1,17 Jun 2025
Tap only the countries the river Danube flows through.,multi_tap,"A,D,E,F",Germany,Spain,France,Austria,Hungary,Romania,Quizsentials,,False,17 Jun 2025,Bonus Round - 10 Multi Tap Questions.sqt,2,21 Aug 2026
Tap only the planets that NASA have reportedly landed spacecraft on.,multi_tap,"B,F",Jupiter,Mars,Mercury,Saturn,Uranus,Venus,Quizsentials,,False,17 Jun 2025,Bonus Round - 10 Multi Tap Questions.sqt,1,17 Jun 2025
"Of the animals listed here, tap only the ones considered part of the Big Five by big-game hunters.",multi_tap,"A,E",Elephant,Giraffe,Gorilla,Hyeno,Rhinoceros,Tiger,Quizsentials,,False,17 Jun 2025,Bonus Round - 10 Multi Tap Questions.sqt,1,17 Jun 2025
"Of these 2020s pop songs, tap only the ones by Gracie Abrams.",multi_tap,"A,D,F",Close To You,Messy,Hot to Go!,That's So True,Traitor,"I Love You, I'm Sorry",Quizsentials,,False,17 Jun 2025,Bonus Round - 10 Multi Tap Questions.sqt,1,17 Jun 2025
Tap only the Keanu Reeves movies.,multi_tap,"B,C,E",Wayne's World,Bill & Ted's Excellent Adventure,The Matrix,Shrek,Speed,Die Hard,Quizsentials,,False,17 Jun 2025,Bonus Round - 10 Multi Tap Questions.sqt,1,17 Jun 2025
"Of these French numbers, tap only the ones that are between 1 and 6.",multi_tap,"C,E",Huit,Treize,Cinq,Onze,Deux,Quarante,Quizsentials,,False,17 Jun 2025,Bonus Round - 10 Multi Tap Questions.sqt,2,22 Jul 2026
"Of the ingredients listed here, tap only the ones that are in the BBC Good Food Guide's recipe for a 'no-fuss shepherd's pie'.",multi_tap,"B,F",Beef mince,Lamb mince,Brie,Tarragon,Pancetta,Potatoes,Quizsentials,,False,17 Jun 2025,Bonus Round - 10 Multi Tap Questions.sqt,2,17 Jul 2026
"Of the TV shows listed here, tap only the ones that are predominantly set in California.",multi_tap,"B,D",Stranger Things,The Big Bang Theory,Young Sheldon,Euphoria,Dexter,Brooklyn Nine-Nine,Quizsentials,,False,17 Jun 2025,Bonus Round - 10 Multi Tap Questions.sqt,1,17 Jun 2025
"Of these Italian football clubs, tap only those that have won the European Cup or Champions League?",multi_tap,"A,C,D",Juventus,Fiorentina,AC Milan,Inter Milan,Napoli,Sampdoria,Quizsentials,,False,27 Jul 2025,Bonus Round - 10 Multi Tap Questions.sqt,1,27 Jul 2025
Tap only the countries that are south of the equator.,multi_tap,"A,F",Mozambique,Hungary,San Marino,Japan,Chad,Zambia,Quizsentials,,False,27 Jul 2025,Bonus Round - 10 Multi Tap Questions.sqt,1,27 Jul 2025
"Of the cartoon characters listed here, tap only the ones known for wearing glasses.",multi_tap,"A,C,E","Dexter, from Dexter's Laboratory","Daphne, from Scooby-Doo","Milhouse, from The Simpsons","Cartman, from South Park","Meg, from Family Guy","Fry, from Futurama",Quizsentials,,False,27 Jul 2025,Bonus Round - 10 Multi Tap Questions.sqt,1,27 Jul 2025
Tap only the holy sacraments in the Roman Catholic Church.,multi_tap,"A,C,E,F",Holy Communion/Eucharist,Learning the Lord's Prayer,Matrimony,Funeral,Anointing of the Sick,Baptism,Quizsentials,,False,27 Jul 2025,Bonus Round - 10 Multi Tap Questions.sqt,1,27 Jul 2025
Tap only the countries where French is an official or co-official language.,multi_tap,"A,B,D,F",Cameroon,Belgium,Netherlands,Switzerland,Argentina,Canada,Quizsentials,,False,27 Jul 2025,Bonus Round - 10 Multi Tap Questions.sqt,1,27 Jul 2025
Tap only the companies that were founded in Europe.,multi_tap,"A,F",Bosch,Hitachi,PepsiCo,Intel,Panasonic,Nestlé,Quizsentials,,False,27 Jul 2025,Bonus Round - 10 Multi Tap Questions.sqt,1,27 Jul 2025
"Of the social media services listed here, tap only the ones that were founded before 2010.",multi_tap,"A,C,D,F",Facebook,Instagram,Friends Reunited,LinkedIn,TikTok,Twitter,Quizsentials,,False,27 Jul 2025,Bonus Round - 10 Multi Tap Questions.sqt,1,27 Jul 2025
"Of the songs listed here, tap only the ones that were co-written by Ed Sheeran.",multi_tap,"D,E,F","As It Was, by Harry Styles","Blinding Lights, by The Weeknd","Flowers, by Miley Cyrus","Little Things, by One Direction","Love Yourself, by Justin Bieber","Say You Love Me, by Jessie Ware",Quizsentials,,False,27 Jul 2025,Bonus Round - 10 Multi Tap Questions.sqt,1,27 Jul 2025
Tap only the names of Von Trapp children from 'The Sound of Music'.,multi_tap,"A,C,D,E,F",Gretl,Hansel,Liesl,Louisa,Kurt,Marta,Quizsentials,,False,27 Jul 2025,Bonus Round - 10 Multi Tap Questions.sqt,1,27 Jul 2025
Tap only the things that St Valentine is the patron saint of?,multi_tap,"B,C,E",Chocolate,The Italian city of Terni,Beekeepers,Wooden ladders,Epilepsy,The Internet,Quizsentials,,False,4 Feb 2026,Bonus Round - 10 Multi Tap Questions.sqt,1,4 Feb 2026
Tap only the names of characters from The Beano.,multi_tap,"B,D,E,F",Beryl the Peril,Dennis the Menace,Desperate Dan,Lord Snooty,Minnie the Minx,Rodger the Dodger,Quizsentials,,False,4 Feb 2026,Bonus Round - 10 Multi Tap Questions.sqt,1,4 Feb 2026
Tap only the countries that are among the top five producers of coffee in the world.,multi_tap,"A,C,E",Colombia,Italy,Ethiopia,Turkey,Brazil,Morocco,Quizsentials,,False,4 Feb 2026,Bonus Round - 10 Multi Tap Questions.sqt,1,4 Feb 2026
"Of the dog breeds listed here, tap only the ones considered sheep dogs or herding dogs.",multi_tap,"A,C,D",Border Collie,Springer Spaniel,German Shepherd,Blue Heeler,Golden Retriever,Poodle,Quizsentials,,False,4 Feb 2026,Bonus Round - 10 Multi Tap Questions.sqt,2,28 Mar 2025
Tap only the Shakespeare plays that are primarily set in Italy.,multi_tap,"A,B,C,D,E,F",Julius Caesar,The Winter's Tale,The Merchant of Venice,The Two Gentlemen of Verona,Romeo and Juliet,Othello,Quizsentials,,False,4 Feb 2026,Bonus Round - 10 Multi Tap Questions.sqt,1,4 Feb 2026
Tap only the musicians who died at the age of 27.,multi_tap,"C,D",John Lennon,Bob Marley,Amy Winehouse,Kurt Cobain,Tupac Shakur,Elvis Presley,Quizsentials,,False,4 Feb 2026,Bonus Round - 10 Multi Tap Questions.sqt,1,4 Feb 2026
Tap only the movies with over 90% scores from critics on the Rotten Tomatoes film review website.,multi_tap,"A,D,E",Captain America: The Winter Soldier,The Wolverine,The Flash,The Dark Knight,The Incredibles,The Marvels,Quizsentials,,False,4 Feb 2026,Bonus Round - 10 Multi Tap Questions.sqt,1,4 Feb 2026
"Of the countries listed here, tap only the ones where Napoleon Bonaparte was head of state.",multi_tap,"A,E",France,Russia,Prussia,Ireland,Italy,Canada,Quizsentials,,False,4 Feb 2026,Bonus Round - 10 Multi Tap Questions.sqt,2,4 Feb 2026
Tap only the TV shows that first aired on Amazon Prime.,multi_tap,"A,B,E",The Boys,The Lord of the Rings: The Rings of Power,Ted Lasso,Stranger Things,Reacher,The Mandalorian,Quizsentials,,False,4 Feb 2026,Bonus Round - 10 Multi Tap Questions.sqt,1,4 Feb 2026
Tap only the animals that are members of the great ape family.,multi_tap,"C,E,F",Capuchin monkey,Gibbon,Gorilla,Baboon,Human,Chimpanzee,Quizsentials,,False,5 Feb 2026,Bonus Round - 10 Multi Tap Questions.sqt,2,2 Apr 2025
Tap only the actors who have played the role of Batman on screen.,multi_tap,"A,F",Christian Bale,Jim Carrey,Heath Ledger,Tom Hardy,Colin Farrell,Val Kilmer,Quizsentials,,False,5 Feb 2026,Bonus Round - 10 Multi Tap Questions.sqt,1,5 Feb 2026
Tap only the battles that took place in Continental Europe.,multi_tap,"B,C,D",Battle of Little Big Horn,Battle of Waterloo,Battle of the Somme,Battle of the Bulge,Battle of Hastings,Battle of Stamford Bridge,Quizsentials,,False,5 Feb 2026,Bonus Round - 10 Multi Tap Questions.sqt,2,13 Mar 2025
Tap only the last names of the main friends in 'Friends'.,multi_tap,"A,E",Bing,Black,Bong,Brown,Green,Gunther,Quizsentials,,False,5 Feb 2026,Bonus Round - 10 Multi Tap Questions.sqt,1,5 Feb 2026
"Of these Olympic gold-medallists, tap only the ones who won in swimming.",multi_tap,"A,C,D,E",Ian Thorpe,Eliud Kipchoge,Katie Ledecky,Mark Spitz,Michael Phelps,Simone Biles,Quizsentials,,False,5 Feb 2026,Bonus Round - 10 Multi Tap Questions.sqt,1,5 Feb 2026
Tap only the terms that feature in the lyrics of the Proclaimers song 'I'm Gonna Be (500 Miles)'?,multi_tap,"A,B,C,E",Wake up,Go out,Get drunk,Have a fight,Come home,Get told off,Quizsentials,,False,5 Feb 2026,Bonus Round - 10 Multi Tap Questions.sqt,1,5 Feb 2026
Tap only the works by Oscar Wilde?,multi_tap,"A,B,C",The Picture of Dorian Gray,Only Dull People Are Fabulous At Breakfast,A Woman of No Importance,Dracula,Waiting For Godot,The Tenant of Wildfell Hall,Quizsentials,,False,5 Feb 2026,Bonus Round - 10 Multi Tap Questions.sqt,1,5 Feb 2026
Tap only the cities that have a greater population than Paris.,multi_tap,"B,C,D,F",Madrid,Rio de Janeiro,New York City,Delhi,"Washington, DC",Tokyo,Quizsentials,,False,5 Feb 2026,Bonus Round - 10 Multi Tap Questions.sqt,1,5 Feb 2026
"According to a recent price check, tap only the items that are more expensive on TEMU than this 2-in-1 Cordless Pole Saw & Mini Chainsaw.",multi_tap,"C,E",Men's Lucky Dragon Pattern Kimono Shirt,4ft Fibre Optic Christmas Tree,Electric Power Lift Recliner Chair for Elderley,Electric Control Electric Rotating Duck,Apple iPhone 12 64GB,Premium Corrugated Roof Kit 12pk,Quizsentials,,False,14 Oct 2025,Bonus Round - 10 Multi Tap Questions.sqt,1,14 Oct 2025
"Of the Will Smith movies listed here, tap only the ones that also starred his son Jaden Smith.",multi_tap,"A,C",The Pursuit of Happyness,Wild Wild West,After Earth,I Am Legend,Men in Black,Suicide Squad,Quizsentials,,False,14 Oct 2025,Bonus Round - 10 Multi Tap Questions.sqt,1,14 Oct 2025
Tap only the British models.,multi_tap,"A,B,C",Kate Moss,Naomi Campbell,Cara Delevingne,Karlie Kloss,Gisele Bündchen,Heidi Klum,Quizsentials,,False,14 Oct 2025,Bonus Round - 10 Multi Tap Questions.sqt,2,27 Feb 2025
Tap only the wars that took place in the 20th century.,multi_tap,"B,E,F",Iraq War,Vietnam War,Crimean War,American Civil War,World War One,Bosnian War,Quizsentials,,False,14 Oct 2025,Bonus Round - 10 Multi Tap Questions.sqt,1,14 Oct 2025
Tap only the examples of fossil fuels.,multi_tap,"A,C,D",Petroleum,Charcoal,Coal,Natural gas,Geothermal energy,Biodiesel,Quizsentials,,False,14 Oct 2025,Bonus Round - 10 Multi Tap Questions.sqt,1,14 Oct 2025
"Of these present-day sovereign states, tap only the ones that were formed after 1990.",multi_tap,"A,B,C",Eritrea,Slovakia,Montenegro,Bangladesh,El Salvador,Libya,Quizsentials,,False,14 Oct 2025,Bonus Round - 10 Multi Tap Questions.sqt,2,19 Sep 2025
"Of the books listed here, tap only the ones written by C.S. Lewis.",multi_tap,"A,C,E","The Lion, the Witch and the Wardrobe",Watership Down,Prince Caspian,The Cat in the Hat,The Magician's Nephew,The Secret Garden,Quizsentials,,False,14 Oct 2025,Bonus Round - 10 Multi Tap Questions.sqt,1,14 Oct 2025
Tap only the Olympic Games where Usain Bolt won a gold medal.,multi_tap,"C,D,E",Sydney 2000,Athens 2004,Beijing 2008,London 2012,Rio 2016,Tokyo 2020,Quizsentials,,False,14 Oct 2025,Bonus Round - 10 Multi Tap Questions.sqt,1,14 Oct 2025
"Referred to as 'The Day the Music Died', tap only the musicians who were killed in the plane crash near Clear Lake, Iowa, on February 3rd 1959.",multi_tap,"C,D,F",Bill Haley,Fats Domino,Buddy Holly,Ritchie Valens,Bo Diddley,The Big Bopper,Quizsentials,,False,14 Oct 2025,Bonus Round - 10 Multi Tap Questions.sqt,1,14 Oct 2025
"Of the drinks listed here, tap only the ones that are typically more than 20% alcohol by volume.",multi_tap,"C,D,E,F",Cabernet sauvignon,Irish stout,Bourbon whiskey,Scotch whisky,Gin,Rum,Quizsentials,,False,14 Oct 2025,Bonus Round - 10 Multi Tap Questions.sqt,1,14 Oct 2025
Tap only the fruits that are classed as citrus fruits.,multi_tap,"A,B,C,D,F",Orange,Tangerine,Grapefruit,Lemon,Peach,Lime,Quizsentials,,False,13 Jul 2025,Bonus Round - 10 Multi Tap Questions.sqt,2,30 Aug 2026
Tap only the things that are typically louder that the Guinness world record for the loudest human burp.,multi_tap,"A,D,E,F",Rocket launch,Food blender,Electric drill,Plane take-off,Sperm whale,Shotgun blast,Quizsentials,,False,13 Jul 2025,Bonus Round - 10 Multi Tap Questions.sqt,1,13 Jul 2025
"Of the famous musicians listed here, tap only the ones that gained fame as the lead singer in their band.",multi_tap,"C,D,F",Slash,Brian May,Kurt Cobain,Bono,Flea,Ozzy Osbourne,Quizsentials,,False,13 Jul 2025,Bonus Round - 10 Multi Tap Questions.sqt,1,13 Jul 2025
Tap only the animals that typically have a longer pregnancy than humans.,multi_tap,"A,B,C",Elephant,Horse,Sperm whale,Lion,Goat,Hamster,Quizsentials,,False,13 Jul 2025,Bonus Round - 10 Multi Tap Questions.sqt,2,4 Jun 2026
Tap only the TV shows that have starred Selena Gomez.,multi_tap,"B,E",Wednesday,Wizards of Waverly Place,Victorious,iCarly,Only Murders in the Building,American Horror Story,Quizsentials,,False,13 Jul 2025,Bonus Round - 10 Multi Tap Questions.sqt,1,13 Jul 2025
Tap only the actresses that were in 'Pitch Perfect'.,multi_tap,"A,E",Rebel Wilson,Jennifer Lawrence,Chloë Grace Moretz,Saoirse Ronan,Anna Kendrick,Kristen Stewart,Quizsentials,,False,13 Jul 2025,Bonus Round - 10 Multi Tap Questions.sqt,1,13 Jul 2025
Tap only the countries that have a larger area than India.,multi_tap,"A,B,C,F",Australia,Brazil,Canada,France,Ukraine,Russia,Quizsentials,,False,13 Jul 2025,Bonus Round - 10 Multi Tap Questions.sqt,1,13 Jul 2025
Tap only the football teams that qualified for this summer's Club World Cup.,multi_tap,"B,D,E,F",Liverpool,Palmeiras,Barcelona,Boca Juniors,Inter Miami,Chelsea,Quizsentials,,False,13 Jul 2025,Bonus Round - 10 Multi Tap Questions.sqt,1,13 Jul 2025
"Of the fruits listed here, tap only the ones that are BOTANICALLY classed as berries.",multi_tap,"B,E,F",Apple,Gooseberry,Strawberry,Pear,Elderberry,Banana,Quizsentials,,False,22 Jun 2025,Bonus Round - 10 Multi Tap Questions.sqt,2,22 Jul 2026
Tap only the Portuguese footballers.,multi_tap,"B,C,D",João Pedro,João Félix,João Cancelo,Cristiano Ronaldo,Ronaldo,Ronaldinho,Quizsentials,,False,22 Jun 2025,Bonus Round - 10 Multi Tap Questions.sqt,2,27 Mar 2026
Tap only the names of yachts from the reality show 'Below Deck'.,multi_tap,"A,D,F",Ohana,Enterprise,Discovery,Valor,Voyager,My Seanna,Quizsentials,,False,22 Jun 2025,Bonus Round - 10 Multi Tap Questions.sqt,1,22 Jun 2025
Tap only the biblical figures that appear in the Book of Genesis?,multi_tap,"A,B,D,E",Adam,Noah,Moses,Abraham,Eve,Simon Peter,Quizsentials,,False,22 Jun 2025,Bonus Round - 10 Multi Tap Questions.sqt,2,5 Jun 2026
Tap only the films starring Halle Berry.,multi_tap,"A,B,C,E",Moonfall,X-Men: The Last Stand,Catwoman,Gone in 60 Seconds,Die Another Day,Patriot Games,Quizsentials,,False,22 Jun 2025,Bonus Round - 10 Multi Tap Questions.sqt,1,22 Jun 2025
"Of these landmarks, tap only the ones in Northern Ireland.",multi_tap,"A,F",Giant's Causeway,Guinness Storehouse,Blarney Stone,The English Market,Dublin Castle,Stormont,Quizsentials,,False,22 Jun 2025,Bonus Round - 10 Multi Tap Questions.sqt,2,3 Sep 2026
"Of the boxing legends listed here, tap only the ones born in the USA.",multi_tap,"A,C,D,E",Oscar De La Hoya,Manny Pacquiao,Marvin Hagler,Rocky Marciano,'Sugar' Ray Robinson,Nigel Benn,Quizsentials,,False,22 Jun 2025,Bonus Round - 10 Multi Tap Questions.sqt,2,5 Aug 2025
"Tap only the girl groups who have, or have had, at least one Irish member (including Northern Irish).",multi_tap,"A,C,E,F",B*Witched,Atomic Kitten,The Nolans,All Saints,Girls Aloud,The Saturdays,Quizsentials,,False,22 Jun 2025,Bonus Round - 10 Multi Tap Questions.sqt,1,22 Jun 2025
Tap only the titles of books in 'The Chronicles of Narnia' series by C.S. Lewis.,multi_tap,"A,C,D",Prince Caspian,Return to Narnia,The Horse and His Boy,"The Lion, the Witch and the Wardrobe",The Magician's Apprentice,The Rise of Aslan,Quizsentials,,False,22 Jun 2025,Bonus Round - 10 Multi Tap Questions.sqt,2,26 Jul 2026
"Of the African countries, tap only the ones that are landlocked.",multi_tap,"D,E,F",Nigeria,Egypt,Somalia,Botswana,Lesotho,Rwanda,Quizsentials,,False,20 May 2025,Bonus Round - 10 Multi Tap Questions.sqt,2,29 Jul 2026
"Of the animated movies listed here, tap only the ones released by Walt Disney productions.",multi_tap,"A,B",Beauty and the Beast,Cinderella,Despicable Me,Ice Age,Kung Fu Panda,Shrek,Quizsentials,,False,20 May 2025,Bonus Round - 10 Multi Tap Questions.sqt,1,20 May 2025
"Of the countries listed here, tap only the ones that have won the Eurovision Song Contest four or more times.",multi_tap,"B,C,D,F",Germany,Ireland,Israel,Sweden,Spain,United Kingdom,Quizsentials,,False,20 May 2025,Bonus Round - 10 Multi Tap Questions.sqt,2,5 Apr 2026
Tap only the real varietes of bat.,multi_tap,"A,C,D",Pipistrelle,Field,Hog-nosed,Vampire,Harvest,Kangaroo,Quizsentials,,False,20 May 2025,Bonus Round - 10 Multi Tap Questions.sqt,1,20 May 2025
Tap only the cities that have hosted the Summer Olympics.,multi_tap,"A,B,E,F",Melbourne,Mexico City,Milan,Madrid,Moscow,Munich,Quizsentials,,False,20 May 2025,Bonus Round - 10 Multi Tap Questions.sqt,1,20 May 2025
"Of the stories listed here, tap only the ones written by Hans Christian Andersen.",multi_tap,"B,D,E,F",Hansel and Gretel,The Emperor's New Clothes,The Very Hungry Caterpillar,The Little Mermaid,The Snow Queen,The Ugly Duckling,Quizsentials,,False,20 May 2025,Bonus Round - 10 Multi Tap Questions.sqt,3,17 Jun 2026
Tap only the Oasis songs.,multi_tap,"B,C,D,F",Sex & Drugs & Rock & Roll,Champagne Supernova,Rock 'N' Roll Star,D' You Know What I Mean?,I Wanna Be Adored,Cigarettes & Alcohol,Quizsentials,,False,20 May 2025,Bonus Round - 10 Multi Tap Questions.sqt,1,20 May 2025
Tap only the French fashion brands.,multi_tap,"C,D,E",Gucci,Prada,Givenchy,Louis Vuitton,Chanel,Ralph Lauren,Quizsentials,,False,20 May 2025,Bonus Round - 10 Multi Tap Questions.sqt,2,2 Apr 2026
"Of the biblical figures listed here, tap only the ones that were king of Israel.",multi_tap,"B,D",Moses,David,Noah,Solomon,Barabbas,Isaiah,Quizsentials,,False,20 May 2025,Bonus Round - 10 Multi Tap Questions.sqt,2,30 Apr 2026
Tap only the musicians who had previously been members of a famous pop group.,multi_tap,"A,D,F",Camila Cabello,Shawn Mendes,Billie Eilish,Harry Styles,Justin Bieber,Justin Timberlake,Quizsentials,,False,2 Sep 2025,Bonus Round - 10 Multi Tap Questions.sqt,1,2 Sep 2025
"Of these Disney films, tap only the ones that are currently among the top ten highest-grossing animated films of all time.",multi_tap,"B,C,D,F",Cars 2,Inside Out 2,The Lion King,Frozen,Tangled,Frozen 2,Quizsentials,,False,2 Sep 2025,Bonus Round - 10 Multi Tap Questions.sqt,1,2 Sep 2025
"Tap only the names of Canadian provinces, as opposed to territories.",multi_tap,"C,D,E,F",Yukon,Nunavut,Nova Scotia,Quebec,British Columbia,Manitoba,Quizsentials,,False,2 Sep 2025,Bonus Round - 10 Multi Tap Questions.sqt,1,2 Sep 2025
Tap only the cocktails that typically have mint in them.,multi_tap,"B,F",Margarita,Mojito,Manhattan,Martini,Mimosa,Mint Julep,Quizsentials,,False,2 Sep 2025,Bonus Round - 10 Multi Tap Questions.sqt,1,2 Sep 2025
"Of these 'Stranger Things' characters, tap only the ones that are (or were) a parent.",multi_tap,"C,D",Erica Sinclair,Henry Creel,Joyce Byers,Jim Hopper,Steve Harrington,Nancy Wheeler,Quizsentials,,False,2 Sep 2025,Bonus Round - 10 Multi Tap Questions.sqt,1,2 Sep 2025
Tap only the titles of paintings by Vincent van Gogh.,multi_tap,"C,E,F",At the Moulin Rouge,Me,Poppy Flowers,The Laughing Cavalier,The Potato Eaters,The Starry Night,Quizsentials,,False,2 Sep 2025,Bonus Round - 10 Multi Tap Questions.sqt,1,2 Sep 2025
Tap only the words that are palindromes.,multi_tap,"B,C,F",Devoted,Reviver,Kayak,Divided,Detested,Minim,Quizsentials,,False,2 Sep 2025,Bonus Round - 10 Multi Tap Questions.sqt,2,9 Nov 2025
Tap only the offensive positions in American football.,multi_tap,"A,C,D,F",Wide receiver,Safety,Quarterback,Tight end,Cornerback,Running back,Quizsentials,,False,2 Sep 2025,Bonus Round - 10 Multi Tap Questions.sqt,2,14 Aug 2026
Tap only the bones that are in the human foot.,multi_tap,"C,D,E",Carpal,Metacarpal,Tarsal,Metatarsal,Phalanges,Radius,Quizsentials,,False,2 Sep 2025,Bonus Round - 10 Multi Tap Questions.sqt,1,2 Sep 2025
Tap only the arboreal animals (ones that spend most of their life in trees).,multi_tap,"A,B,C,D,E,F",Three-toed sloth,Tree-kangaroo,Koala,Squirrel,Stick insect,Orangutan,Quizsentials,,False,2 Sep 2025,Bonus Round - 10 Multi Tap Questions.sqt,1,2 Sep 2025
Tap only the countries whose empires conquered parts of Africa.,multi_tap,"A,B,C,E",France,Italy,Great Britain / UK,Norway,Portugal,Russia,Quizsentials,,False,3 Sep 2025,Bonus Round - 10 Multi Tap Questions.sqt,1,3 Sep 2025
Tap only the real names of spiders.,multi_tap,"A,B,D,E",Red widow,Black widow,Fake widow,False widow,Brown widow,Scottish widow,Quizsentials,,False,3 Sep 2025,Bonus Round - 10 Multi Tap Questions.sqt,1,3 Sep 2025
Tap only the names of bicycle manufacturers.,multi_tap,"A,B,C,D,E",Specialized,Giant,Raleigh,Trek,Cannondale,Patagonia,Quizsentials,,False,3 Sep 2025,Bonus Round - 10 Multi Tap Questions.sqt,1,3 Sep 2025
Tap only the TV shows that have won the Primetime Emmy for Outstanding Drama Series.,multi_tap,"A,B,E,F",Breaking Bad,Game of Thrones,Squid Game,Stranger Things,The Crown,The Sopranos,Quizsentials,,False,3 Sep 2025,Bonus Round - 10 Multi Tap Questions.sqt,1,3 Sep 2025
Tap only the boxers who have been heavyweight champion of the world.,multi_tap,"A,B,E,F",Mike Tyson,Muhammad Ali,Floyd Mayweather Jr,Manny Pacquiao,Frank Bruno,Tyson Fury,Quizsentials,,False,3 Sep 2025,Bonus Round - 10 Multi Tap Questions.sqt,1,3 Sep 2025
Tap the Arnold Schwarzenegger quotes that appeared in 'The Terminator' movies.,multi_tap,"D,E",He's dead tired,Get to the chopper,Put that cookie down,"Hasta la vista, baby","Your clothes, give them to me",Who is your daddy and what does he do?,Quizsentials,,False,3 Sep 2025,Bonus Round - 10 Multi Tap Questions.sqt,1,3 Sep 2025
"Of these famous musicians, tap only the ones who are male.",multi_tap,"A,B,C,D,E,F",Alice Cooper,Lindsey Buckingham,Ginger Baker,Dee Dee Ramone,Nikki Sixx,Nelly,Quizsentials,,False,3 Sep 2025,Bonus Round - 10 Multi Tap Questions.sqt,1,3 Sep 2025
Tap only the things that correctly relate to Switzerland.,multi_tap,"A,B,E",Hosted the 1954 FIFA World Cup,Won Eurovision represented by Celine Dion,Is a founder member of the EU,Tops the all-time Winter Olympics medal table,Is home to Gruyère cheese,Has the highest mountain in western Europe,Quizsentials,,False,3 Sep 2025,Bonus Round - 10 Multi Tap Questions.sqt,1,3 Sep 2025
Tap only the LAST NAMES that have been shared by at least two different US presidents.,multi_tap,"C,D,E,F",Lincoln,Trump,Roosevelt,Adams,Bush,Johnson,Quizsentials,,False,16 Nov 2025,Bonus Round - 10 Multi Tap Questions.sqt,1,16 Nov 2025
Tap only the countries that have a population lower than Greece.,multi_tap,"C,D",Italy,Spain,Switzerland,Moldova,Germany,Netherlands,Quizsentials,,False,16 Nov 2025,Bonus Round - 10 Multi Tap Questions.sqt,1,16 Nov 2025
Tap only the names of John and Olivia's daughters in the '70s TV show 'The Waltons'.,multi_tap,"A,D,E",Elizabeth,Mary-Beth,Sue-Ellen,Mary Ellen,Erin,Esther,Quizsentials,,False,16 Nov 2025,Bonus Round - 10 Multi Tap Questions.sqt,2,16 Mar 2025
Tap only the names of types of cylindrical battery.,multi_tap,"A,B,D,F",A,AAA,AAAAA,B,BB,C,Quizsentials,,False,16 Nov 2025,Bonus Round - 10 Multi Tap Questions.sqt,2,23 Feb 2025
Tap only the British bands.,multi_tap,"B,C,E",The Killers,The Police,Sex Pistols,Ramones,The 1975,Fall Out Boy,Quizsentials,,False,16 Nov 2025,Bonus Round - 10 Multi Tap Questions.sqt,3,5 Jul 2026
Tap only the tennis players that have won Wimbledon.,multi_tap,"A,B,C,D,E,F",Serena Williams,Ash Barty,Lindsay Davenport,Martina Hingis,Martina Navratilova,Conchita Martinez,Quizsentials,,False,16 Nov 2025,Bonus Round - 10 Multi Tap Questions.sqt,1,16 Nov 2025
Tap only the novels that were first published in the 20th century.,multi_tap,"B,D,E",Fifty Shades of Grey,The Handmaid's Tale,Life of Pi,Brave New World,Catch-22,The Hunger Games,Quizsentials,,False,16 Nov 2025,Bonus Round - 10 Multi Tap Questions.sqt,1,16 Nov 2025
Tap only the Canadian film stars.,multi_tap,"B,C,E,F",Tom Hanks,Ryan Gosling,Keanu Reeves,Will Ferrell,Jim Carrey,Seth Rogen,Quizsentials,,False,16 Nov 2025,Bonus Round - 10 Multi Tap Questions.sqt,1,16 Nov 2025
Tap only the brands that have been the main shirt sponsor of Liverpool FC.,multi_tap,"A,D,F",Crown Paints,Carling,Cazoo,Candy,Holsten,Hitachi,Quizsentials,,False,16 Nov 2025,Bonus Round - 10 Multi Tap Questions.sqt,2,2 Apr 2025
Tap only the rivers that flow through Italy.,multi_tap,"A,E",Po,Danube,Nile,Seine,Tiber,Volga,Quizsentials,,False,16 Nov 2025,Bonus Round - 10 Multi Tap Questions.sqt,1,16 Nov 2025
Tap only the actors who have played the role of Batman in a feature film.,multi_tap,"A,D,F",Michael Keaton,Sean Penn,Burt Ward,Christian Bale,Heath Ledger,Val Kilmer,Quizsentials,,False,13 Mar 2025,Bonus Round - 10 Multi Tap Questions.sqt,1,13 Mar 2025
"Of these famous people, tap only the ones who also have a famous parent.",multi_tap,"A,B,C,D,E,F",Ivanka Trump,Brooklyn Beckham,Colin Hanks,Lily Collins,John David Washington,Nancy Sinatra,Quizsentials,,False,13 Mar 2025,Bonus Round - 10 Multi Tap Questions.sqt,2,11 Nov 2025
"Of the scientists listed here, tap only the ones who were born in what is now modern-day Germany.",multi_tap,"D,E",Nikola Tesla,Blaise Pascal,James Watt,Albert Einstein,Heinrich Rudolph Hertz,Marie Curie,Quizsentials,,False,13 Mar 2025,Bonus Round - 10 Multi Tap Questions.sqt,2,3 Dec 2025
Tap only the Olympic Games at which the gymnast Simone Biles won gold.,multi_tap,"D,F",Athens 2004,Beijing 2008,London 2012,Rio 2016,Tokyo 2020,Paris 2024,Quizsentials,,False,13 Mar 2025,Bonus Round - 10 Multi Tap Questions.sqt,1,13 Mar 2025
Tap only the words that feature in the title of a 1974 spy novel by John le Carré.,multi_tap,"A,C,D,F",Spy,Pilot,Tailor,Tinker,Butcher,Soldier,Quizsentials,,False,13 Mar 2025,Bonus Round - 10 Multi Tap Questions.sqt,2,1 Apr 2026
Tap only the acts that have headlined the Halftime Show at the Super Bowl.,multi_tap,"B,C,D,E,F",Tina Turner,Madonna,Lady Gaga,Katy Perry,Beyoncé,Rihanna,Quizsentials,,False,13 Mar 2025,Bonus Round - 10 Multi Tap Questions.sqt,3,25 May 2025
"Of the cheeses listed here, tap only the ones considered to be hard cheeses.",multi_tap,"B,D,F",Brie,Parmesan,Camembert,Manchego,Mozarella,Comté,Quizsentials,,False,13 Mar 2025,Bonus Round - 10 Multi Tap Questions.sqt,2,20 Jan 2026
Tap only the footballers who have won the Ballon d'Or.,multi_tap,"A,C,D,E",Cristiano Ronaldo,David Beckham,Rodri,Michael Owen,Ronaldinho,Mo Salah,Quizsentials,,False,13 Mar 2025,Bonus Round - 10 Multi Tap Questions.sqt,2,9 Oct 2025
Tap only the colours of the spots that feature in a standard game of Twister.,multi_tap,"B,C,D,F",Pink,Red,Yellow,Blue,Brown,Green,Quizsentials,,False,10 Aug 2025,Bonus Round - 10 Multi Tap Questions.sqt,1,10 Aug 2025
Tap only the TV shows that are spin-offs of earlier shows.,multi_tap,"A,B,C,D,E,F",Frasier,Better Call Saul,Young Sheldon,Joey,Melrose Place,The Cleveland Show,Quizsentials,,False,10 Aug 2025,Bonus Round - 10 Multi Tap Questions.sqt,1,10 Aug 2025
"Of the American foods listed here, tap only the ones that are typically meat-free.",multi_tap,"A,B,F",Collard greens,Biscuits,Gumbo,Sloppy joe,Corn dog,Cornbread,Quizsentials,,False,10 Aug 2025,Bonus Round - 10 Multi Tap Questions.sqt,1,10 Aug 2025
Tap only the historical figures that were born before 1 AD.,multi_tap,"A,E,F",Cleopatra,Genghis Khan,Moctezuma I,Shaka Zulu,Alexander the Great,Julius Caesar,Quizsentials,,False,10 Aug 2025,Bonus Round - 10 Multi Tap Questions.sqt,1,10 Aug 2025
Tap only the multiples of 18.,multi_tap,"B,C,F",74,126,234,286,344,360,Quizsentials,,False,10 Aug 2025,Bonus Round - 10 Multi Tap Questions.sqt,1,10 Aug 2025
Tap only the animals that are native to Asia.,multi_tap,"A,B,C,D,E,F",Orangutan,Tiger,King cobra,Indian elephant,Bactrian (two-humped) camel,Asiatic black bear,Quizsentials,,False,10 Aug 2025,Bonus Round - 10 Multi Tap Questions.sqt,1,10 Aug 2025
Tap only the names of singles released by Justin Timberlake.,multi_tap,"A,B,E,F",Cry Me a River,SexyBack,Love Yourself,Sorry,Can't Stop the Feeling!,Señorita,Quizsentials,,False,10 Aug 2025,Bonus Round - 10 Multi Tap Questions.sqt,1,10 Aug 2025
Tap only the US cities that are further south than Washington DC.,multi_tap,"C,D,E",New York,Chicago,San Diego,New Orleans,Miami,Boston,Quizsentials,,False,10 Aug 2025,Bonus Round - 10 Multi Tap Questions.sqt,1,10 Aug 2025
"Of the 'Fresh Prince of Bel-Air' characters listed here, tap only the ones with the last name Banks.",multi_tap,"D,E,F",Geoffrey,Jazz,Will,Hilary,Carlton,Uncle Phil,Quizsentials,,False,10 Aug 2025,Bonus Round - 10 Multi Tap Questions.sqt,1,10 Aug 2025
Tap only the AI-generated images that Donald Trump or the White House have posted on social media since he became president.,multi_tap,"A,B,C,D,E",Trump as pope,Trump as a king,Trump as an Al Capone-type gangster,A beachfront resort in war-ravaged Gaza,Trump as a Jedi (albeit with a red lightsaber used by the Dark Side),Trump as a clown,Quizsentials,,False,11 Aug 2025,Bonus Round - 10 Multi Tap Questions.sqt,1,11 Aug 2025
"Of the TV shows listed here, tap only the ones that are based on DC Comics characters, as opposed to Marvel.",multi_tap,"C,D",Daredevil: Born Again,Ironheart,Peacemaker,Creature Commandos,Wandavision,Moon Knight,Quizsentials,,False,11 Aug 2025,Bonus Round - 10 Multi Tap Questions.sqt,1,11 Aug 2025
"Physics question: Of these forces, tap only the ones that are classed as 'action-at-a-distance' forces, aka non-contact forces?",multi_tap,"B,C,E",Friction,Gravity,Magnetic force,Air resistance,Electrostatic force,Applied force,Quizsentials,,False,11 Aug 2025,Bonus Round - 10 Multi Tap Questions.sqt,1,11 Aug 2025
Tap only the people who appeared in the 2012 film 'The Hunger Games'.,multi_tap,"B,D,E,F",Timothée Chalamet,Jennifer Lawrence,Eddie Redmayne,Woody Harrelson,Liam Hemsworth,Donald Sutherland,Quizsentials,,False,11 Aug 2025,Bonus Round - 10 Multi Tap Questions.sqt,1,11 Aug 2025
Tap only the characters in 'Alice's Adventures in Wonderland'.,multi_tap,"A,B,C",Caterpillar,White Rabbit,Mock Turtle,Tin Man,Toto,Scarecrow,Quizsentials,,False,11 Aug 2025,Bonus Round - 10 Multi Tap Questions.sqt,1,11 Aug 2025
Tap only the Olympic Games host cities that correctly correspond with the year given.,multi_tap,"B,C",London 2016,Los Angeles 1984,Moscow 1980,Beijing 2004,Athens 2000,Barcelona 1988,Quizsentials,,False,11 Aug 2025,Bonus Round - 10 Multi Tap Questions.sqt,1,11 Aug 2025
Tap only the football clubs that have NEVER won the Premier League since it was founded in 1992.,multi_tap,"A,C,D,F",Newcastle United,Chelsea,Tottenham Hotspur,Everton,Leicester City,Leeds United,Quizsentials,,False,11 Aug 2025,Bonus Round - 10 Multi Tap Questions.sqt,1,11 Aug 2025
"Of these singers, tap only the ones who are male.",multi_tap,"A,E,F",Randy Newman,Randy Crawford,Stevie Nicks,Lorde,The Weeknd,Marilyn Manson,Quizsentials,,False,11 Aug 2025,Bonus Round - 10 Multi Tap Questions.sqt,1,11 Aug 2025
Tap only the Australian states and territories that have a northern coast.,multi_tap,"A,B,F",Queensland,Northern Territory,South Australia,Victoria,New South Wales,Western Australia,Quizsentials,,False,11 Aug 2025,Bonus Round - 10 Multi Tap Questions.sqt,1,11 Aug 2025
Tap only the gin brands.,multi_tap,"B,C,D,F",Jameson,Gordon's,Beefeater,Aviation,Bacardi,Bombay Sapphire,Quizsentials,,False,11 Aug 2025,Bonus Round - 10 Multi Tap Questions.sqt,1,11 Aug 2025
Tap only the singles by Doja Cat.,multi_tap,"C,D",Kill Bill,Savage,Say So,Paint the Town Red,Bodak Yellow,Super Bass,Quizsentials,,False,30 Aug 2026,Bonus Round - 10 Multi Tap Questions.sqt,1,30 Aug 2026
Tap only the celebrities who lived to at least 100 years old.,multi_tap,"B,F",Betty White,Jimmy Carter,Prince Philip,Doris Day,Queen Victoria,Kirk Douglas,Quizsentials,,False,30 Aug 2026,Bonus Round - 10 Multi Tap Questions.sqt,1,30 Aug 2026
Tap only the animals that have an elongated appendage on their head called a proboscis.,multi_tap,"A,C,D,F",Elephant,Pug,Tapir,Anteater,Rabbit,Aardvark,Quizsentials,,False,30 Aug 2026,Bonus Round - 10 Multi Tap Questions.sqt,1,30 Aug 2026
"Of the celebrities listed here, tap only the vegans.",multi_tap,"B,F",Matthew McConnaughey,Billie Eilish,Gordon Ramsay,Joe Rogan,Jordan Peterson,Joaquin Phoenix,Quizsentials,,False,30 Aug 2026,Bonus Round - 10 Multi Tap Questions.sqt,1,30 Aug 2026
Tap only the cities that are the capital of a country beginning with the letter 'M'.,multi_tap,"D,E",Amsterdam,Canberra,Santiago,Rabat,Kuala Lumpur,Seoul,Quizsentials,,False,30 Aug 2026,Bonus Round - 10 Multi Tap Questions.sqt,1,30 Aug 2026
"Of the instruments listed here, tap only the ones with a keyboard similar to a piano.",multi_tap,"A,E,F",Harpsichord,Marimba,Xylophone,Glockenspiel,Organ,Celesta,Quizsentials,,False,30 Aug 2026,Bonus Round - 10 Multi Tap Questions.sqt,1,30 Aug 2026
Tap only the American football teams that have the colour green in their home kit.,multi_tap,"A,E,F",New York Jets,New York Giants,Tampa Bay Buccaneers,Pittsburgh Steelers,Philadelphia Eagles,Green Bay Packers,Quizsentials,,False,30 Aug 2026,Bonus Round - 10 Multi Tap Questions.sqt,3,23 Feb 2025
"Of the insects listed here, tap only the ones that live in colonies.",multi_tap,"D,E,F",Ladybird,Dragonfly,Praying Mantis,Ant,Honeybee,Termite,Quizsentials,,False,30 Aug 2026,Bonus Round - 10 Multi Tap Questions.sqt,1,30 Aug 2026
Tap only the cocktails that are typically served with ice in them.,multi_tap,"C,D,F",Martini,Cosmopolitan,Mojito,Old Fashioned,Manhattan,Gin and tonic,Quizsentials,,False,31 Aug 2026,Bonus Round - 10 Multi Tap Questions.sqt,3,10 Jul 2025
Tap only the bands that have a member whose real surname appears in their band name.,multi_tap,"A,C,F",Van Halen,The Smiths,Fleetwood Mac,Dropkick Murphys,The Fratellis,The Carpenters,Quizsentials,,False,31 Aug 2026,Bonus Round - 10 Multi Tap Questions.sqt,1,31 Aug 2026
Tap only the real names of siblings or half-siblings of Kim Kardashian.,multi_tap,"D,F",Kris,Konan,Karoline,Khloé,Kamila,Rob,Quizsentials,,False,31 Aug 2026,Bonus Round - 10 Multi Tap Questions.sqt,1,31 Aug 2026
Tap only the titles of biographical films based on the life of Steve Jobs.,multi_tap,"B,C,D",Steve,Jobs,Steve Jobs,iSteve,iJobs,iSteveJobs,Quizsentials,,False,31 Aug 2026,Bonus Round - 10 Multi Tap Questions.sqt,1,31 Aug 2026
Tap only the musical instruments that have strings.,multi_tap,"A,B",Piano,Harpsichord,Harmonium,Accordion,Pipe organ,Electric keyboard,Quizsentials,,False,31 Aug 2026,Bonus Round - 10 Multi Tap Questions.sqt,1,31 Aug 2026
Tap only the French words that are rooms you would typically find in a house.,multi_tap,"A,B,C",Le salon,La salle de bains,La chambre,La classe,Le cachot,Le laboratoire,Quizsentials,,False,31 Aug 2026,Bonus Round - 10 Multi Tap Questions.sqt,2,17 Jul 2025
Tap only the events that took place in the 20th century.,multi_tap,"B,C,D",Adolf Hitler is born,The Ford Model T goes on sale,The first modern bra is patented,The Boy Scouts Association is founded,Irish potato famine,Alfred Nobel invents dynamite,Quizsentials,,False,31 Aug 2026,Bonus Round - 10 Multi Tap Questions.sqt,3,16 Jul 2025
Tap only the real academic courses that have been available at universities or colleges in either the US or the UK.,multi_tap,"A,C,D,E",Tree Climbing,Backgammon Studies,How to Win a Beauty Pageant,Harry Potter and the Age of Illusion,Surviving the Coming Zombie Apocalypse,Advanced Drink Driving,Quizsentials,,False,31 Aug 2026,Bonus Round - 10 Multi Tap Questions.sqt,1,31 Aug 2026
"Of the films listed here, tap only the ones that star Timothée Chalamet.",multi_tap,"B,C,D",Whiplash,Dune,Wonka,Call Me By Your Name,Top Gun: Maverick,Divergent,Quizsentials,,False,17 Apr 2025,Bonus Round - 10 Multi Tap Questions.sqt,1,17 Apr 2025
Tap only the catchphrases most heavily associated with 'The Simpsons'.,multi_tap,"A,C,F",D'oh!,They killed Kenny,"Ay, caramba!","Book 'em, Danno!",Giggity-giggity-goo!,Eat my shorts,Quizsentials,,False,17 Apr 2025,Bonus Round - 10 Multi Tap Questions.sqt,2,6 Mar 2026
Tap only the frequencies that have a longer wavelength than ultraviolet.,multi_tap,"B,C,E,F",X-rays,Visible light,Infrared,Gamma rays,Radio waves,Microwaves,Quizsentials,,False,17 Apr 2025,Bonus Round - 10 Multi Tap Questions.sqt,2,6 Mar 2026
Tap only the types of floor you might walk on.,multi_tap,"A,B,C,E,F",Laminate,Marble,Parquet,Pelvic,Hardwood,Ceramic tile,Quizsentials,,False,17 Apr 2025,Bonus Round - 10 Multi Tap Questions.sqt,1,17 Apr 2025
Tap only the words that effectively mean the same thing.,multi_tap,"A,B,D,E",Prison,Jail,Hospital,Penitentiary,Gaol,College,Quizsentials,,False,17 Apr 2025,Bonus Round - 10 Multi Tap Questions.sqt,3,26 May 2026
Tap only the artists who featured on the 2014 hit song 'Bang Bang'.,multi_tap,"A,B,F",Jessie J,Nicki Minaj,Cardi B,Missy Elliott,Bruno Mars,Ariana Grande,Quizsentials,,False,17 Apr 2025,Bonus Round - 10 Multi Tap Questions.sqt,1,17 Apr 2025
Tap only the names of hormones.,multi_tap,"C,E",Bile,Cholesterol,Cortisol,Glucose,Insulin,Mucus,Quizsentials,,False,17 Apr 2025,Bonus Round - 10 Multi Tap Questions.sqt,2,5 Apr 2026
Tap only the names of planets from the 'Star Wars' films.,multi_tap,"A,B,D,F",Alderaan,Tatooine,Arrakis,Hoth,Giedi Prime,Yavin 4,Quizsentials,,False,16 Apr 2025,Bonus Round - 10 Multi Tap Questions.sqt,1,16 Apr 2025
"Of these 'Game of Thrones' characters, tap only the ones who survived until the very end of the series.",multi_tap,"A,F",Jon Snow,Jorah Mormont,Lord Varys,Daenerys,Theon,Sir Davos,Quizsentials,,False,16 Apr 2025,Bonus Round - 10 Multi Tap Questions.sqt,2,25 Feb 2026
"Of the video game series listed here, tap only the ones that were originally PlayStation exclusives.",multi_tap,"A,D,E",God of War,Halo,Gears of War,Uncharted,Ratchet & Clank,Forza,Quizsentials,,False,16 Apr 2025,Bonus Round - 10 Multi Tap Questions.sqt,1,16 Apr 2025
Tap only the events that have taken place in 2025.,multi_tap,"A,C,E",JD Vance becomes US vice president,Kansas City Chiefs win the Super Bowl for the second year in a row,'Not Like Us' by Kendrick Lamar wins the Grammy for Record of the Year,The video game 'Balatro' is released,The Disney remake of 'Snow White' is released,The Assad government in Syria is overthrown,Quizsentials,,False,16 Apr 2025,Bonus Round - 10 Multi Tap Questions.sqt,3,19 Jun 2025
Tap only the notes that can be played on open string on a guitar in standard tuning.,multi_tap,"A,B,D,E",A,B,C,D,E,F,Quizsentials,,False,16 Apr 2025,Bonus Round - 10 Multi Tap Questions.sqt,1,16 Apr 2025
Tap only the ingredients of a traditional 'sex on the beach' cocktail.,multi_tap,"B,C,E,F",Rum,Vodka,Peach schnapps,Pineapple juice,Orange juice,Cranberry juice,Quizsentials,,False,16 Apr 2025,Bonus Round - 10 Multi Tap Questions.sqt,2,26 Feb 2026
Tap only the football clubs that played in the Champions League in the 2024-25 season.,multi_tap,"A,B,C,E",Aston Villa,Arsenal,Manchester City,Chelsea,Liverpool,Newcastle United,Quizsentials,,False,16 Apr 2025,Bonus Round - 10 Multi Tap Questions.sqt,1,16 Apr 2025
"Of these biblical characters, tap only those who saw Jesus when he was a baby in Bethlehem.",multi_tap,"A,B,E",Three wise men,Mary,Moses,Pontius Pilate,Joseph,John the Baptist,Quizsentials,,False,16 Apr 2025,Bonus Round - 10 Multi Tap Questions.sqt,1,16 Apr 2025
Tap only the animals that are known to be able to run at 80kph or more.,multi_tap,"A,D,E",Cheetahs,Humans,Elephants,Pronghorn antelopes,Wildebeests,Jackals,Quizsentials,,False,24 Sep 2025,Bonus Round - 10 Multi Tap Questions.sqt,1,24 Sep 2025
Tap only the Australian wine brands.,multi_tap,"A,D,E,F",19 Crimes,Blossom Hill,Echo Falls,Jam Shed,Hardys,Wolf Blass,Quizsentials,,False,24 Sep 2025,Bonus Round - 10 Multi Tap Questions.sqt,1,24 Sep 2025
Tap only the US presidents who served two full terms.,multi_tap,"B,C,D,F",Joe Biden,Barack Obama,George W. Bush,Bill Clinton,George H.W. Bush,Ronald Reagan,Quizsentials,,False,24 Sep 2025,Bonus Round - 10 Multi Tap Questions.sqt,1,24 Sep 2025
"Of these capital cities, tap only the ones whose countries have exactly five letters in their name.",multi_tap,"A,C,D,F",Beijing,Berlin,New Delhi,Tokyo,Lisbon,Madrid,Quizsentials,,False,24 Sep 2025,Bonus Round - 10 Multi Tap Questions.sqt,1,24 Sep 2025
Tap only the events that feature in women's artistic gymnastics at the Olympics.,multi_tap,"A,C,D,F",Floor exercise,Pommel horse,Vault,Balance beam,Parallel bars,Uneven bars,Quizsentials,,False,24 Sep 2025,Bonus Round - 10 Multi Tap Questions.sqt,1,24 Sep 2025
"According to the lyrics of his song 'Never Gonna Give You Up', tap only the things that Rick Astley says he will never do.",multi_tap,"B,C,F",Eat too much,Let you down,Make you cry,Forget you,Ignore you,Desert you,Quizsentials,,False,24 Sep 2025,Bonus Round - 10 Multi Tap Questions.sqt,1,24 Sep 2025
Tap only the actors that have appeared in at least one Quentin Tarantino film.,multi_tap,"A,B,C,E,F",Robert De Niro,Bruce Willis,Steve Buscemi,Sean Penn,Leonardo DiCaprio,Al Pacino,Quizsentials,,False,24 Sep 2025,Bonus Round - 10 Multi Tap Questions.sqt,1,24 Sep 2025
Tap only the words that are considered to be onomatopoeiac.,multi_tap,"A,B,C,D,E,F",Crash,Honk,Hum,Growl,Murmur,Snap,Quizsentials,,False,24 Sep 2025,Bonus Round - 10 Multi Tap Questions.sqt,1,24 Sep 2025
Tap only the events that happened during the Second World War.,multi_tap,"B,C",Donald Trump was born,The original Walt Disney 'Pinocchio' was released,The first ballistic missile was fired,Frank Sinatra released his debut album,Left-wingers in the US were persecuted under McCarthyism,'Lassie' first aired on TV,Quizsentials,,False,25 Sep 2025,Bonus Round - 10 Multi Tap Questions.sqt,1,25 Sep 2025
"Of the boxers listed here, tap only the ones that have held a world heavyweight title.",multi_tap,"B,C,E,F",Floyd Mayweather Jr,Lennox Lewis,Mike Tyson,Manny Pacquiao,Muhammad Ali,Rocky Marciano,Quizsentials,,False,25 Sep 2025,Bonus Round - 10 Multi Tap Questions.sqt,1,25 Sep 2025
Tap only the bands whose definitive lineup comprises or comprised only two members.,multi_tap,"A,B,C",MGMT,Tears For Fears,Daft Punk,Bee Gees,Green Day,BTS,Quizsentials,,False,25 Sep 2025,Bonus Round - 10 Multi Tap Questions.sqt,2,11 Jan 2026
Tap only the films that were directed by spaghetti Western legend Sergio Leone.,multi_tap,"A,B,C,E",A Fistful of Dollars,For a Few Dollars More,Once Upon a Time in the West,Once Upon a Time in Mexico,"The Good, the Bad and the Ugly",True Grit,Quizsentials,,False,25 Sep 2025,Bonus Round - 10 Multi Tap Questions.sqt,1,25 Sep 2025
"In acoustics, tap only the types of waveform.",multi_tap,"B,C,E,F",Static,Sine,Square,Heat,Triangle,Sawtooth,Quizsentials,,False,25 Sep 2025,Bonus Round - 10 Multi Tap Questions.sqt,1,25 Sep 2025
Tap only the cheeses that are classified as blue cheeses.,multi_tap,"B,C,D",Cheddar,Stilton,Gorgonzola,Roquefort,Mozzarella,Brie,Quizsentials,,False,25 Sep 2025,Bonus Round - 10 Multi Tap Questions.sqt,1,25 Sep 2025
Tap only the countries where Arabic is an official language.,multi_tap,"B,C,D",Pakistan,Algeria,Egypt,Iraq,Iran,Turkey,Quizsentials,,False,25 Sep 2025,Bonus Round - 10 Multi Tap Questions.sqt,1,25 Sep 2025
Tap only the footballers who were in the Paris Saint-Germain squad when they won the UEFA Champions League in 2025.,multi_tap,"A,C,D",Gianluigi Donnarumma,Kylian Mbappé,Ousmane Dembélé,Achraf Hakimi,Keylor Navas,Neymar,Quizsentials,,False,25 Sep 2025,Bonus Round - 10 Multi Tap Questions.sqt,1,25 Sep 2025
Tap only the seas located in Europe.,multi_tap,"A,C,F",Baltic Sea,Caribbean Sea,North Sea,Red Sea,Arabian Sea,Adriatic Sea,Quizsentials,,False,25 Sep 2025,Bonus Round - 10 Multi Tap Questions.sqt,1,25 Sep 2025
Tap only the words that are an anagram of at least one other word in this list.,multi_tap,"C,D,E,F",Loop,Poop,Hoop,Hula,Haul,Pooh,Quizsentials,,False,5 Jun 2025,Bonus Round - 10 Multi Tap Questions.sqt,2,6 Jul 2026
Tap only the balls that typically weigh more than a regulation size 5 football (as used in professional matches).,multi_tap,"B,C,E,F",Cricket ball,Shot put,Basketball,Volleyball ball,Ten-pin bowling ball,Croquet ball,Quizsentials,,False,5 Jun 2025,Bonus Round - 10 Multi Tap Questions.sqt,1,5 Jun 2025
Tap only the names of characters from the animated show 'Adventure Time'.,multi_tap,"A,D,F",Jake the Dog,Benson Dunwoody,Pops Maellard,Princess Bubblegum,Hi-Five Ghost,Marceline the Vampire Queen,Quizsentials,,False,5 Jun 2025,Bonus Round - 10 Multi Tap Questions.sqt,1,5 Jun 2025
"Tap only the names of YouTubers or YouTube channels, as opposed to famous racehorses.",multi_tap,"A,B,D,F",Dude Perfect,Cocomelon,Man o' War,PewDiePie,Zenyatta,Zhong,Quizsentials,,False,5 Jun 2025,Bonus Round - 10 Multi Tap Questions.sqt,3,23 Apr 2026
Tap only the titles of Pink Floyd studio albums.,multi_tap,"B,D,F",A Night at the Opera,Animals,Back in Black,The Dark Side of the Moon,News of the World,The Wall,Quizsentials,,False,5 Jun 2025,Bonus Round - 10 Multi Tap Questions.sqt,1,5 Jun 2025
"Of these Real Madrid players, tap only the ones that have played in the English Premier League.",multi_tap,"B,F",Jude Bellingham,Antonio Rüdiger,Ferland Mendy,Vinicius Junior,Rodrygo,Dani Ceballos,Quizsentials,,False,5 Jun 2025,Bonus Round - 10 Multi Tap Questions.sqt,1,5 Jun 2025
Tap only the types of pepper.,multi_tap,"A,B,C,D,E,F",Scotch bonnet,Serrano,Habanero,Banana,Cayenne,Jalapeño,Quizsentials,,False,5 Jun 2025,Bonus Round - 10 Multi Tap Questions.sqt,1,5 Jun 2025
Tap only the countries that were NOT part of the British Empire.,multi_tap,"A,B,E",Finland,Norway,Jamaica,Australia,Mexico,South Africa,Quizsentials,,False,5 Jun 2025,Bonus Round - 10 Multi Tap Questions.sqt,2,15 May 2026
Tap only the movies that are set in the American West.,multi_tap,"A,B,C","The Good, the Bad and the Ugly",Unforgiven,Butch Cassidy and the Sundance Kid,Paths of Glory,The Pianist,The Eagle Has Landed,Quizsentials,,False,7 Oct 2025,Bonus Round - 10 Multi Tap Questions.sqt,1,7 Oct 2025
Tap only the things that are considered one of the Seven Wonders of the Ancient World.,multi_tap,"A,C,E",Statue of Zeus at Olympia,The Statue of Liberty,The Great Pyramid of Giza,The Leaning Tower of Pisa,The Hanging Gardens of Babylon,Christ the Redeemer,Quizsentials,,False,7 Oct 2025,Bonus Round - 10 Multi Tap Questions.sqt,1,7 Oct 2025
Tap only the animated characters who wear glasses.,multi_tap,"A,B,C,F",Milhouse (from The Simpsons),Velma (from Sccoby-Doo),Arthur (the aardvark),SpongeBob SquarePants,Kenny McCormick (from South Park),Hank Hill (from King of the Hill),Quizsentials,,False,7 Oct 2025,Bonus Round - 10 Multi Tap Questions.sqt,1,7 Oct 2025
Tap the four nations that have won the Tour de France once each.,multi_tap,"A,B,C,F",Columbia,Australia,Germany,Belgium,Italy,Ireland,Quizsentials,,False,7 Oct 2025,Bonus Round - 10 Multi Tap Questions.sqt,1,7 Oct 2025
Tap only the titles of PinkPantheress songs.,multi_tap,"B,D",Death Bed (Coffee For Your Head),Illegal,The Perfect Pair,Boy's a Liar,Glue Song,The Perfect Pair,Quizsentials,,False,7 Oct 2025,Bonus Round - 10 Multi Tap Questions.sqt,1,7 Oct 2025
Tap only the seas that are part of the Pacific Ocean.,multi_tap,"B,D,E,F",North Sea,Bering Sea,Black Sea,Coral Sea,Sea of Japan,Tasman Sea,Quizsentials,,False,7 Oct 2025,Bonus Round - 10 Multi Tap Questions.sqt,1,7 Oct 2025
Tap only the countries or former countries that have won the FIFA World Cup.,multi_tap,F,Czechoslovakia,Hungary,Soviet Union,Yugoslavia,Sweden,West Germany,Quizsentials,,False,7 Oct 2025,Bonus Round - 10 Multi Tap Questions.sqt,2,6 Mar 2025
Tap only the German beer brands.,multi_tap,"A,D",Beck's,Heineken,Amstel,Erdinger,Stella Artois,Peroni,Quizsentials,,False,7 Oct 2025,Bonus Round - 10 Multi Tap Questions.sqt,1,7 Oct 2025
"Of the novels listed here, tap only the ones that are set (or at least partly set) in France.",multi_tap,"A,B,C,D",The Da Vinci Code,The Day of the Jackal,Les Miserables,The Three Musketeers,Don Quixote,The Book Thief,Quizsentials,,False,7 Oct 2025,Bonus Round - 10 Multi Tap Questions.sqt,1,7 Oct 2025
Tap only the animals that can have horns.,multi_tap,"B,D,E",Zebra,Goat,Tiger,Rhino,Antelope,Wolf,Quizsentials,,False,7 Oct 2025,Bonus Round - 10 Multi Tap Questions.sqt,1,7 Oct 2025
Tap only the celebrities who made cameo or guest appearances during Bad Bunny's recent Super Bowl Halftime Show.,multi_tap,"A,B,C,D,F",Lady Gaga,Cardi B,Pedro Pascal,Ricky Martin,Kid Rock,Jessica Alba,Quizsentials,,False,17 Feb 2026,Bonus Round - 10 Multi Tap Questions.sqt,1,17 Feb 2026
Tap only the countries that have a coast on the North Sea.,multi_tap,"A,B,C,D,F",Scotland,Norway,Netherlands,Denmark,Russia,England,Quizsentials,,False,17 Feb 2026,Bonus Round - 10 Multi Tap Questions.sqt,1,17 Feb 2026
Tap only the teams that have been managed by Pep Guardiola.,multi_tap,"B,C,D",Juventus,Bayern Munich,Barcelona,Manchester City,Chelsea,Villarreal,Quizsentials,,False,17 Feb 2026,Bonus Round - 10 Multi Tap Questions.sqt,2,25 May 2025
Tap only the names for types of musical chords.,multi_tap,"A,B,C,D",Augmented,Diminished,Major,Minor,Nimbus,Prismatic,Quizsentials,,False,17 Feb 2026,Bonus Round - 10 Multi Tap Questions.sqt,1,17 Feb 2026
Tap only the tennis players that have won an Olympic gold medal in the men's singles.,multi_tap,"B,C,D",Roger Federer,Novak Djokovic,Andy Murray,Andre Agassi,Jo-Wilfried Tsonga,Nick Kyrgios,Quizsentials,,False,17 Feb 2026,Bonus Round - 10 Multi Tap Questions.sqt,1,17 Feb 2026
"Of the drinks listed here, tap only the ones that are typically over 20% ABV.",multi_tap,"B,E,F",Lager,Whisky,Merlot,Champagne,Vodka,Navy rum,Quizsentials,,False,17 Feb 2026,Bonus Round - 10 Multi Tap Questions.sqt,2,6 Apr 2025
Tap only the actors that played Hobbits in the 'Lord of the Rings' film franchise.,multi_tap,"B,C,D",Ian McKellen,Ian Holm,Sean Astin,Elijah Wood,Viggo Mortensen,Sean Bean,Quizsentials,,False,17 Feb 2026,Bonus Round - 10 Multi Tap Questions.sqt,1,17 Feb 2026
Tap only the US presidents who served before the American Civil War.,multi_tap,"A,E,F",Andrew Jackson,Ulysses S. Grant,Grover Cleveland,James Garfield,James Madison,Thomas Jefferson,Quizsentials,,False,17 Feb 2026,Bonus Round - 10 Multi Tap Questions.sqt,1,17 Feb 2026
Tap the Latin phrases.,multi_tap,"A,B,C,F",Carpe diem,Vice versa,Bona fide,Fromage frais,Deja vu,Ad hoc,Quizsentials,,False,17 Feb 2026,Bonus Round - 10 Multi Tap Questions.sqt,3,18 Feb 2026
Tap only the members of the Simpson family in 'The Simpsons'.,multi_tap,"A,B,D,E",Bart,Lisa,Milhouse,Homer,Abraham,Moe,Quizsentials,,False,28 Nov 2025,Bonus Round - 10 Multi Tap Questions.sqt,1,28 Nov 2025
Tap only the subtitles of games in the 'Doom' franchise.,multi_tap,"B,D",The New Order,Eternal,The New Colossus,The Dark Ages,Youngblood,The Old Blood,Quizsentials,,False,28 Nov 2025,Bonus Round - 10 Multi Tap Questions.sqt,1,28 Nov 2025
Tap only the elements in a molecule of limestone.,multi_tap,"A,C,E",Calcium,Hydrogen,Oxygen,Iron,Carbon,Sodium,Quizsentials,,False,28 Nov 2025,Bonus Round - 10 Multi Tap Questions.sqt,1,28 Nov 2025
"Of the Beatles songs listed here, tap only the ones that Ringo Starr sang lead vocals on.",multi_tap,"B,C,E",Let It Be,With a Little Help From My Friends,Yellow Submarine,She Loves You,Octopus's Garden,Hey Jude,Quizsentials,,False,28 Nov 2025,Bonus Round - 10 Multi Tap Questions.sqt,1,28 Nov 2025
"Of these fictional characters, tap only the ones who are bald.",multi_tap,"B,C,E",Frodo Baggins,Captain Jean-Luc Picard,Lex Luthor,Eric Cartman,Dr Evil,Han Solo,Quizsentials,,False,28 Nov 2025,Bonus Round - 10 Multi Tap Questions.sqt,1,28 Nov 2025
"Of the lakes listed here, tap only the ones in Africa.",multi_tap,"C,E",Lake Titicaca,Lake Superior,Lake Victoria,Lake Como,Lake Malawi,Lake Tahoe,Quizsentials,,False,28 Nov 2025,Bonus Round - 10 Multi Tap Questions.sqt,1,28 Nov 2025
Tap only the Major League Baseball teams that are named after their state rather than the city in which they are based.,multi_tap,"B,C,D,F",Pirates,Diamondbacks,Twins,Rangers,Guardians,Rockies,Quizsentials,,False,28 Nov 2025,Bonus Round - 10 Multi Tap Questions.sqt,2,28 Nov 2025
Tap only the rivers in France.,multi_tap,"B,C,D,E",Danube,Seine,Dordogne,Rhône,Loire,Tiber,Quizsentials,,False,28 Nov 2025,Bonus Round - 10 Multi Tap Questions.sqt,1,28 Nov 2025
Tap only the bands that were formed in Australia.,multi_tap,"A,C,E,F",AC/DC,The Killers,INXS,Muse,Crowded House,Empire of the Sun,Quizsentials,,False,8 Aug 2025,Bonus Round - 10 Multi Tap Questions.sqt,1,8 Aug 2025
Tap only the events that took place in the 1990s.,multi_tap,"B,C,D",PlayStation 2 is released,Timotheé Chalomet is born,Mother Teresa dies,Yugoslavia breaks up,George W. Bush becomes US president,Nokia 3310 is released,Quizsentials,,False,8 Aug 2025,Bonus Round - 10 Multi Tap Questions.sqt,2,15 Sep 2025
Tap only the organisations that are run by the United Nations.,multi_tap,"A,C",UNICEF,INTERPOL,World Health Organization,Greenpeace,The Salvation Army,European Union,Quizsentials,,False,8 Aug 2025,Bonus Round - 10 Multi Tap Questions.sqt,1,8 Aug 2025
Tap only the countries where English is an official language.,multi_tap,"B,D,F",Colombia,Canada,Mexico,Nigeria,Senegal,Singapore,Quizsentials,,False,8 Aug 2025,Bonus Round - 10 Multi Tap Questions.sqt,1,8 Aug 2025
"Of the animals listed here, tap only the ones that are known to mate for life.",multi_tap,"A,B,C,D,E,F",Beaver,Albatross,Gibbon,Mute swan,Coyote,Black vulture,Quizsentials,,False,8 Aug 2025,Bonus Round - 10 Multi Tap Questions.sqt,2,6 Sep 2026
Tap only the real titles of Batman video games.,multi_tap,"A,B,C,D,E",Arkham Asylum,Arkham City,Arkham Origins,Arkham Knight,Arkham Shadow,Arkham Soldier,Quizsentials,,False,8 Aug 2025,Bonus Round - 10 Multi Tap Questions.sqt,1,8 Aug 2025
"Of the movies listed here, tap only the ones that star Julia Roberts.",multi_tap,"A,B,C,D,E",Confessions of a Dangerous Mind,Eat Pray Love,Erin Brockovich,Notting Hill,Pretty Woman,There's Something About Mary,Quizsentials,,False,8 Aug 2025,Bonus Round - 10 Multi Tap Questions.sqt,1,8 Aug 2025
Tap only the game shows that originated in the US.,multi_tap,"B,D,F",The Weakest Link,Wheel of Fortune,Deal or No Deal,The Price Is Right,The Chase,Jeopardy!,Quizsentials,,False,8 Aug 2025,Bonus Round - 10 Multi Tap Questions.sqt,1,8 Aug 2025
Tap only the brands that were founded in the UK.,multi_tap,"A,E",Rimmel,L'Oréal,L'Occitane,Revlon,Jo Malone,Nivea,Quizsentials,,False,8 Aug 2025,Bonus Round - 10 Multi Tap Questions.sqt,1,8 Aug 2025
"Of the Spanish footballers listed here, tap only the ones who were in the squad that won the 2010 FIFA World Cup.",multi_tap,"A,B,C,D,E,F",Cesc Fàbregas,Xavi,Sergio Ramos,David Silva,Gerard Piqué,Carles Puyol,Quizsentials,,False,25 Feb 2026,Bonus Round - 10 Multi Tap Questions.sqt,2,25 Feb 2026
Tap only the individual swimming events in which people can win an Olympic medal.,multi_tap,"A,B,D,F",Breaststroke,Butterfly,Front crawl,Backstroke,Doggy paddle,Individual medley,Quizsentials,,False,25 Feb 2026,Bonus Round - 10 Multi Tap Questions.sqt,1,25 Feb 2026
"Of these Latin American countries, tap only the ones with a larger population than Argentina.",multi_tap,D,Uruguay,Nicaragua,El Salvador,Mexico,Honduras,Chile,Quizsentials,,False,25 Feb 2026,Bonus Round - 10 Multi Tap Questions.sqt,1,25 Feb 2026
Tap only the sound frequencies that are within the range of human hearing.,multi_tap,"B,C,D",5 Hz,50 Hz,"1,000 Hz","10,000 Hz","50,000 Hz","100,000 Hz",Quizsentials,,False,25 Feb 2026,Bonus Round - 10 Multi Tap Questions.sqt,2,10 Apr 2025
"Of these famous musicians, tap only the ones born in Texas.",multi_tap,"A,D",Beyoncé,Dolly Parton,Cardi B,Megan Thee Stallion,Elvis Presley,Britney Spears,Quizsentials,,False,25 Feb 2026,Bonus Round - 10 Multi Tap Questions.sqt,1,25 Feb 2026
Tap only the superheroes that appear in the 2025 movie 'Superman'.,multi_tap,"D,F",Batman,Spider-Man,The Flash,Green Lantern,Wonder Woman,Superman,Quizsentials,,False,25 Feb 2026,Bonus Round - 10 Multi Tap Questions.sqt,1,25 Feb 2026
"Of the pies listed here, tap only the ones that are sweet as opposed to savoury.",multi_tap,"B,E",Shepherd's pie,Apple pie,Cottage pie,Game pie,Key lime pie,Pork pie,Quizsentials,,False,24 Feb 2026,Bonus Round - 10 Multi Tap Questions.sqt,2,11 Apr 2025
"Of the German footballers listed here, tap only the ones who were in the squad that won the 2014 FIFA World Cup.",multi_tap,"B,D,E",Kai Havertz,Philipp Lahm,Leroy Sané,Manuel Neuer,Toni Kroos,Lothar Matthäus,Quizsentials,,False,24 Feb 2026,Bonus Round - 10 Multi Tap Questions.sqt,1,24 Feb 2026
Tap only the things that are typically yellow.,multi_tap,"A,C,D,E,F",Brazil football top,Flamingo,Egg yolk,Uma Thurman's tracksuit in 'Kill Bill',Taxi cabs in New York,Daffodil,Quizsentials,,False,24 Feb 2026,Bonus Round - 10 Multi Tap Questions.sqt,1,24 Feb 2026
"From the most recent annual figures, tap only the airports listed in the world's top 50 busiest airports by passenger traffic.",multi_tap,"A,C,E,F",Amsterdam Schiphol,Liverpool John Lennon,Los Angeles International,Manchester,Heathrow,Miami International,Quizsentials,,False,24 Feb 2026,Bonus Round - 10 Multi Tap Questions.sqt,1,24 Feb 2026
Tap only the songs that were WRITTEN by Prince.,multi_tap,"A,B,C,D,E,F",When Doves Cry,Purple Rain,Manic Monday,I Feel For You,Nothing Compares 2 U,Kiss,Quizsentials,,False,24 Feb 2026,Bonus Round - 10 Multi Tap Questions.sqt,1,24 Feb 2026
Tap only the insults used in literature by William Shakespeare.,multi_tap,A,Sodden-witted lord,Cotton-headed ninny muggins,Smelly pirate hooker,"Stuck up, half-witted, scruffy looking nerfherder","Foul, loathsome, evil little cockroach",Festering pustule of malignant ooze,Quizsentials,,False,24 Feb 2026,Bonus Round - 10 Multi Tap Questions.sqt,1,24 Feb 2026
Tap only the singers who first found fame on 'American Idol'.,multi_tap,"A,D,E",Kelly Clarkson,Miley Cyrus,Katy Perry,Carrie Underwood,Jordin Sparks,Ariana Grande,Quizsentials,,False,24 Feb 2026,Bonus Round - 10 Multi Tap Questions.sqt,1,24 Feb 2026
Tap only the wives of Henry VIII who were beheaded.,multi_tap,"B,E",Catherine of Aragon,Anne Boleyn,Jane Seymour,Anne of Cleves,Catherine Howard,Catherine Parr,Quizsentials,,False,24 Feb 2026,Bonus Round - 10 Multi Tap Questions.sqt,2,25 Mar 2025
Tap only the chemical elements discovered by Marie and Pierre Curie.,multi_tap,"A,F",Polonium,Neptunium,Uranium,Fermium,Potassium,Radium,Quizsentials,,False,24 Feb 2026,Bonus Round - 10 Multi Tap Questions.sqt,2,9 Apr 2025
"Of these World Athletics Championships events, tap only the ones that DO NOT also feature in the World Indoor Championships.",multi_tap,"A,B,E",100m,Javelin,400m,Pole vault,Discus,800m,Quizsentials,,False,24 Feb 2026,Bonus Round - 10 Multi Tap Questions.sqt,2,2 Feb 2025
Tap only the countries that share a land border with Spain.,multi_tap,"A,E",France,Germany,Italy,Switzerland,Portugal,Netherlands,Quizsentials,,False,6 Jul 2025,Bonus Round - 10 Multi Tap Questions.sqt,1,6 Jul 2025
Tap only the countries where they drive on the left.,multi_tap,"A,B,C,F",Japan,Australia,UK,Sweden,Canada,India,Quizsentials,,False,6 Jul 2025,Bonus Round - 10 Multi Tap Questions.sqt,1,6 Jul 2025
Tap only the types of rock.,multi_tap,"A,E,F",Sedimentary,Ingenious,Elementary,Anthropomorphic,Metamorphic,Igneous,Quizsentials,,False,6 Jul 2025,Bonus Round - 10 Multi Tap Questions.sqt,2,21 May 2026
Tap only the words that originate from Hebrew.,multi_tap,"C,D,E",Christ,Pope,Amen,Leviathan,Messiah,Crucifix,Quizsentials,,False,6 Jul 2025,Bonus Round - 10 Multi Tap Questions.sqt,2,11 Aug 2026
Tap only the names of Argentinean football clubs.,multi_tap,"B,C,E",Young Boys,Newell's Old Boys,Atlanta,Atalanta,Racing Club,Athletic Club,Quizsentials,,False,6 Jul 2025,Bonus Round - 10 Multi Tap Questions.sqt,2,16 Apr 2026
Tap only the names of clouds.,multi_tap,"A,C,D,E",Cirrus,Romulus,Cumulus,Stratus,Nimbus,Epicurus,Quizsentials,,False,6 Jul 2025,Bonus Round - 10 Multi Tap Questions.sqt,3,23 Jun 2026
Tap only the knights of King Arthur's round table.,multi_tap,"A,C,E",Sir Gawain,Sir Jaime,Sir Lancelot,Sir Barristan,Sir Galahad,Sir Davos,Quizsentials,,False,6 Jul 2025,Bonus Round - 10 Multi Tap Questions.sqt,1,6 Jul 2025
Tap only the albums released by Coldplay.,multi_tap,"A,B,D,F",Moon Music,A Rush of Blood to the Head,Kid A,X&Y,In Rainbows,Mylo Xyloto,Quizsentials,,False,6 Jul 2025,Bonus Round - 10 Multi Tap Questions.sqt,1,6 Jul 2025
"Of the movies listed here, tap only the ones that were directed by Taika Waititi.",multi_tap,"A,C,D",Jojo Rabbit,Thor: Dark World,Thor: Ragnarok,What We Do In the Shadows,Moana,The Grand Budapest Hotel,Quizsentials,,False,6 Jul 2025,Bonus Round - 10 Multi Tap Questions.sqt,1,6 Jul 2025
"Of the goalkeepers listed here, tap only the ones that have played for Manchester United.",multi_tap,"B,F",Kasper Schmeichel,Peter Schmeichel,Petr Cech,Pepe Reina,David Raya,David de Gea,Quizsentials,,False,7 Jul 2025,Bonus Round - 10 Multi Tap Questions.sqt,2,23 Apr 2026
Tap only the colours of wedges in the original Trivial Pursuit.,multi_tap,"A,B,C,F",Blue,Pink,Brown,Red,Black,Green,Quizsentials,,False,7 Jul 2025,Bonus Round - 10 Multi Tap Questions.sqt,1,7 Jul 2025
Tap only the novels written by American authors.,multi_tap,"A,B,D",Moby-Dick,The Grapes of Wrath,Pride and Prejudice,To Kill a Mockingbird,Dracula,Oliver Twist,Quizsentials,,False,7 Jul 2025,Bonus Round - 10 Multi Tap Questions.sqt,2,14 Aug 2026
"Of these famous people, tap only those who are/were known for having red or ginger hair.",multi_tap,"A,C,E",Rupert Grint,Wayne Gretzky,Amy Adams,Maria Sharipova,Prince Harry,Robin Williams,Quizsentials,,False,7 Jul 2025,Bonus Round - 10 Multi Tap Questions.sqt,1,7 Jul 2025
Tap only the Swedish cities.,multi_tap,"A,B,E",Malmö,Gothenburg,Copenhagen,Odense,Stockholm,Trondheim,Quizsentials,,False,7 Jul 2025,Bonus Round - 10 Multi Tap Questions.sqt,1,7 Jul 2025
"Of the books of the Bible listed here, tap only the ones from the New Testament.",multi_tap,"C,D,F",Deuteronomy,Genesis,Gospel of John,Gospel of Luke,Ruth,Acts of the Apostles,Quizsentials,,False,7 Jul 2025,Bonus Round - 10 Multi Tap Questions.sqt,3,24 Aug 2026
"Of these Owen Wilson films, tap only the ones that also star Ben Stiller.",multi_tap,"C,D",Marley & Me,Wedding Crashers,Zoolander,Starsky & Hutch,Wonder,Midnight in Paris,Quizsentials,,False,7 Jul 2025,Bonus Round - 10 Multi Tap Questions.sqt,1,7 Jul 2025
Tap only the names of albums by the band Red Hot Chili Peppers.,multi_tap,"B,C,F",Songs For the Deaf,Californication,By the Way,Superunknown,Siamese Dream,Blood Sugar Sex Magik,Quizsentials,,False,7 Jul 2025,Bonus Round - 10 Multi Tap Questions.sqt,1,7 Jul 2025
Tap only the countries that border Uruguay.,multi_tap,"A,F",Brazil,Paraguay,Bolivia,Chile,Peru,Argentina,Quizsentials,,False,7 Mar 2025,Bonus Round - 10 Multi Tap Questions.sqt,2,21 May 2026
Tap only the films that are classed as westerns.,multi_tap,"A,B,C,D,F",Tombstone,The Man Who Shot Liberty Valance,Butch Cassidy and the Sundance Kid,Unforgiven,Once Upon a Time in America,The Magnificent Seven,Quizsentials,,False,7 Mar 2025,Bonus Round - 10 Multi Tap Questions.sqt,1,7 Mar 2025
"Of the fashion designers listed here, tap only the ones born in the USA.",multi_tap,"B,C,D,E",Alexander McQueen,Donna Karan,Vera Wang,Tommy Hilfiger,Calvin Klein,Giorgio Armani,Quizsentials,,False,7 Mar 2025,Bonus Round - 10 Multi Tap Questions.sqt,2,7 Nov 2025
Tap only the chemical elements whose name origins are Greek.,multi_tap,"E,F",Nickel,Zinc,Tin,Tungsten,Neon,Oxygen,Quizsentials,,False,7 Mar 2025,Bonus Round - 10 Multi Tap Questions.sqt,2,4 Dec 2025
"Of the golfers listed here, tap only the ones from the UK.",multi_tap,"B,E,F",Tiger Woods,Colin Montgomerie,Arnold Palmer,Vijay Singh,Rory McIlroy,Nick Faldo,Quizsentials,,False,7 Mar 2025,Bonus Round - 10 Multi Tap Questions.sqt,1,7 Mar 2025
Tap only the names of book titles in the fantasy series 'A Song of Ice and Fire' by George R.R. Martin.,multi_tap,"B,C,D,E,F",A House of Wolves,A Feast for Crows,A Game of Thrones,A Dance with Dragons,A Clash of Kings,A Storm of Swords,Quizsentials,,False,7 Mar 2025,Bonus Round - 10 Multi Tap Questions.sqt,2,3 Apr 2026
Tap only the musicians who have been members of the Red Hot Chili Peppers.,multi_tap,"A,C,E",Flea,Sting,Anthony Kiedis,Zack de la Rocha,John Frusciante,Joe Satriani,Quizsentials,,False,7 Mar 2025,Bonus Round - 10 Multi Tap Questions.sqt,2,21 May 2026
Tap only the football clubs that Erling Haaland has played for.,multi_tap,"C,E,F",Rosenborg BK,Bayern Munich,Borussia Dortmund,RB Leipzig,Red Bull Salzburg,Manchester City,Quizsentials,,False,7 Mar 2025,Bonus Round - 10 Multi Tap Questions.sqt,2,12 Oct 2025
Tap only the diseases that are catered for in the MMR vaccine?,multi_tap,"A,D,E",Measles,Malaria,Meningitis,German measles,Mumps,Rickets,Quizsentials,,False,7 Mar 2025,Bonus Round - 10 Multi Tap Questions.sqt,2,3 Feb 2026
Tap only the Dutch cities.,multi_tap,"A,B,C,D,E,F",Rotterdam,Amsterdam,Maastricht,Utrecht,The Hague,Eindhoven,Quizsentials,,False,6 Mar 2025,Bonus Round - 10 Multi Tap Questions.sqt,2,15 May 2026
Tap only the movies that star Matthew Broderick.,multi_tap,"A,B,E",War Games,The Lion King,Teen Wolf,Back to the Future,Ferris Bueller's Day Off,Stuart Little,Quizsentials,,False,6 Mar 2025,Bonus Round - 10 Multi Tap Questions.sqt,1,6 Mar 2025
"Forbes magazine compiles a list of the World's Billionaires each year, ranking them in order of wealth. Of the following people, tap only the ones who have topped this annual ranking at some point in their life.",multi_tap,"A,C,D",Jeff Bezos,Queen Elizabeth II,Bill Gates,Elon Musk,Donald Trump,Steve Jobs,Quizsentials,,False,6 Mar 2025,Bonus Round - 10 Multi Tap Questions.sqt,1,6 Mar 2025
Tap only the famous physicists who were alive in the 20th century.,multi_tap,"A,B,E",Albert Einstein,Stephen Hawking,Isaac Newton,Galileo Galilei,J. Robert Oppenheimer,Michael Faraday,Quizsentials,,False,6 Mar 2025,Bonus Round - 10 Multi Tap Questions.sqt,2,30 Nov 2025
Tap only the pro wrestlers that were born outside of the USA.,multi_tap,"A,B,C",André the Giant,Sheamus,Becky Lynch,Triple H,Chyna,Cody Rhodes,Quizsentials,,False,6 Mar 2025,Bonus Round - 10 Multi Tap Questions.sqt,1,6 Mar 2025
Tap only the names of musketeers from 'The Three Musketeers' by Alexandre Dumas.,multi_tap,"A,B,F",Aramis,Athos,Dumas,Rochefort,Richelieu,Porthos,Quizsentials,,False,6 Mar 2025,Bonus Round - 10 Multi Tap Questions.sqt,2,26 Mar 2026
"Of these famous tours, tap only the ones by Madonna.",multi_tap,"A,D,F",Blond Ambition Tour,The Eras Tour,Music of the Spheres Tour,Madame X Tour,Renaissance World Tour,Sticky & Sweet Tour,Quizsentials,,False,6 Mar 2025,Bonus Round - 10 Multi Tap Questions.sqt,2,15 May 2026
"According to the International Bartenders Association, tap only the ingredients found in a Mojito.",multi_tap,"A,B,F",White cane sugar,White Cuban rum,Nutmeg,Orange juice,London dry gin,Fresh lime juice,Quizsentials,,False,6 Mar 2025,Bonus Round - 10 Multi Tap Questions.sqt,2,18 Dec 2025
"If you were to draw a horizontal and vertical line to divide the USA into quarters, tap only the states that would be in the south east quarter.",multi_tap,"C,D,E,F",Arizona,Wyoming,Arkansas,Tennessee,Georgia,Florida,Quizsentials,,False,2 Nov 2025,Bonus Round - 10 Multi Tap Questions.sqt,1,2 Nov 2025
Tap only the names of characters from 'Sesame Street'.,multi_tap,"A,B,F",Big Bird,Oscar the Grouch,Sportacus,Bessie Busybody,Robbie Rotten,Grover,Quizsentials,,False,2 Nov 2025,Bonus Round - 10 Multi Tap Questions.sqt,2,4 Mar 2025
"Of the 'Alien' movies listed here, tap only the ones released in the 21st century.",multi_tap,"B,D,E,F",Alien 3,Prometheus,Alien Resurrection,Alien: Covenant,Alien: Romulus,Alien vs Predator,Quizsentials,,False,2 Nov 2025,Bonus Round - 10 Multi Tap Questions.sqt,1,2 Nov 2025
"Of these musical acts, tap only the ones with two members in their definitive line-up.",multi_tap,"A,B,C,E,F",Daft Punk,Erasure,Tears for Fears,The Thompson Twins,The White Stripes,Yazoo,Quizsentials,,False,2 Nov 2025,Bonus Round - 10 Multi Tap Questions.sqt,1,2 Nov 2025
Listed here are Roman names of places. Tap only the ones in Europe.,multi_tap,"A,D,F",Caledonia,Tripolitania,Palaestina,Gallia,Aegyptus,Germania,Quizsentials,,False,2 Nov 2025,Bonus Round - 10 Multi Tap Questions.sqt,1,2 Nov 2025
"Of these '90s and 2000s games consoles, tap only the ones by Nintendo.",multi_tap,"C,D,E",Mega Drive,Master System,Entertainment System,Wii,GameCube,Dreamcast,Quizsentials,,False,2 Nov 2025,Bonus Round - 10 Multi Tap Questions.sqt,1,2 Nov 2025
"Of the cocktails listed here, tap only the ones that have cola in them, according to the International Bartenders Association.",multi_tap,"A,C",Cuba libre,White Russian,Long Island iced tea,Negroni,Tequila sunrise,Dark and stormy,Quizsentials,,False,2 Nov 2025,Bonus Round - 10 Multi Tap Questions.sqt,1,2 Nov 2025
Tap only the synonyms of the word 'faithful' as listed on thesaurus.com.,multi_tap,"A,B,C,D",Loyal,Reliable,Honorable,Trusty,Unscrupulous,Irresolute,Quizsentials,,False,2 Nov 2025,Bonus Round - 10 Multi Tap Questions.sqt,1,2 Nov 2025
Tap only the pro wrestlers whose stage names are also their real names.,multi_tap,"B,C,E",Rey Mysterio,Randy Orton,Bret Hart,Hulk Hogan,Kurt Angle,Roman Reigns,Quizsentials,,False,22 Aug 2025,Bonus Round - 10 Multi Tap Questions.sqt,1,22 Aug 2025
Tap only the French scientists.,multi_tap,"B,D,F",Albert Einstein,Louis Pasteur,Alessandro Volta,André-Marie Ampère,Max Planck,Pierre Curie,Quizsentials,,False,22 Aug 2025,Bonus Round - 10 Multi Tap Questions.sqt,1,22 Aug 2025
Tap only the singers who are younger than Taylor Swift.,multi_tap,"C,D",Alicia Keys,Lady Gaga,Sabrina Carpenter,Dua Lipa,Adele,Katy Perry,Quizsentials,,False,22 Aug 2025,Bonus Round - 10 Multi Tap Questions.sqt,1,22 Aug 2025
"As endorsed by the Vatican, tap only the places where apparitions (supernatural appearances) of the Virgin Mary are said to have taken place.",multi_tap,"B,C,D","Pisa, Italy","Lourdes, France","Fatima, Portugal","Knock, Ireland","Barnsley, England","Seattle, USA",Quizsentials,,False,22 Aug 2025,Bonus Round - 10 Multi Tap Questions.sqt,1,22 Aug 2025
Tap only the film characters who usually wear glasses.,multi_tap,"D,E",Woody from Toy Story,Doc Brown from Back to the Future,John Wick,Sadness from Inside Out,Clark Kent (when he's not Superman),"Dom Toretto (Vin Diesel), from Fast & Furious",Quizsentials,,False,22 Aug 2025,Bonus Round - 10 Multi Tap Questions.sqt,1,22 Aug 2025
"Of these famous literary works, tap only the ones that are poems rather than novels.",multi_tap,"A,E,F","Paradise Lost, by John Milton","The Grapes of Wrath, by John Steinbeck","War and Peace, by Leo Tolstoy","Ulysses, by James Joyce","The Raven, by Edgar Allan Poe","Ozymandias, by Percy Bysshe Shelley",Quizsentials,,False,22 Aug 2025,Bonus Round - 10 Multi Tap Questions.sqt,1,22 Aug 2025
Tap only the cocktails that are typically coffee-flavoured.,multi_tap,"A,B,C",Espresso Martini,Black Russian,White Russian,Dark & Stormy,Negroni,Moscow Mule,Quizsentials,,False,22 Aug 2025,Bonus Round - 10 Multi Tap Questions.sqt,1,22 Aug 2025
"Of the 'Stranger Things' characters listed here, tap only the ones that are the oldest of their siblings.",multi_tap,"A,E,F",Lucas Sinclair,Mike Wheeler,Will Byers,Erica Sinclair,Jonathan Byers,Nancy Wheeler,Quizsentials,,False,22 Aug 2025,Bonus Round - 10 Multi Tap Questions.sqt,1,22 Aug 2025
Tap only the footballers who play (or have played) international football for an African country.,multi_tap,"A,B,C,D,E",Achraf Hakimi,Bryan Mbeumo,Victor Osimhen,Alex Iwobi,Omar Marmoush,Noni Madueke,Quizsentials,,False,22 Aug 2025,Bonus Round - 10 Multi Tap Questions.sqt,2,17 Jun 2026
Tap only the countries that share a land border with Argentina.,multi_tap,"A,B,C,D,F",Bolivia,Brazil,Chile,Paraguay,Peru,Uruguay,Quizsentials,,False,24 Apr 2025,Bonus Round - 10 Multi Tap Questions.sqt,2,15 Jul 2026
"Of the TV shows listed here, tap only the ones that have had 10 or more seasons.",multi_tap,"A,B,C,E",Friends,The Simpsons,Grey's Anatomy,How I Met Your Mother,Supernatural,Buffy the Vampire Slayer,Quizsentials,,False,24 Apr 2025,Bonus Round - 10 Multi Tap Questions.sqt,1,24 Apr 2025
"Out of these famous people, tap only the blood relatives of at least one other person in the list?",multi_tap,"A,B,C,D",Michael Jackson,Janet Jackson,Quincy Jones,Rashida Jones,King Charles,Ray Charles,Quizsentials,,False,24 Apr 2025,Bonus Round - 10 Multi Tap Questions.sqt,1,24 Apr 2025
Tap only the physicists born in the USA.,multi_tap,"A,F",J Robert Oppenheimer,Isaac Newton,Erwin Schrödinger,Albert Einstein,Alessandro Volta,Neil deGrasse Tyson,Quizsentials,,False,24 Apr 2025,Bonus Round - 10 Multi Tap Questions.sqt,3,15 Mar 2026
"Of the track and field athletes listed here, tap only the ones known for competing in field athletics.",multi_tap,"A,B,D",Ryan Crouser,Carl Lewis,Steve Ovett,Armand Duplantis,Asafa Powell,Maurice Greene,Quizsentials,,False,24 Apr 2025,Bonus Round - 10 Multi Tap Questions.sqt,1,24 Apr 2025
"Of the celebrities listed here, tap only the ones that appear in the lyrics of 'Vogue' by Madonna.",multi_tap,B,Audrey Hepburn,Bette Davis,Doris Day,Jayne Mansfield,Joan Crawford,Katharine Hepburn,Quizsentials,,False,24 Apr 2025,Bonus Round - 10 Multi Tap Questions.sqt,1,24 Apr 2025
Tap only the brands and products that are named after sportspeople.,multi_tap,"B,C,D,E",Wilson,Air Jordan,Chuck Taylor All-Stars,Fred Perry,Lacoste,Adidas,Quizsentials,,False,24 Apr 2025,Bonus Round - 10 Multi Tap Questions.sqt,2,17 Mar 2026
Tap only the names of fielding positions in baseball.,multi_tap,"A,B,D,F",Left field,First base,Gully,Catcher,Fine leg,Shortstop,Quizsentials,,False,24 Apr 2025,Bonus Round - 10 Multi Tap Questions.sqt,2,21 Jan 2026
Tap only the US presidents who represented the Republican Party.,multi_tap,"B,D,F",Joe Biden,Donald Trump,Barack Obama,George W. Bush,Bill Clinton,George H.W. Bush,Quizsentials,,False,24 Apr 2025,Bonus Round - 10 Multi Tap Questions.sqt,2,9 Apr 2026
Tap only the French cities.,multi_tap,"A,B,C,D,E",Le Havre,Nice,Nantes,Dijon,Le Mans,Maastricht,Quizsentials,,False,25 Apr 2025,Bonus Round - 10 Multi Tap Questions.sqt,3,18 Feb 2025
"Of these 'Star Wars' films, tap only the ones that Yoda appears in.",multi_tap,"B,C,D,F",A New Hope,The Empire Strikes Back,Return of the Jedi,The Phantom Menace,The Force Awakens,The Last Jedi,Quizsentials,,False,25 Apr 2025,Bonus Round - 10 Multi Tap Questions.sqt,1,25 Apr 2025
"Of these famous Dons, tap only those who are fictional.",multi_tap,"B,C,D,F",Don King,Don Quixote,Donald Duck,Don Corleone,Donald Trump,Donkey from Shrek,Quizsentials,,False,25 Apr 2025,Bonus Round - 10 Multi Tap Questions.sqt,1,25 Apr 2025
"Of the snooker players listed here, tap only the ones born outside of the UK.",multi_tap,"B,C,E",Ronnie O'Sullivan,Neil Robertson,Luca Brecel,Graeme Dott,Cliff Thorburn,Steve Davis,Quizsentials,,False,25 Apr 2025,Bonus Round - 10 Multi Tap Questions.sqt,1,25 Apr 2025
Tap only the names of the original members of the pop band ABBA.,multi_tap,"A,C,E,F",Benny,Bertie,Agnetha,Andi,Anni-Frid,Björn,Quizsentials,,False,25 Apr 2025,Bonus Round - 10 Multi Tap Questions.sqt,1,25 Apr 2025
Tap only the names of pasta shapes.,multi_tap,"A,C,E,F",Fettuccine,Fonzarelli,Pappardelle,Pirelli,Rigatoni,Strozzapreti,Quizsentials,,False,25 Apr 2025,Bonus Round - 10 Multi Tap Questions.sqt,4,25 May 2025
"Tap only the groups of people that Saint Paul wrote letters to, in what are known as the Epistles in the New Testament.",multi_tap,"A,B,C",Galatians,Romans,Corinthians,Persians,Babylonians,Samaritans,Quizsentials,,False,25 Apr 2025,Bonus Round - 10 Multi Tap Questions.sqt,2,10 Apr 2026
"Of these famous world tours, tap only the ones by the Rolling Stones.",multi_tap,"A,C,D,E",A Bigger Bang Tour,Farewell Yellow Brick Road Tour,No Filter Tour,Licks Tour,Voodoo Lounge Tour,Vertigo Tour,Quizsentials,,False,17 Sep 2025,Bonus Round - 10 Multi Tap Questions.sqt,1,17 Sep 2025
Tap only the golfers who have had a PGA Tour video game named after them.,multi_tap,"A,F",Rory McIlroy,Bubba Watson,Ernie Els,Arnold Palmer,Gary Player,Tiger Woods,Quizsentials,,False,17 Sep 2025,Bonus Round - 10 Multi Tap Questions.sqt,1,17 Sep 2025
Tap only the items that are from Burger King.,multi_tap,"B,C,D,F",Big Mac,Chicken Royale,Whopper,Vegan Royale,Zinger Burger,BBQ Steakhouse Angus,Quizsentials,,False,17 Sep 2025,Bonus Round - 10 Multi Tap Questions.sqt,1,17 Sep 2025
Tap only the places that have been home to a 'Real Housewives' series?,multi_tap,"A,E",Atlanta,Seattle,Orlando,Minneapolis,"Washington, DC",Denver,Quizsentials,,False,17 Sep 2025,Bonus Round - 10 Multi Tap Questions.sqt,2,15 Jun 2025
"Of these scientists, tap only the ones who were alive in the 1900s.",multi_tap,"A,B,E",Max Planck,Niels Bohr,Louis Pasteur,Alessandro Volta,Alan Turing,Joseph Priestley,Quizsentials,,False,17 Sep 2025,Bonus Round - 10 Multi Tap Questions.sqt,1,17 Sep 2025
Tap only the sports in which you are allowed to kick the ball with your foot.,multi_tap,"A,C,D,F",Football,Tennis,Rugby union,Rugby league,Basketball,Water polo,Quizsentials,,False,17 Sep 2025,Bonus Round - 10 Multi Tap Questions.sqt,3,23 Aug 2026
"With regard to the vintage comedy act, tap only the names of the Marx Brothers?",multi_tap,"A,C,D",Chico,Rizzo,Groucho,Harpo,Danno,Gonzo,Quizsentials,,False,17 Sep 2025,Bonus Round - 10 Multi Tap Questions.sqt,1,17 Sep 2025
"Tap the countries with flags that are yellow, red and green.",multi_tap,"B,C,F",New Zealand,Mali,Republic of the Congo,Mexico,Thailand,Bolivia,Quizsentials,,False,17 Sep 2025,Bonus Round - 10 Multi Tap Questions.sqt,1,17 Sep 2025
Tap only the names of spacecraft that have successfully landed on Mars.,multi_tap,"A,B,F",Pathfinder,Viking 1,Voyager 1,Hubble,Apollo 13,Viking 2,Quizsentials,,False,17 Sep 2025,Bonus Round - 10 Multi Tap Questions.sqt,1,17 Sep 2025
Tap only the countries that currently formally acknowledge the possession of nuclear weapons.,multi_tap,"A,B,E,F",France,United States,Spain,Germany,China,United Kingdom,Quizsentials,,False,16 Sep 2025,Bonus Round - 10 Multi Tap Questions.sqt,1,16 Sep 2025
Tap only the films starring Gary Oldman.,multi_tap,"A,B,C,E",Harry Potter and the Goblet of Fire,Darkest Hour,Oppenheimer,The Wolverine,Harry Potter and the Order of the Phoenix,The Da Vinci Code,Quizsentials,,False,16 Sep 2025,Bonus Round - 10 Multi Tap Questions.sqt,1,16 Sep 2025
Tap only the foods that are regarded as traditional ingredients on a quattro stagioni pizza.,multi_tap,"A,C,E,F",Artichoke,Anchovies,Mushroom,Pineapple,Ham,Olive,Quizsentials,,False,16 Sep 2025,Bonus Round - 10 Multi Tap Questions.sqt,1,16 Sep 2025
"Of these Premier League legends, tap only the ones who played for Spain.",multi_tap,"A,B,C",Cesar Azpilicueta,David Silva,Cesc Fàbregas,Dennis Bergkamp,Luis Suarez,Gianluca Vialli,Quizsentials,,False,16 Sep 2025,Bonus Round - 10 Multi Tap Questions.sqt,3,21 Aug 2026
Tap only the bands and artists that performed at Woodstock in 1969.,multi_tap,"C,D,E",The Beatles,Elvis Presley,The Who,Grateful Dead,Jimi Hendrix,The Supremes,Quizsentials,,False,16 Sep 2025,Bonus Round - 10 Multi Tap Questions.sqt,1,16 Sep 2025
Tap only the UFC fighters from the USA.,multi_tap,"B,C,E",Conor McGregor,Jon Jones,Sean Strickland,Paddy Pimblett,Michael Chandler,Islam Makhachev,Quizsentials,,False,16 Sep 2025,Bonus Round - 10 Multi Tap Questions.sqt,1,16 Sep 2025
Tap only the cities that the River Danube passes through.,multi_tap,"B,D,E",Paris,Budapest,Berlin,Vienna,Bratislava,Madrid,Quizsentials,,False,16 Sep 2025,Bonus Round - 10 Multi Tap Questions.sqt,1,16 Sep 2025
Tap only the numbers that are multiples of 12.,multi_tap,"B,C,E",130,156,108,208,60,244,Quizsentials,,False,16 Sep 2025,Bonus Round - 10 Multi Tap Questions.sqt,1,16 Sep 2025
Tap only the creatures that undergo metamorphosis.,multi_tap,"B,D",Catfish,Caterpillars,Sharks,Tadpoles,Bats,Geckos,Quizsentials,,False,16 Sep 2025,Bonus Round - 10 Multi Tap Questions.sqt,1,16 Sep 2025
Tap only the novels in which the lead protagonist is a woman or girl.,multi_tap,"B,C,E",The Catcher in the Rye,To Kill a Mockingbird,The Hunger Games,Life of Pi,The Book Thief,Lord of the Flies,Quizsentials,,False,16 Sep 2025,Bonus Round - 10 Multi Tap Questions.sqt,1,16 Sep 2025
Tap only the landmarks that are in Italy.,multi_tap,"A,B,C,D,F",Leaning Tower of Pisa,Trevi Fountain,Mount Vesuvius,Ponte Vecchio,Sagrada Familia,Doge's Palace,Quizsentials,,False,8 Jun 2025,Bonus Round - 10 Multi Tap Questions.sqt,2,17 Aug 2026
"Tap only the famous TikTokers, as opposed to the famous nepo babies.",multi_tap,"B,F",Willow Smith,Avani Gregg,Gracie Abrams,Maude Apatow,Lily-Rose Depp,Bella Poarch,Quizsentials,,False,8 Jun 2025,Bonus Round - 10 Multi Tap Questions.sqt,2,23 Apr 2026
"Of the football managers listed here, tap only the Germans.",multi_tap,"A,E,F",Thomas Tuchel,Arne Slot,Johan Cruyff,Rinus Michels,Jurgen Klopp,Franz Beckenbauer,Quizsentials,,False,8 Jun 2025,Bonus Round - 10 Multi Tap Questions.sqt,2,19 Mar 2026
Tap only the historical figures who were born in the 1800s.,multi_tap,"B,E",George Washington,Queen Victoria,Genghis Khan,Marilyn Monroe,Thomas Edison,Anne Frank,Quizsentials,,False,8 Jun 2025,Bonus Round - 10 Multi Tap Questions.sqt,2,27 May 2026
"Of these Formula One champions, tap only those who are/were British.",multi_tap,"A,C,D,F",Nigel Mansell,Phil Hill,Jackie Stewart,Mike Hawthorn,Jack Brabham,James Hunt,Quizsentials,,False,8 Jun 2025,Bonus Round - 10 Multi Tap Questions.sqt,1,8 Jun 2025
Tap only the make-up products produced by Maybelline.,multi_tap,"A,B,C",Dream Radiant Liquid Hydrating Foundation,Lash Sensational Sky High Mascara,Fit Me Concealer,Wonder Extension Lash Lengthening,Gloss Bomb Universal Lip Luminizer,True Match Super Elegance Foundation,Quizsentials,,False,8 Jun 2025,Bonus Round - 10 Multi Tap Questions.sqt,1,8 Jun 2025
Tap only the movies that star Matt Damon.,multi_tap,"A,C",The Martian,Ted,Saving Private Ryan,Daddy's Home,Shooter,The Other Guys,Quizsentials,,False,8 Jun 2025,Bonus Round - 10 Multi Tap Questions.sqt,1,8 Jun 2025
Tap only the albums that were released in the 2010s.,multi_tap,"B,E","St Elsewhere, by Gnarls Barkley","To Pimp a Butterfly, by Kendrick Lamar","Toxicity, by System of a Down","The Black Parade, by My Chemical Romance","Born to Die, by Lana Del Rey","Speakerboxx/The Love Below, by Outkast",Quizsentials,,False,8 Jun 2025,Bonus Round - 10 Multi Tap Questions.sqt,1,8 Jun 2025
"Of the countries listed here, tap only the ones that are both in the EU, and have a capital city that begins with the letter 'B'.",multi_tap,"A,B,C,D,E",Belgium,Germany,Hungary,Romania,Slovakia,Switzerland,Quizsentials,,False,13 May 2025,Bonus Round - 10 Multi Tap Questions.sqt,2,27 Jul 2026
Tap only the actors who have played Willy Wonka in a movie.,multi_tap,"B,C,F",Gene Hackman,Gene Wilder,Johnny Depp,John Goodman,Tim Allen,Timothée Chalamet,Quizsentials,,False,13 May 2025,Bonus Round - 10 Multi Tap Questions.sqt,1,13 May 2025
Tap only the characters from 'The Muppets'.,multi_tap,"A,B,C,F",Kermit the Frog,Miss Piggy,Fozzie Bear,ALF,Gizmo,Animal,Quizsentials,,False,13 May 2025,Bonus Round - 10 Multi Tap Questions.sqt,2,31 Mar 2026
Tap only the elements found in a molecule of potassium nitrate.,multi_tap,"A,E,F",Potassium,Lithium,Helium,Carbon,Oxygen,Nitrogen,Quizsentials,,False,13 May 2025,Bonus Round - 10 Multi Tap Questions.sqt,2,22 Mar 2026
"Of the heavyweight boxers listed here, tap only the ones born in the USA.",multi_tap,"A,D,E",George Foreman,Lennox Lewis,Tyson Fury,Mike Tyson,Deontay Wilder,Wladimir Klitschko,Quizsentials,,False,13 May 2025,Bonus Round - 10 Multi Tap Questions.sqt,1,13 May 2025
Tap only the people that Paul McCartney has been married to.,multi_tap,"C,F",Elizabeth Taylor,Marianne Faithfull,Heather Mills,Stella McCartney,Yoko Ono,Linda McCartney,Quizsentials,,False,13 May 2025,Bonus Round - 10 Multi Tap Questions.sqt,1,13 May 2025
"Of the British foods listed here, tap only the ones that are typically savoury.",multi_tap,"B,C,E",Spotted dick,Toad in the hole,Haggis,Trifle,Ploughman's lunch,Eton mess,Quizsentials,,False,13 May 2025,Bonus Round - 10 Multi Tap Questions.sqt,2,29 Mar 2026
Tap only the football managers who have managed BOTH Chelsea and Tottenham Hotspur.,multi_tap,"A,C,D,F",Mauricio Pochettino,Thomas Tuchel,Glenn Hoddle,José Mourinho,Terry Venables,Antonio Conte,Quizsentials,,False,13 May 2025,Bonus Round - 10 Multi Tap Questions.sqt,2,3 Feb 2026
"Of the Christian groups listed here, tap only the Protestants.",multi_tap,"A,D,F",Methodists,Jesuits,Trappists,Lutherans,Benedictines,Baptists,Quizsentials,,False,13 May 2025,Bonus Round - 10 Multi Tap Questions.sqt,2,23 Apr 2026
Tap only the seas that are part of the Indian Ocean.,multi_tap,"B,C,D",Caribbean Sea,Andaman Sea,Red Sea,Arabian Sea,Aegean Sea,Greenland Sea,Quizsentials,,False,2 Apr 2025,Bonus Round - 10 Multi Tap Questions.sqt,2,16 Jun 2026
"Of the characters listed here, tap only the ones from 'Shark Tale' as opposed to 'The Godfather'.",multi_tap,"B,C,D,F",Peter Clemenza,Don Lino,Don Feinberg,Ernie,Hyman Roth,Lenny,Quizsentials,,False,2 Apr 2025,Bonus Round - 10 Multi Tap Questions.sqt,1,2 Apr 2025
Tap only the characters from 'The Simpsons' that are known for working at the nuclear power plant.,multi_tap,"A,D,E,F",Homer Simpson,Ned Flanders,Moe Szyslak,Carl Carlson,Lenny Leonard,Waylon Smithers,Quizsentials,,False,2 Apr 2025,Bonus Round - 10 Multi Tap Questions.sqt,2,10 Dec 2025
Tap only the names of playable characters from the 'Assassin's Creed' series.,multi_tap,"D,E,F",Geralt of Rivia,Kratos,John Marston,Ezio Auditore,Edward Kenway,Eivor Wolf-Kissed,Quizsentials,,False,2 Apr 2025,Bonus Round - 10 Multi Tap Questions.sqt,1,2 Apr 2025
Tap only the singers who appeared on the USA for Africa single 'We Are the World'.,multi_tap,"C,D,F",Bryan Adams,Jon Bon Jovi,Tina Turner,Michael Jackson,Madonna,Lionel Richie,Quizsentials,,False,2 Apr 2025,Bonus Round - 10 Multi Tap Questions.sqt,1,2 Apr 2025
Tap only the foods that are typically associated with France.,multi_tap,"A,B,D,F",Baguette,Brie,Pepperoni,Frogs' legs,Sausage and mash,Coq au vin,Quizsentials,,False,2 Apr 2025,Bonus Round - 10 Multi Tap Questions.sqt,2,11 Feb 2026
Tap only the animated TV shows that were created by Matt Groening.,multi_tap,"B,E,F",South Park,Futurama,King of the Hill,Rick and Morty,Disenchantment,The Simpsons,Quizsentials,,False,3 Apr 2025,Bonus Round - 10 Multi Tap Questions.sqt,1,3 Apr 2025
Listed are the last names of famous people called Stephen/Steven. Tap only those who spell Stephen with a PH.,multi_tap,"A,B,D,F",Graham,King,Spielberg,Fry,Gerrard,Hawking,Quizsentials,,False,3 Apr 2025,Bonus Round - 10 Multi Tap Questions.sqt,2,12 Dec 2025
Tap only the real names of hybrid animal species.,multi_tap,"B,F",Cheopard,Tigon,Wyena,Fadger,Ramster,Zonkey,Quizsentials,,False,3 Apr 2025,Bonus Round - 10 Multi Tap Questions.sqt,2,8 Feb 2026
Tap only the car manufacturers that were originally founded in the UK.,multi_tap,"A,B,C,D,E,F",Land Rover,Aston Martin,Bentley,Jaguar,Vauxhall,Rolls-Royce,Quizsentials,,False,3 Apr 2025,Bonus Round - 10 Multi Tap Questions.sqt,1,3 Apr 2025
Tap only the letters that appear in the name of the legendary boxer Muhammad Ali.,multi_tap,"A,C,E,F",A,E,I,O,U,H,Quizsentials,,False,3 Apr 2025,Bonus Round - 10 Multi Tap Questions.sqt,3,24 Apr 2026
"In Italian cooking, a soffrito is a mixture of ingredients used as the base for a ragu or other sauce. Tap only the ingredients in a soffrito.",multi_tap,"A,C,E",Onion,Bell pepper,Celery,Beef,Carrot,Mozzarella,Quizsentials,,False,3 Apr 2025,Bonus Round - 10 Multi Tap Questions.sqt,3,8 Feb 2026
Tap only the cities that will host matches at Euro '28 in the UK and Ireland.,multi_tap,"B,D,F",Edinburgh,Birmingham,Leeds,Newcastle upon Tyne,Nottingham,Dublin,Quizsentials,,False,3 Apr 2025,Bonus Round - 10 Multi Tap Questions.sqt,2,19 Nov 2025
"Of these books of the Bible, tap only the ones that are in the Pentateuch, ie the first five books of the Old Testament.",multi_tap,"A,C,F",Exodus,Judges,Genesis,Matthew,Romans,Numbers,Quizsentials,,False,3 Apr 2025,Bonus Round - 10 Multi Tap Questions.sqt,3,6 Mar 2026
Tap only the singles released by Sia.,multi_tap,"A,C,D,E",Chandelier,SOS,Cheap Thrills,The Greatest,Unstoppable,Don't Stop the Music,Quizsentials,,False,25 Nov 2025,Bonus Round - 10 Multi Tap Questions.sqt,1,25 Nov 2025
Tap only the films starring Florence Pugh.,multi_tap,"B,C,F",Barbie,Oppenheimer,Black Widow,Once Upon a Time in Hollywood,The Wolf of Wall Street,Little Women,Quizsentials,,False,25 Nov 2025,Bonus Round - 10 Multi Tap Questions.sqt,1,25 Nov 2025
Tap only the games consoles manufactured by Nintendo.,multi_tap,"A,D,E",GameCube,Dreamcast,Xbox One,Wii,Switch,Mega Drive,Quizsentials,,False,25 Nov 2025,Bonus Round - 10 Multi Tap Questions.sqt,1,25 Nov 2025
Tap only the mythical creatures that typically have (only) two legs.,multi_tap,"C,E",Unicorn,Centaur,Faun,Cerberus,Minotaur,Sphynx,Quizsentials,,False,25 Nov 2025,Bonus Round - 10 Multi Tap Questions.sqt,1,25 Nov 2025
Tap only the names of Teenage Mutant Ninja Turtles.,multi_tap,"B,D,E,F",Correggio,Leonardo,Brunelleschi,Donatello,Michelangelo,Raphael,Quizsentials,,False,25 Nov 2025,Bonus Round - 10 Multi Tap Questions.sqt,2,25 Mar 2025
Tap only the British authors.,multi_tap,"A,C,E",J.K. Rowling,George R.R. Martin,E.L. James,J.D. Salinger,C.S. Lewis,H.P. Lovecraft,Quizsentials,,False,25 Nov 2025,Bonus Round - 10 Multi Tap Questions.sqt,1,25 Nov 2025
Tap only the cities that are in Canada.,multi_tap,"B,C,D,E",Toulouse,Toronto,Montreal,Ottawa,Edmonton,Toulon,Quizsentials,,False,25 Nov 2025,Bonus Round - 10 Multi Tap Questions.sqt,1,25 Nov 2025
Tap only the cities that have a football club owned by Red Bull.,multi_tap,"B,C,E",Manchester,Salzburg,New York,Krakow,Leipzig,Turin,Quizsentials,,False,25 Nov 2025,Bonus Round - 10 Multi Tap Questions.sqt,1,25 Nov 2025
"Of the mountain ranges listed here, tap only the ones found in Europe.",multi_tap,"D,F",Andes,Appalachian,Atlas,Carpathian,Columbia,Dolomites,Quizsentials,,False,21 Mar 2025,Bonus Round - 10 Multi Tap Questions.sqt,2,5 Jun 2026
Tap only the James Bond films that starred Pierce Brosnan.,multi_tap,"A,D,E,F",Die Another Day,A View to A Kill,Casino Royale,The World is Not Enough,Tomorrow Never Dies,GoldenEye,Quizsentials,,False,21 Mar 2025,Bonus Round - 10 Multi Tap Questions.sqt,1,21 Mar 2025
"Of the people listed here, tap only the ones born in Australia.",multi_tap,"A,C,D",Rupert Murdoch,Russell Crowe,Steve Irwin,Elle Macpherson,Elon Musk,Kate Winslet,Quizsentials,,False,21 Mar 2025,Bonus Round - 10 Multi Tap Questions.sqt,2,21 Nov 2025
Tap only the examples of endothermic reactions.,multi_tap,"C,D,E",Making an ice cube,Rusting iron,Evaporation,Thermal decomposition,Photosynthesis,Respiration,Quizsentials,,False,21 Mar 2025,Bonus Round - 10 Multi Tap Questions.sqt,2,18 Dec 2025
Tap only the places that have hosted the Winter Olympics.,multi_tap,"B,C",Lake Malawi,Salt Lake City,Lake Placid,Lake Titicaca,Lake Baikal,Lake Superior,Quizsentials,,False,21 Mar 2025,Bonus Round - 10 Multi Tap Questions.sqt,2,27 Jun 2025
Pictured here is the album cover of 'Sgt Pepper's Lonely Hearts Club Band' by The Beatles. Tap only the celebrities that feature on it.,multi_tap,"A,C",Bob Dylan,Margaret Thatcher,Marilyn Monroe,James Cagney,Mick Jagger,Rocky Marciano,Quizsentials,,False,21 Mar 2025,Bonus Round - 10 Multi Tap Questions.sqt,2,4 Jun 2026
"Of these Californian sports teams, tap only the ones that play baseball.",multi_tap,"A,E,F",San Diego Padres,Los Angeles Lakers,Anaheim Ducks,Los Angeles Kings,Los Angeles Angels,San Francisco Giants,Quizsentials,,False,21 Mar 2025,Bonus Round - 10 Multi Tap Questions.sqt,2,6 Nov 2025
Tap only the US presidents that were assassinated.,multi_tap,"A,C,D,F",Abraham Lincoln,Andrew Jackson,James A. Garfield,John F. Kennedy,Ronald Reagan,William McKinley,Quizsentials,,False,21 Mar 2025,Bonus Round - 10 Multi Tap Questions.sqt,2,18 Feb 2026
Tap only the Mediterranean islands.,multi_tap,"A,B,C,E",Corsica,Cyprus,Ibiza,Lanzarote,Sardinia,Tenerife,Quizsentials,,False,20 Mar 2025,Bonus Round - 10 Multi Tap Questions.sqt,2,4 Jun 2026
"Of the TV shows listed here, tap only the ones that first aired in the 1990s.",multi_tap,"B,C",Cheers,Frasier,Friends,Mork & Mindy,The Office (US version),Parks and Recreation,Quizsentials,,False,20 Mar 2025,Bonus Round - 10 Multi Tap Questions.sqt,1,20 Mar 2025
Tap only the names of the main characters in 'The Golden Girls'.,multi_tap,"A,C,D,F",Sophia,Betty,Dorothy,Blanche,Bea,Rose,Quizsentials,,False,20 Mar 2025,Bonus Round - 10 Multi Tap Questions.sqt,2,20 Nov 2025
Tap only the words that mean faster than the speed of sound.,multi_tap,"A,B",Hypersonic,Supersonic,Subsonic,Ultrasonic,Panasonic,Masonic,Quizsentials,,False,20 Mar 2025,Bonus Round - 10 Multi Tap Questions.sqt,2,17 Dec 2025
Tap only the American UFC stars.,multi_tap,"B,E,F",Tom Aspinall,Jon Jones,Conor McGregor,Islam Makhachev,Sean O'Malley,Ronda Rousey,Quizsentials,,False,20 Mar 2025,Bonus Round - 10 Multi Tap Questions.sqt,1,20 Mar 2025
"Of the hip-hop acts listed here, tap only the ones from the West Coast of the USA.",multi_tap,"A,C,D",N.W.A,Run D.M.C.,Cypress Hill,Snoop Dogg,Nas,Jay-Z,Quizsentials,,False,20 Mar 2025,Bonus Round - 10 Multi Tap Questions.sqt,2,4 Jun 2026
Tap only the footballers who are over 30 years old.,multi_tap,"A,B,C,E,F",Virgil van Dijk,Son Heung-min,Kevin De Bruyne,Martin Odegaard,Bruno Fernandes,Jordan Pickford,Quizsentials,,False,20 Mar 2025,Bonus Round - 10 Multi Tap Questions.sqt,2,7 Nov 2025
"Of these planets, tap only the ones that have rings.",multi_tap,"C,D,E,F",Venus,Mars,Jupiter,Saturn,Uranus,Neptune,Quizsentials,,False,20 Mar 2025,Bonus Round - 10 Multi Tap Questions.sqt,2,15 Feb 2026
Tap only the countries where English is the most commonly spoken first language.,multi_tap,E,Brazil,Egypt,South Africa,Ethiopia,Canada,Vietnam,Quizsentials,,False,5 Aug 2025,Bonus Round - 10 Multi Tap Questions.sqt,1,5 Aug 2025
"Of these Liverpool players from the 2004-05 season, tap only the ones who scored in that year's Champions League final, when they came from behind to beat AC Milan on penalties.",multi_tap,"A,B,D",Steven Gerrard,Vladimír Smicer,Sami Hyypia,Xabi Alonso,Milan Baros,John Arne Riise,Quizsentials,,False,5 Aug 2025,Bonus Round - 10 Multi Tap Questions.sqt,2,24 May 2026
"Of the famous novels listed here, tap only the ones written in the 1800s.",multi_tap,"B,C,E",Nineteen Eighty-Four,Great Expectations,The Adventures of Huckleberry Finn,Don Quixote,War and Peace,The Satanic Verses,Quizsentials,,False,5 Aug 2025,Bonus Round - 10 Multi Tap Questions.sqt,1,5 Aug 2025
Tap only the examples of potential energy.,multi_tap,"B,C,E,F",A moving car,A stretched rubber band,A rock balancing at the top of a cliff,A flowing river,Water behind a dam,A drawn bow and arrow,Quizsentials,,False,5 Aug 2025,Bonus Round - 10 Multi Tap Questions.sqt,2,3 Sep 2026
"Of the 2020s albums listed here, tap only the ones by female artists.",multi_tap,"A,C,D,E",Guts,After Hours,Brat,Cowboy Carter,Folklore,Harry's House,Quizsentials,,False,5 Aug 2025,Bonus Round - 10 Multi Tap Questions.sqt,1,5 Aug 2025
Tap only the former Canadian prime ministers.,multi_tap,"A,B",Pierre Trudeau,William Lyon Mackenzie King,Bob Hawke,Harold Holt,John Curtin,Robert Menzies,Quizsentials,,False,5 Aug 2025,Bonus Round - 10 Multi Tap Questions.sqt,1,5 Aug 2025
Tap only the online retailers that were founded in Asia.,multi_tap,"A,F",Shein,Etsy,eBay,Amazon,Shopify,Temu,Quizsentials,,False,5 Aug 2025,Bonus Round - 10 Multi Tap Questions.sqt,1,5 Aug 2025
Tap only the names of characters from the 'Ice Age' series of movies.,multi_tap,"C,E,F",Alex,Marty,Manny,Melman,Sid,Diego,Quizsentials,,False,5 Aug 2025,Bonus Round - 10 Multi Tap Questions.sqt,1,5 Aug 2025
Tap only the TV shows that have run for over 200 episodes.,multi_tap,"A,B,D,F",ER,The Simpsons,Breaking Bad,Grey's Anatomy,Mad Men,Family Guy,Quizsentials,,False,5 Aug 2025,Bonus Round - 10 Multi Tap Questions.sqt,1,5 Aug 2025
"Of the 'South Park' characters listed here, tap only the ones that are kids.",multi_tap,"B,C,F",Randy Marsh,Eric Cartman,Leopold Stotch,Jimbo Kern,Terrance Stoot,Kenny McCormick,Quizsentials,,False,4 Aug 2025,Bonus Round - 10 Multi Tap Questions.sqt,1,4 Aug 2025
Tap only the kosher foods.,multi_tap,"B,C",Pork,Lamb,Butter,Lobster,Oysters,Rabbit,Quizsentials,,False,4 Aug 2025,Bonus Round - 10 Multi Tap Questions.sqt,1,4 Aug 2025
Tap only the musicals that were based on novels.,multi_tap,D,The Book of Mormon,Rent,Starlight Express,Les Misérables,Dear Evan Hansen,Jersey Boys,Quizsentials,,False,4 Aug 2025,Bonus Round - 10 Multi Tap Questions.sqt,1,4 Aug 2025
Tap only the animals that are native to Africa.,multi_tap,"A,B,C",Mountain gorilla,Dromedary camel,Bonobo,Jaguar,Alligator,Sumatran rhinoceros,Quizsentials,,False,4 Aug 2025,Bonus Round - 10 Multi Tap Questions.sqt,2,2 Sep 2026
"Of the 2024 Olympic gold medallists listed here, tap only the ones from the USA.",multi_tap,"A,B,D,F",Noah Lyles,Simone Byles,Letsile Tebogo,Sha'Carri Richardson,Kim Woo-jin,Ryan Crouser,Quizsentials,,False,4 Aug 2025,Bonus Round - 10 Multi Tap Questions.sqt,1,4 Aug 2025
"Of the movies listed here, tap only the ones that starred Daniel Craig.",multi_tap,"A,C,E",Knives Out,Mamma Mia!,Skyfall,Die Another Day,Layer Cake,Black Adam,Quizsentials,,False,4 Aug 2025,Bonus Round - 10 Multi Tap Questions.sqt,1,4 Aug 2025
Tap only the countries that have a star (or stars) on their flag.,multi_tap,"A,B,C,D",Cuba,China,Australia,Pakistan,Saudi Arabia,Jamaica,Quizsentials,,False,4 Aug 2025,Bonus Round - 10 Multi Tap Questions.sqt,1,4 Aug 2025
Tap only the footballers or former footballers who have played for Colombia.,multi_tap,"B,C",Luis Suárez,Luis Díaz,Luis Sinisterra,David Luiz,Luis Fabiano,Louis Saha,Quizsentials,,False,4 Aug 2025,Bonus Round - 10 Multi Tap Questions.sqt,3,27 May 2026
Tap only the human senses.,multi_tap,"A,D,E,F",Sight,Digestion,Growth,Smell,Touch,Hearing,Quizsentials,,False,4 Aug 2025,Bonus Round - 10 Multi Tap Questions.sqt,1,4 Aug 2025
Tap only the novels that were first published in the 1700s.,multi_tap,"A,D",Gulliver's Travels,Les Miserables,Adventures of Huckleberry Finn,Robinson Crusoe,Great Expectations,Dracula,Quizsentials,,False,4 Aug 2025,Bonus Round - 10 Multi Tap Questions.sqt,1,4 Aug 2025
"Of these rom-coms, tap only the ones that are set in the UK.",multi_tap,"A,B,D",Notting Hill,Love Actually,Sleepless in Seattle,Four Weddings and a Funeral,Roman Holiday,Pretty Woman,Quizsentials,,False,20 Jul 2025,Bonus Round - 10 Multi Tap Questions.sqt,1,20 Jul 2025
Tap only the people who have at some point been banned or suspended from X(or Twitter).,multi_tap,"A,B,C,E,F",Kanye West,Andrew Tate,Alex Jones,Elon Musk,Jordan Peterson,Donald Trump,Quizsentials,,False,20 Jul 2025,Bonus Round - 10 Multi Tap Questions.sqt,1,20 Jul 2025
Tap only the golfers who have achieved the rare feat of winning all four majors during their career.,multi_tap,"A,B,D,E",Rory McIlroy,Tiger Woods,Seve Ballesteros,Gary Player,Jack Nicklaus,Scottie Scheffler,Quizsentials,,False,20 Jul 2025,Bonus Round - 10 Multi Tap Questions.sqt,1,20 Jul 2025
Tap only the countries that are on the Arabian peninsula.,multi_tap,"A,B,C",Saudi Arabia,Oman,Kuwait,Pakistan,Syria,Iran,Quizsentials,,False,20 Jul 2025,Bonus Round - 10 Multi Tap Questions.sqt,1,20 Jul 2025
Tap only the countries that have ever won the Cricket World Cup.,multi_tap,"B,D,E,F",South Africa,India,Zimbabwe,Australia,Sri Lanka,England,Quizsentials,,False,20 Jul 2025,Bonus Round - 10 Multi Tap Questions.sqt,2,7 May 2026
Tap only the companies founded in the USA.,multi_tap,"B,C",Toyota,Microsoft,Costco,Samsung,Tata Group,Nestlé,Quizsentials,,False,20 Jul 2025,Bonus Round - 10 Multi Tap Questions.sqt,1,20 Jul 2025
Tap only the songs released by Spandau Ballet.,multi_tap,"A,F",Gold,Rio,Hungry Like the Wolf,Girls on Film,The Reflex,True,Quizsentials,,False,20 Jul 2025,Bonus Round - 10 Multi Tap Questions.sqt,1,20 Jul 2025
Tap only the chemical compounds that contain hydrogen.,multi_tap,"B,C,D",Chalk,Ammonia,Water,Sugar (Sucrose),Table salt,Laughing gas,Quizsentials,,False,20 Jul 2025,Bonus Round - 10 Multi Tap Questions.sqt,2,12 Jun 2026
Tap only the religions that have more than 100 million followers globally.,multi_tap,"A,B,C,D",Islam,Christianity,Hinduism,Buddhism,Sikhism,Judaism,Quizsentials,,False,20 Jul 2025,Bonus Round - 10 Multi Tap Questions.sqt,2,6 Sep 2026
Tap only the layers of the Earth.,multi_tap,"A,C,D",Mantle,Upper,Crust,Inner core,Stratosphere,Ocean bed,Quizsentials,,False,21 Jul 2025,Bonus Round - 10 Multi Tap Questions.sqt,1,21 Jul 2025
Tap only the footballers who have won the Premier League with more than one club.,multi_tap,"B,C",Shaun Wright-Phillips,Nicolas Anelka,Carlos Tevez,Graeme Le Saux,Michael Carrick,Martin Keown,Quizsentials,,False,21 Jul 2025,Bonus Round - 10 Multi Tap Questions.sqt,8,7 Aug 2025
"Of these reptiles, tap only the ones that are predominantly herbivorous.",multi_tap,"A,E",Iguana,Crocodile,Komodo dragon,King cobra,Tortoise,Bearded dragon,Quizsentials,,False,21 Jul 2025,Bonus Round - 10 Multi Tap Questions.sqt,2,18 Jun 2026
"Of the ingredients listed here, tap only the ones that are in the BBC Good Food Guide's cottage pie recipe.",multi_tap,"A,D,E,F",Beef mince,Lamb mince,Blue stilton,Nutmeg,Garlic cloves,Potatoes,Quizsentials,,False,21 Jul 2025,Bonus Round - 10 Multi Tap Questions.sqt,1,21 Jul 2025
Tap only the TV shows that are Netflix Originals.,multi_tap,"A,C,D,E",Ozark,Game of Thrones,Stranger Things,Bridgerton,The Umbrella Academy,Succession,Quizsentials,,False,21 Jul 2025,Bonus Round - 10 Multi Tap Questions.sqt,1,21 Jul 2025
Tap only the names of Robin Hood's Merry Men.,multi_tap,"A,B,E,F",Alan-a-Dale,Friar Tuck,Graham of Gisburne,Len of Loxley,Much the Miller's Son,Will Scarlet,Quizsentials,,False,21 Jul 2025,Bonus Round - 10 Multi Tap Questions.sqt,1,21 Jul 2025
"Of the Netflix series listed here, tap only the reality TV dating shows.",multi_tap,"B,D",Squid Game,Too Hot to Handle,The Gentlemen,Love is Blind,"Love, Death & Robots",Bridgerton,Quizsentials,,False,21 Jul 2025,Bonus Round - 10 Multi Tap Questions.sqt,1,21 Jul 2025
Tap only the US states that are landlocked.,multi_tap,"B,C,D",California,Arkansas,Kansas,Colorado,Rhode Island,North Carolina,Quizsentials,,False,21 Jul 2025,Bonus Round - 10 Multi Tap Questions.sqt,1,21 Jul 2025
Tap only the singles released by Avril Lavigne.,multi_tap,"C,D,E",So What,Just Like a Pill,Complicated,Sk8er Boi,Girlfriend,Get the Party Started,Quizsentials,,False,21 Jul 2025,Bonus Round - 10 Multi Tap Questions.sqt,1,21 Jul 2025
Tap only the novels that were first published before the Second World War.,multi_tap,"D,F","Nineteen Eighty-Four, by George Orwell","Catch-22, by Joseph Heller","Slaughterhouse-Five, by Kurt Vonnegut","A Tale of Two Cities, by Charles Dickens","Fahrenheit 451, by Ray Bradbury","The Thirty-Nine Steps, by John Buchan",Quizsentials,,False,3 Feb 2026,Bonus Round - 10 Multi Tap Questions.sqt,1,3 Feb 2026
Tap only the countries that are among the ten most populated in the world.,multi_tap,"A,B,C,D,E,F",Brazil,Bangladesh,Pakistan,United States,China,India,Quizsentials,,False,3 Feb 2026,Bonus Round - 10 Multi Tap Questions.sqt,1,3 Feb 2026
"Of the wines listed here, tap only the ones that are typically fizzy.",multi_tap,"A,C,F",Champagne,Sherry,Asti,Marsala,Vermouth,Prosecco,Quizsentials,,False,3 Feb 2026,Bonus Round - 10 Multi Tap Questions.sqt,2,25 Mar 2025
Tap only the pop stars who identify (or have identified) as non-binary.,multi_tap,"A,C,E",Janelle Monae,Madonna,Sam Smith,Alicia Keys,Demi Lovato,Lil Nas X,Quizsentials,,False,3 Feb 2026,Bonus Round - 10 Multi Tap Questions.sqt,1,3 Feb 2026
Tap only the actors who starred in the Tarantino film 'Pulp Fiction'?,multi_tap,"B,C,E,F",Brad Pitt,Samuel L Jackson,Bruce Willis,Robert De Niro,John Travolta,Harvey Keitel,Quizsentials,,False,3 Feb 2026,Bonus Round - 10 Multi Tap Questions.sqt,1,3 Feb 2026
Tap only the first names of members of the Mystery Inc gang in 'Scooby-Doo'.,multi_tap,"A,B,E",Daphne,Fred,Jane,Ned,Norville,Thelma,Quizsentials,,False,3 Feb 2026,Bonus Round - 10 Multi Tap Questions.sqt,1,3 Feb 2026
Tap only the common computer file extensions used for images.,multi_tap,"A,B,C,D,F",.gif,.jpg,.svg,.png,.wav,.tiff,Quizsentials,,False,3 Feb 2026,Bonus Round - 10 Multi Tap Questions.sqt,1,3 Feb 2026
Tap only the 'Friends' characters that dated Rachel Green.,multi_tap,"A,B",Ross,Joey,Chandler,Gunther,Richard,Mike,Quizsentials,,False,3 Feb 2026,Bonus Round - 10 Multi Tap Questions.sqt,1,3 Feb 2026
Tap only the real names of books from the Old Testament.,multi_tap,"B,D",Queens,Judges,Magistrates,Proverbs,Limericks,Restoration,Quizsentials,,False,30 Jun 2026,Bonus Round - 10 Multi Tap Questions.sqt,1,30 Jun 2026
Tap only the fish.,multi_tap,"A,B,C,D",Stickleback,Burbot,Sturgeon,Yellowtail,Buzzard,Bluethroat,Quizsentials,,False,30 Jun 2026,Bonus Round - 10 Multi Tap Questions.sqt,2,16 Aug 2026
Tap only the TV shows that have starred Bryan Cranston.,multi_tap,"B,E",Succession,Breaking Bad,House of Cards,Friends,Malcolm in the Middle,True Detective,Quizsentials,,False,30 Jun 2026,Bonus Round - 10 Multi Tap Questions.sqt,1,30 Jun 2026
"Of the numbers listed here, tap only the cube numbers.",multi_tap,"A,B,C,E,F",1,8,27,45,64,125,Quizsentials,,False,30 Jun 2026,Bonus Round - 10 Multi Tap Questions.sqt,2,1 Jun 2025
Tap only the football clubs that have been managed by Xabi Alonso.,multi_tap,"C,E,F",Espanyol,Bayern Munich,Bayer Leverkusen,Lyon,Chelsea,Real Madrid,Quizsentials,,False,30 Jun 2026,Bonus Round - 10 Multi Tap Questions.sqt,1,30 Jun 2026
Tap only the countries that share a border with Belgium.,multi_tap,"A,D,E,F",France,Denmark,Switzerland,Netherlands,Germany,Luxembourg,Quizsentials,,False,30 Jun 2026,Bonus Round - 10 Multi Tap Questions.sqt,2,15 Apr 2025
Tap only the movies starring Robert Pattinson.,multi_tap,"A,B,D",The Drama,Mickey 17,Man of Steel,The Batman,The Man From U.N.C.L.E.,Enola Holmes,Quizsentials,,False,30 Jun 2026,Bonus Round - 10 Multi Tap Questions.sqt,1,30 Jun 2026
"Of the precious stones listed here, tap only the ones that lend their name to a wedding anniversary.",multi_tap,"A,E",Diamond,Topaz,Aquamarine,Garnet,Ruby,Amethyst,Quizsentials,,False,30 Jun 2026,Bonus Round - 10 Multi Tap Questions.sqt,1,30 Jun 2026
Tap only the genuine names of real art movements.,multi_tap,"A,B,D,E",Romanticism,Expressionism,Confederationism,Impressionism,Surrealism,Preservationism,Quizsentials,,False,30 Jun 2026,Bonus Round - 10 Multi Tap Questions.sqt,1,30 Jun 2026
"Of the writers listed here, tap only the ones born in Russia.",multi_tap,"C,D,E,F",Franz Kafka,Albert Camus,Leo Tolstoy,Fyodor Dostoevsky,Anton Chekhov,Vladimir Nabokov,Quizsentials,,False,12 Oct 2025,Bonus Round - 10 Multi Tap Questions.sqt,1,12 Oct 2025
Tap only the names of current and former products from Apple.,multi_tap,"A,B,D,E",iPod,iPad,iToy,iPhone,iMac,iRobot,Quizsentials,,False,12 Oct 2025,Bonus Round - 10 Multi Tap Questions.sqt,1,12 Oct 2025
Tap only the substances that are corrosive to the skin.,multi_tap,"A,B,C,D",Sodium hydroxide,Hydrogen peroxide,Hydrochloric acid,Nitric acid,Citric acid,Sodium bicarbonate,Quizsentials,,False,12 Oct 2025,Bonus Round - 10 Multi Tap Questions.sqt,1,12 Oct 2025
Tap only the singers who had solo lines in the 1985 song 'We Are the World'.,multi_tap,"C,D,E,F",Prince,Madonna,Michael Jackson,Cyndi Lauper,Willie Nelson,Billy Joel,Quizsentials,,False,12 Oct 2025,Bonus Round - 10 Multi Tap Questions.sqt,1,12 Oct 2025
Tap only the professions that are held by the lead characters in 'Friends'.,multi_tap,"A,B,E",Actor,Chef,Medical doctor,Librarian,Palaeontologist,Transponster,Quizsentials,,False,12 Oct 2025,Bonus Round - 10 Multi Tap Questions.sqt,1,12 Oct 2025
"Of the historical leaders listed here, tap only the ones from Asia.",multi_tap,"C,D,E,F",Augusto Pinochet,Simon Bolivar,Mao Zedong,Benazir Bhutto,Pol Pot,Ferdinand Marcos,Quizsentials,,False,12 Oct 2025,Bonus Round - 10 Multi Tap Questions.sqt,1,12 Oct 2025
"Of the alcohol brands listed here, tap only the ones primarily known for their tequila.",multi_tap,"B,C,D",Bacardi,Don Julio,Jose Cuervo,Patrón,Mount Gay,Havana Club,Quizsentials,,False,12 Oct 2025,Bonus Round - 10 Multi Tap Questions.sqt,1,12 Oct 2025
"Of these European cities, tap only the ones located on the coast.",multi_tap,"A,C,E",Barcelona,Berlin,Marseille,Prague,Lisbon,Madrid,Quizsentials,,False,12 Oct 2025,Bonus Round - 10 Multi Tap Questions.sqt,1,12 Oct 2025
Tap only the holidays associated with Christianity.,multi_tap,"A,B,D",Christmas,Pentecost,Ramadan,Good Friday,Diwali,Hanukkah,Quizsentials,,False,29 Sep 2025,Bonus Round - 10 Multi Tap Questions.sqt,1,29 Sep 2025
Tap only the US states that are west of the central state of Nebraska.,multi_tap,"A,B,C",Washington,California,Nevada,Massachusetts,Florida,New York,Quizsentials,,False,29 Sep 2025,Bonus Round - 10 Multi Tap Questions.sqt,1,29 Sep 2025
Tap only the names of messaging apps.,multi_tap,"B,C,D",Shazam,Messenger,Snapchat,WhatsApp,Duolingo,Canva,Quizsentials,,False,29 Sep 2025,Bonus Round - 10 Multi Tap Questions.sqt,1,29 Sep 2025
"Of the football clubs listed here, tap only the ones that have won the UEFA Champions League.",multi_tap,"A,C,E,F",AC Milan,Arsenal,Barcelona,Borussia Mönchengladbach,Inter Milan,Real Madrid,Quizsentials,,False,29 Sep 2025,Bonus Round - 10 Multi Tap Questions.sqt,2,28 Feb 2025
Tap only the star signs that apply to months beginning with the letter 'J'.,multi_tap,"A,B,C,D,E",Leo,Capricorn,Aquarius,Cancer,Gemini,Scorpio,Quizsentials,,False,29 Sep 2025,Bonus Round - 10 Multi Tap Questions.sqt,1,29 Sep 2025
"Of these 'Star Trek' characters, tap only the ones who featured alongside Jean-Luc Picard in 'Star Trek: The Next Generation'.",multi_tap,"A,B,C,F",William Riker,Worf,Geordi La Forge,Jonathan Archer,Sulu,Data,Quizsentials,,False,29 Sep 2025,Bonus Round - 10 Multi Tap Questions.sqt,1,29 Sep 2025
These are all famous lines from songs. Tap only the lines that feature in 'Dancing Queen' by ABBA.,multi_tap,"A,B,D",Leave 'em burning and then you're gone,Digging the dancing queen,Couldn't escape if I wanted to,Having the time of your life,No time for losers,"I got gloss on my lips, a man on my hips",Quizsentials,,False,29 Sep 2025,Bonus Round - 10 Multi Tap Questions.sqt,1,29 Sep 2025
Tap only the actors who have won the Academy Award for Best Actor.,multi_tap,"A,B,C,D,E,F",Tom Hanks,Daniel Day-Lewis,Leonardo DiCaprio,Marlon Brando,Jack Nicholson,Robert De Niro,Quizsentials,,False,29 Sep 2025,Bonus Round - 10 Multi Tap Questions.sqt,1,29 Sep 2025
Tap only the birds that can fly backwards for sustained periods.,multi_tap,B,Eagles,Hummingbirds,Sparrows,Starlings,Ducks,Falcons,Quizsentials,,False,29 Sep 2025,Bonus Round - 10 Multi Tap Questions.sqt,1,29 Sep 2025
Tap only the names of original Sherlock Holmes stories by Sir Arthur Conan Doyle.,multi_tap,"A,B,D,F",The Valley of Fear,The Hound of the Baskervilles,The Mysterious Affair at Styles,The Sign of the Four,The Murder of Roger Ackroyd,A Study in Scarlet,Quizsentials,,False,28 Sep 2025,Bonus Round - 10 Multi Tap Questions.sqt,1,28 Sep 2025
"Of the 'Harry Potter' characters listed here, tap only the ones that at some point owned the Elder Wand.",multi_tap,"A,E",Harry Potter,Ron Weasley,Dobby,Hagrid,Albus Dumbledore,Sirius Black,Quizsentials,,False,28 Sep 2025,Bonus Round - 10 Multi Tap Questions.sqt,1,28 Sep 2025
"Of the biblical figures listed here, tap only the ones who met Jesus Christ.",multi_tap,"C,D,F",King David,King Herod I,Pontius Pilate,King Herod Antipas,Noah,Lazarus,Quizsentials,,False,28 Sep 2025,Bonus Round - 10 Multi Tap Questions.sqt,2,4 Aug 2026
Tap only the terms that relate to knitting or sewing.,multi_tap,"A,B,D,E",Cast on,Bind off,Googly,Purl,Backstitch,Doosra,Quizsentials,,False,28 Sep 2025,Bonus Round - 10 Multi Tap Questions.sqt,1,28 Sep 2025
"Of these current Monopoly pieces, tap only the ones that were introduced in the 2010s.",multi_tap,"A,D,F",Cat,Scottie dog,Battleship,Penguin,Top hat,Rubber duck,Quizsentials,,False,28 Sep 2025,Bonus Round - 10 Multi Tap Questions.sqt,1,28 Sep 2025
Tap only the people who were born in Poland.,multi_tap,"A,B,C,D,F",Copernicus,Pope John Paul II,Marie Curie,Frederic Chopin,Yuri Gagarin,Robert Lewandowski,Quizsentials,,False,28 Sep 2025,Bonus Round - 10 Multi Tap Questions.sqt,1,28 Sep 2025
Tap only the boy bands that have/had at least one Irish member.,multi_tap,"A,C,D,E",The Wanted,Take That,One Direction,Westlife,Boyzone,NSYNC,Quizsentials,,False,28 Sep 2025,Bonus Round - 10 Multi Tap Questions.sqt,1,28 Sep 2025
"Of these famous landmarks, tap only the ones located in Germany.",multi_tap,"A,C,E,F",Brandenburg Gate,La Sagrada Familia,Reichstag Building,Alhambra Palace,Neuschwanstein Castle,Cologne Cathedral,Quizsentials,,False,28 Sep 2025,Bonus Round - 10 Multi Tap Questions.sqt,1,28 Sep 2025
"Of the elements listed here, tap only the ones whose chemical symbols are two letters long.",multi_tap,"A,B,E",Titanium,Tin,Hydrogen,Potassium,Copper,Phosphorus,Quizsentials,,False,28 Sep 2025,Bonus Round - 10 Multi Tap Questions.sqt,1,28 Sep 2025
"Of the actresses listed here, tap only the ones who were in the hit show 'Euphoria'.",multi_tap,"A,F",Hunter Schafer,Elle Fanning,Anya Taylor-Joy,Jenna Ortega,Sophie Turner,Zendaya,Quizsentials,,False,10 Jun 2025,Bonus Round - 10 Multi Tap Questions.sqt,1,10 Jun 2025
"Of the animals listed here, tap only the ones in the same biological family as deer.",multi_tap,"D,E,F",Camel,Antelope,Bison,Elk,Reindeer,Moose,Quizsentials,,False,10 Jun 2025,Bonus Round - 10 Multi Tap Questions.sqt,2,19 Apr 2026
Tap only the titles of Led Zeppelin albums.,multi_tap,"A,B,C,D",Led Zeppelin,Led Zeppelin II,Led Zeppelin III,Led Zeppelin IV,Led Zeppelin V,Led Zeppelin VI,Quizsentials,,False,10 Jun 2025,Bonus Round - 10 Multi Tap Questions.sqt,1,10 Jun 2025
Tap only the actors that appeared in the first 'Fast & Furious' movie in 2001.,multi_tap,"E,F",Jason Statham,Dwayne Johnson,Gal Gadot,John Cena,Vin Diesel,Paul Walker,Quizsentials,,False,10 Jun 2025,Bonus Round - 10 Multi Tap Questions.sqt,1,10 Jun 2025
Tap only the American former tennis players.,multi_tap,"B,C,D",Lleyton Hewitt,Andy Roddick,Andre Agassi,Pete Sampras,Tim Henman,Roger Federer,Quizsentials,,False,10 Jun 2025,Bonus Round - 10 Multi Tap Questions.sqt,1,10 Jun 2025
President Trump recently issued a travel ban that prohibits citizens from 12 countries from entering the US. Tap only the countries hit with these bans.,multi_tap,"A,C,D",Afghanistan,Israel,Iran,Haiti,Denmark,Mexico,Quizsentials,,False,10 Jun 2025,Bonus Round - 10 Multi Tap Questions.sqt,1,10 Jun 2025
Tap only the fashion brands founded in the USA.,multi_tap,"B,C,D",Burberry,Calvin Klein,Ralph Lauren,Tommy Hilfiger,Barbour,Vivienne Westwood,Quizsentials,,False,10 Jun 2025,Bonus Round - 10 Multi Tap Questions.sqt,2,13 May 2026
"Tap only the ingredients found in a standard mayonnaise, according to the Escoffier School of Culinary Arts.",multi_tap,"A,B,E",Oil,Egg yolks,Egg white,Milk,White wine vinegar,Double cream,Quizsentials,,False,24 Jun 2025,Bonus Round - 10 Multi Tap Questions.sqt,2,3 Aug 2026
Tap only the names of characters from the musical 'Cats'.,multi_tap,"B,D,E,F",Benny the Ball,Bustopher Jones,Thomas O'Malley,Rum Tum Tugger,Skimbleshanks,Mr Mistoffelees,Quizsentials,,False,24 Jun 2025,Bonus Round - 10 Multi Tap Questions.sqt,1,24 Jun 2025
"Of the islands listed here, tap only the ones that are part of Indonesia.",multi_tap,"A,D,E,F",Java,Taiwan,Sri Lanka,Bali,Sumatra,Borneo,Quizsentials,,False,24 Jun 2025,Bonus Round - 10 Multi Tap Questions.sqt,1,24 Jun 2025
"Of these current or former Premier League footballers, tap only those who were born in South America.",multi_tap,"B,D,F",Raúl Jiménez,Luis Suárez,Riyad Mahrez,Gabriel Jesus,Lauren,Luis Díaz,Quizsentials,,False,24 Jun 2025,Bonus Round - 10 Multi Tap Questions.sqt,2,5 Apr 2026
"Of the authors listed here, tap only the ones that were born in the USA.",multi_tap,"C,D,E",George Orwell,Roald Dahl,Mark Twain,Stephen King,Kurt Vonnegut,Agatha Christie,Quizsentials,,False,24 Jun 2025,Bonus Round - 10 Multi Tap Questions.sqt,2,29 Jul 2026
"Of the religions listed here, tap only the ones with more than 1 billion followers.",multi_tap,"A,C,D",Christianity,Buddhism,Islam,Hinduism,Judaism,Sikhism,Quizsentials,,False,24 Jun 2025,Bonus Round - 10 Multi Tap Questions.sqt,2,11 Jun 2026
Tap only the names of characters from 'The Fairly OddParents'.,multi_tap,"C,E",Barnacle Boy,Sandy Cheeks,Timmy Turner,The Flying Dutchman,The Crimson Chin,Patrick Star,Quizsentials,,False,24 Jun 2025,Bonus Round - 10 Multi Tap Questions.sqt,1,24 Jun 2025
Tap only the elements that are in a molecule of phosphoric acid.,multi_tap,"B,C,F",Sulfur,Oxygen,Hydrogen,Calcium,Titanium,Phosphorus,Quizsentials,,False,24 Jun 2025,Bonus Round - 10 Multi Tap Questions.sqt,2,7 May 2026
"Of the 'Harry Potter' books listed here, tap only the ones that were first published in the 1990s.",multi_tap,"A,B,C",The Philosopher's Stone,The Chamber of Secrets,The Prisoner of Azkaban,The Goblet of Fire,The Order of the Phoenix,The Half-Blood Prince,Quizsentials,,False,24 Jun 2025,Bonus Round - 10 Multi Tap Questions.sqt,1,24 Jun 2025
Tap only the tennis players who have won the men's singles title at Wimbledon.,multi_tap,"A,D,E,F",Carlos Alcaraz,Andy Roddick,Tim Henman,Andy Murray,Novak Djokovic,Pete Sampras,Quizsentials,,False,24 Jun 2025,Bonus Round - 10 Multi Tap Questions.sqt,2,24 Apr 2026
Tap only the numbers that are divisible by 6.,multi_tap,"A,B,C,D,E,F",66,78,96,114,126,132,Quizsentials,,False,14 Jul 2025,Bonus Round - 10 Multi Tap Questions.sqt,2,25 Aug 2026
Tap only the types of swords used in the sport of fencing.,multi_tap,"A,C,F",Foil,Cutlass,Sabre,Rapier,Longsword,Épée,Quizsentials,,False,14 Jul 2025,Bonus Round - 10 Multi Tap Questions.sqt,1,14 Jul 2025
Tap only the countries that have ever had an elected female head of government.,multi_tap,"B,E,F",Spain,United Kingdom,United States,Australia,New Zealand,India,Quizsentials,,False,14 Jul 2025,Bonus Round - 10 Multi Tap Questions.sqt,1,14 Jul 2025
"Of the places listed here, tap only the ones in Spain.",multi_tap,"C,D,E,F",Algarve,Madeira,Andalusia,Galicia,La Rioja,Aragon,Quizsentials,,False,14 Jul 2025,Bonus Round - 10 Multi Tap Questions.sqt,1,14 Jul 2025
Tap only the Brazilian football clubs.,multi_tap,"A,C,D,E",Flamengo,River Plate,Corinthians,Botafogo,Palmeiras,Boca Juniors,Quizsentials,,False,14 Jul 2025,Bonus Round - 10 Multi Tap Questions.sqt,3,1 May 2026
"Of the wines listed here, tap only the ones that originate from Spain.",multi_tap,"B,C",Chianti,Cava,Rioja,Prosecco,Burgundy,Beaujolais,Quizsentials,,False,14 Jul 2025,Bonus Round - 10 Multi Tap Questions.sqt,2,4 Sep 2026
Tap only the words that appear in the lyrics of 'Bohemian Rhapsody' by Queen.,multi_tap,"A,B,F",Landslide,Gun,Bones,Safety,Worry,Silhouetto,Quizsentials,,False,14 Jul 2025,Bonus Round - 10 Multi Tap Questions.sqt,1,14 Jul 2025
Tap only the movies that star Zendaya.,multi_tap,"C,D,F",Madame Web,Anyone but You,Spider-Man: Homecoming,Challengers,Once Upon a Time in Hollywood,Dune,Quizsentials,,False,14 Jul 2025,Bonus Round - 10 Multi Tap Questions.sqt,1,14 Jul 2025
Tap only the names of regular male characters in 'The Big Bang Theory'.,multi_tap,"A,C,D,E",Leonard,Simon,Raj,Howard,Sheldon,Manoj,Quizsentials,,False,14 Jul 2025,Bonus Round - 10 Multi Tap Questions.sqt,1,14 Jul 2025
Tap only the citrus fruits.,multi_tap,"A,B,D,F",Pomelo,Clementine,Quince,Tangerine,Persimmon,Kumquat,Quizsentials,,False,9 Nov 2025,Bonus Round - 10 Multi Tap Questions.sqt,2,27 Aug 2025
Tap only the landmarks that were completed in the 19th century.,multi_tap,"A,B,E,F","Arc de Triomphe, Paris","Royal Albert Hall, London",Notre-Dame de Paris,"The Colosseum, Rome",The Washington Monument,"Eiffel Tower, Paris",Quizsentials,,False,9 Nov 2025,Bonus Round - 10 Multi Tap Questions.sqt,1,9 Nov 2025
Tap only the all-female groups.,multi_tap,"A,D,E,F",The Bangles,The Coors,Wolf Alice,All Saints,Blackpink,The Go-Go's,Quizsentials,,False,9 Nov 2025,Bonus Round - 10 Multi Tap Questions.sqt,2,12 Jul 2026
Tap only the fictional animals that are dogs.,multi_tap,"A,B,C,E",Lassie,Snoopy,Scooby-Doo,Garfield,Santa's Little Helper,Hobbes,Quizsentials,,False,9 Nov 2025,Bonus Round - 10 Multi Tap Questions.sqt,3,9 Mar 2025
"Tap only the examples of exothermic reactions, as opposed to endothermic reactions.",multi_tap,"A,B,E",Combustion,Thermite reaction,Evaporation,Photosynthesis,Respiration,Melting ice,Quizsentials,,False,9 Nov 2025,Bonus Round - 10 Multi Tap Questions.sqt,1,9 Nov 2025
Tap only the software products by Adobe.,multi_tap,"A,D,F",Photoshop,Canva,Paint,Premiere Pro,iMovie,Dreamweaver,Quizsentials,,False,9 Nov 2025,Bonus Round - 10 Multi Tap Questions.sqt,1,9 Nov 2025
Tap only the films starring Mark Wahlberg.,multi_tap,"A,B,C,E",The Departed,Boogie Nights,Ted,Inglourious Basterds,Transformers: Age of Extinction,The Equalizer,Quizsentials,,False,9 Nov 2025,Bonus Round - 10 Multi Tap Questions.sqt,1,9 Nov 2025
Tap only the biblical figures that met Jesus Christ.,multi_tap,"B,C,F",Saint Paul,Simon Peter,Mary Magdalene,King David,Noah,Lazarus,Quizsentials,,False,9 Nov 2025,Bonus Round - 10 Multi Tap Questions.sqt,1,9 Nov 2025
"Of the cities listed here, tap only the ones in Japan.",multi_tap,"A,C,E,F",Kyoto,Shenzhen,Tokyo,Wuhan,Yokohama,Osaka,Quizsentials,,False,15 Jul 2025,Bonus Round - 10 Multi Tap Questions.sqt,1,15 Jul 2025
Tap only the Korean TV shows.,multi_tap,"C,E",Shogun,Alice in Borderland,Squid Game,JoJo's Bizarre Adventure,Kingdom,Attack on Titan,Quizsentials,,False,15 Jul 2025,Bonus Round - 10 Multi Tap Questions.sqt,1,15 Jul 2025
Tap only the adjectives that describe a bikini in the title of a novelty song by Brian Hyland.,multi_tap,"B,D,F",Incy Wincy,Itsy Bitsy,Skinny Mini,Teenie Weenie,Leopard Print,Polka-Dot,Quizsentials,,False,15 Jul 2025,Bonus Round - 10 Multi Tap Questions.sqt,1,15 Jul 2025
"Of the watchmakers listed here, tap only the ones from Switzerland.",multi_tap,"A,B",Rolex,Swatch,Casio,Fossil,G-Shock,Seiko,Quizsentials,,False,15 Jul 2025,Bonus Round - 10 Multi Tap Questions.sqt,3,3 Sep 2026
"Of the countries listed here, tap only the ones that are used in the NATO phonetic alphabet.",multi_tap,B,Brazil,India,Kuwait,Latvia,Peru,Zambia,Quizsentials,,False,15 Jul 2025,Bonus Round - 10 Multi Tap Questions.sqt,1,15 Jul 2025
Tap only the footballers who played in England's 1966 World Cup final victory over West Germany.,multi_tap,"A,B,C,F",Bobby Charlton,Jack Charlton,Alan Ball,Jimmy Greaves,Stanley Matthews,Martin Peters,Quizsentials,,False,15 Jul 2025,Bonus Round - 10 Multi Tap Questions.sqt,2,30 Apr 2026
Tap only the 'Star Wars' films that Harrison Ford appeared in.,multi_tap,"C,D,E",The Phantom Menace,Attack of the Clones,A New Hope,The Empire Strikes Back,The Force Awakens,The Last Jedi,Quizsentials,,False,15 Jul 2025,Bonus Round - 10 Multi Tap Questions.sqt,1,15 Jul 2025
Tap only the vertebrates (animals with an internal backbone).,multi_tap,"A,B,C,E",Frog,Dog,Snake,Octopus,Turtle,Starfish,Quizsentials,,False,15 Jul 2025,Bonus Round - 10 Multi Tap Questions.sqt,2,10 Jun 2026
"Of the tennis players listed here, tap only the ones that have won the Ladies' Singles Championship at Wimbledon",multi_tap,"A,B,D,E",Venus Williams,Serena Williams,Justine Henin,Maria Sharapova,Martina Hingis,Anna Kournikova,Quizsentials,,False,29 Aug 2025,Bonus Round - 10 Multi Tap Questions.sqt,1,29 Aug 2025
Tap only the languages that use the same letters as the English alphabet.,multi_tap,"B,C,D,F",Russian,Swedish,Spanish,French,Hebrew,Romanian,Quizsentials,,False,29 Aug 2025,Bonus Round - 10 Multi Tap Questions.sqt,1,29 Aug 2025
Tap only the animals that are native to the Arctic.,multi_tap,"A,B,D,F",Snowy owl,Polar bear,Penguin,Arctic fox,Camel,Narwhal,Quizsentials,,False,29 Aug 2025,Bonus Round - 10 Multi Tap Questions.sqt,1,29 Aug 2025
Tap only the rock bands that have headlined the Halftime Show at the Super Bowl.,multi_tap,"A,C,D,E",The Rolling Stones,The Beatles,The Who,Coldplay,U2,Metallica,Quizsentials,,False,29 Aug 2025,Bonus Round - 10 Multi Tap Questions.sqt,1,29 Aug 2025
"Of the ailments listed here, tap only the ones that directly affect the skin.",multi_tap,"B,C,E",Asthma,Eczema,Psoriasis,Multiple sclerosis,Cellulitis,Crohn's,Quizsentials,,False,29 Aug 2025,Bonus Round - 10 Multi Tap Questions.sqt,1,29 Aug 2025
Tap only the ingredients in the BBC Good Food recipe for tiramisu.,multi_tap,"C,D",Lemon,Parmesan,Mascarpone,Coffee,Sherry,Custard,Quizsentials,,False,29 Aug 2025,Bonus Round - 10 Multi Tap Questions.sqt,1,29 Aug 2025
Tap only the animated TV characters that are adults.,multi_tap,"A,C",Lois Griffin,Charlie Brown,Lenny Leonard,Kenny McCormick,Hayley Smith,Tina Belcher,Quizsentials,,False,29 Aug 2025,Bonus Round - 10 Multi Tap Questions.sqt,1,29 Aug 2025
Tap only the countries that currently have the franc as their currency.,multi_tap,"A,B,E,F",Switzerland,Liechtenstein,France,Canada,Rwanda,Ivory Coast,Quizsentials,,False,29 Aug 2025,Bonus Round - 10 Multi Tap Questions.sqt,1,29 Aug 2025
Tap only the films starring Gal Gadot.,multi_tap,"A,B,C,D,E,F",Wonder Woman 1984,Fast & Furious,Justice League,Wonder Woman,Fast X,Death on the Nile,Quizsentials,,False,29 Aug 2025,Bonus Round - 10 Multi Tap Questions.sqt,1,29 Aug 2025
"Of these films, tap only the ones that have a horse as a central character.",multi_tap,"A,E,F",Seabiscuit,Lassie,The Art of Racing in the Rain,Marley & Me,War Horse,Black Beauty,Quizsentials,,False,28 Aug 2025,Bonus Round - 10 Multi Tap Questions.sqt,1,28 Aug 2025
Tap only the names of dog breeds.,multi_tap,"C,D,F",American Angus,Belgian Blue,Belgian Malinois,German Shepherd,English Longhorn,Scottish Terrier,Quizsentials,,False,28 Aug 2025,Bonus Round - 10 Multi Tap Questions.sqt,1,28 Aug 2025
Tap only words that are synonyms of the word tired.,multi_tap,"B,D,F",Wary,Weary,Revived,Fatigued,Exhaustive,Exhausted,Quizsentials,,False,28 Aug 2025,Bonus Round - 10 Multi Tap Questions.sqt,1,28 Aug 2025
Tap only the wars that took place in the 18th century.,multi_tap,C,American Civil War,War of the Roses,American Revolutionary War,Napoleonic War,War of 1812,English Civil War,Quizsentials,,False,28 Aug 2025,Bonus Round - 10 Multi Tap Questions.sqt,1,28 Aug 2025
Tap only the ingredients in a traditional Tequila Sunrise cocktail.,multi_tap,"B,C,E,F",Prosecco,Tequila,Triple sec,Rum,Orange juice,Grenadine,Quizsentials,,False,28 Aug 2025,Bonus Round - 10 Multi Tap Questions.sqt,1,28 Aug 2025
"Of the Netflix series listed here, tap only the ones that are animated.",multi_tap,"A,F","Love, Death & Robots",Stranger Things,Wednesday,Unbreakable Kimmy Schmidt,Sex Education,Big Mouth,Quizsentials,,False,28 Aug 2025,Bonus Round - 10 Multi Tap Questions.sqt,2,12 May 2026
Tap only the countries that are now officially known by other names.,multi_tap,"A,B,C,D,F",Swaziland,Silon,British Honduras,Persia,Chad,Siam,Quizsentials,,False,28 Aug 2025,Bonus Round - 10 Multi Tap Questions.sqt,1,28 Aug 2025
Tap only the words that are in the chorus of the song 'American Pie' by Don McLean.,multi_tap,"B,C,E,F",Why,Die,Rye,Cry,Bye,Dry,Quizsentials,,False,28 Aug 2025,Bonus Round - 10 Multi Tap Questions.sqt,1,28 Aug 2025
"Of the cities listed here, tap only the ones that host a Grand Slam tennis tournament.",multi_tap,"B,D,E",Sydney,London,Los Angeles,Melbourne,Paris,Tokyo,Quizsentials,,False,28 Aug 2025,Bonus Round - 10 Multi Tap Questions.sqt,1,28 Aug 2025
"With regards to the Premier League's official Fantasy Football competition, tap only the players who cost £10m or more at the start of the current season.",multi_tap,E,Joao Pedro,Matheus Cunha,Phil Foden,Viktor Gyokeres,Mo Salah,Ollie Watkins,Quizsentials,,False,28 Aug 2025,Bonus Round - 10 Multi Tap Questions.sqt,3,20 Aug 2025
"Tap only the famous ex-boxers, as opposed to famous Xboxers.",multi_tap,"A,B,C,E,F",Evander Holyfield,Naseem Hamed,Vitali Klitschko,Nadeshot,Nigel Benn,Mike Tyson,Quizsentials,,False,11 Nov 2025,Bonus Round - 10 Multi Tap Questions.sqt,1,11 Nov 2025
"Of the cities listed here, tap only the ones in Austria.",multi_tap,"A,C",Vienna,Munich,Innsbruck,Cologne,Stuttgart,Dresden,Quizsentials,,False,11 Nov 2025,Bonus Round - 10 Multi Tap Questions.sqt,1,11 Nov 2025
"Of the Chappell Roan singles listed here, tap only the ones from the 2023 album 'The Rise and Fall of a Midwest Princess'.",multi_tap,"A,E,F",Hot to Go!,"Good Luck, Babe",The Giver,The Subway,Red Wine Supernova,Pink Pony Club,Quizsentials,,False,11 Nov 2025,Bonus Round - 10 Multi Tap Questions.sqt,1,11 Nov 2025
"Of the scientists listed here, tap only the ones who were born in what is now modern-day Italy.",multi_tap,"C,D",Georg Ohm,Nikola Tesla,Alessandro Volta,Galileo Galilei,Michael Faraday,Ernst Mach,Quizsentials,,False,11 Nov 2025,Bonus Round - 10 Multi Tap Questions.sqt,2,18 Feb 2025
Tap only the titles of movies that have won the Academy Award for Best Picture.,multi_tap,"C,D",Lovelight,Midnight,Moonlight,Spotlight,Sunlight,Twilight,Quizsentials,,False,11 Nov 2025,Bonus Round - 10 Multi Tap Questions.sqt,1,11 Nov 2025
Tap only the ingredients used in a classic Margarita cocktail.,multi_tap,"A,B,C",Lime juice,Triple sec,Tequila,Gin,Vodka,Coffee liqueur,Quizsentials,,False,11 Nov 2025,Bonus Round - 10 Multi Tap Questions.sqt,1,11 Nov 2025
Tap only the layers of human skin.,multi_tap,"B,C,D",Maxilla,Epidermis,Dermis,Hypodermis,Mandible,Sphenoid,Quizsentials,,False,11 Nov 2025,Bonus Round - 10 Multi Tap Questions.sqt,1,11 Nov 2025
"Of these characters from George Orwell's 'Animal Farm', tap only the horses.",multi_tap,"B,C",Old Major,Mollie,Boxer,Muriel,Moses,Napoleon,Quizsentials,,False,11 Nov 2025,Bonus Round - 10 Multi Tap Questions.sqt,1,11 Nov 2025
Tap only the colours that are on the flag of Portugal.,multi_tap,"A,B,C,D,E",Red,Blue,Green,White,Yellow,Pink,Quizsentials,,False,14 Mar 2025,Bonus Round - 10 Multi Tap Questions.sqt,2,31 May 2026
Tap only the movies directed by Christopher Nolan.,multi_tap,"B,C,D",The Batman,The Dark Knight,Memento,Oppenheimer,Snatch,Paddington 2,Quizsentials,,False,14 Mar 2025,Bonus Round - 10 Multi Tap Questions.sqt,1,14 Mar 2025
Tap only the categories of Nobel Prizes.,multi_tap,"A,B,D,F",Peace,Physics,Mathematics,Chemistry,Arts,Literature,Quizsentials,,False,14 Mar 2025,Bonus Round - 10 Multi Tap Questions.sqt,2,13 Nov 2025
Tap only the elements whose chemical symbols start with a different letter than their name.,multi_tap,"C,D,E",Calcium,Zinc,Silver,Iron,Gold,Iodine,Quizsentials,,False,14 Mar 2025,Bonus Round - 10 Multi Tap Questions.sqt,2,12 Dec 2025
"Of the cities listed here, tap only the ones that have hosted the Winter Olympics?",multi_tap,"A,B,E,F",Calgary,Oslo,Paris,Tokyo,Turin,Vancouver,Quizsentials,,False,14 Mar 2025,Bonus Round - 10 Multi Tap Questions.sqt,1,14 Mar 2025
"Of the words listed here, tap only the ones that originate from Arabic.",multi_tap,"A,B,F",Algebra,Magazine,Jungle,Karaoke,Atlas,Alcohol,Quizsentials,,False,14 Mar 2025,Bonus Round - 10 Multi Tap Questions.sqt,3,9 Apr 2026
Tap only the countries that made it to the semi-finals of the 2022 FIFA World Cup.,multi_tap,"C,D",United States,England,France,Argentina,Brazil,Japan,Quizsentials,,False,14 Mar 2025,Bonus Round - 10 Multi Tap Questions.sqt,2,16 Oct 2025
Tap only the people who are reported to have set foot on the moon.,multi_tap,"A,B,E",Buzz Aldrin,Alan Shepard,Yuri Gagarin,John Glenn,Neil Armstrong,Sally Ride,Quizsentials,,False,14 Mar 2025,Bonus Round - 10 Multi Tap Questions.sqt,2,12 Feb 2026
Tap only the numbers that are divisible by 4.,multi_tap,"A,C,E,F",8,18,28,38,68,88,Quizsentials,,False,27 May 2025,Bonus Round - 10 Multi Tap Questions.sqt,2,23 Jun 2026
"Of the musical acts listed here, tap the ones that are solely made up of siblings.",multi_tap,"A,C,F",The Osmonds,The Police,The Jackson 5,The Smiths,Pink Floyd,Bee Gees,Quizsentials,,False,27 May 2025,Bonus Round - 10 Multi Tap Questions.sqt,1,27 May 2025
Tap only the countries in the continent of North America.,multi_tap,"B,D,E,F",Ecuador,Costa Rica,Venezuela,Honduras,Panama,Mexico,Quizsentials,,False,27 May 2025,Bonus Round - 10 Multi Tap Questions.sqt,2,5 Aug 2026
"Of the primates listed here, tap only the ones native to Asia.",multi_tap,"A,D",Gibbon,Chimpanzee,Gorilla,Orangutan,Bonobo,Mandrill,Quizsentials,,False,27 May 2025,Bonus Round - 10 Multi Tap Questions.sqt,2,3 Apr 2026
Tap only the sports that made their Olympic debut at the 2024 Paris Games.,multi_tap,"A,D",Breaking,Tennis,Taekwondo,Kayak cross,Rugby sevens,Skateboarding,Quizsentials,,False,27 May 2025,Bonus Round - 10 Multi Tap Questions.sqt,1,27 May 2025
Tap only the names of characters from 'Bob the Builder'.,multi_tap,"A,B,D,E",Scoop,Lofty,Edward,Wendy,Bob,Mick,Quizsentials,,False,27 May 2025,Bonus Round - 10 Multi Tap Questions.sqt,3,12 Apr 2026
Tap only the actors who have played Spider-Man on film?,multi_tap,A,Tom Holland,Eddie Redmayne,Tom Hardy,Christian Bale,Adam Driver,Ethan Hawke,Quizsentials,,False,27 May 2025,Bonus Round - 10 Multi Tap Questions.sqt,1,27 May 2025
Tap only the planets that have days shorter than Earth.,multi_tap,"B,D,F",Mercury,Neptune,Mars,Saturn,Venus,Uranus,Quizsentials,,False,4 Sep 2025,Bonus Round - 10 Multi Tap Questions.sqt,1,4 Sep 2025
Tap only the American inventors.,multi_tap,"A,B,C",Thomas Edison,Samuel Morse,Orville Wright,James Watt,Tim Berners-Lee,George Stephenson,Quizsentials,,False,4 Sep 2025,Bonus Round - 10 Multi Tap Questions.sqt,1,4 Sep 2025
Tap only the classic albums that were released in the '70s.,multi_tap,"C,F","Revolver, by The Beatles","Pet Sounds, by The Beach Boys","Rumours, by Fleetwood Mac","The Rolling Stones, by The Rolling Stones","The Doors, by The Doors","The Dark Side of the Moon, by Pink Floyd",Quizsentials,,False,4 Sep 2025,Bonus Round - 10 Multi Tap Questions.sqt,1,4 Sep 2025
Tap only the names of the Plastics from the 2004 film 'Mean Girls'.,multi_tap,"C,D,F",Rachel,Lindsay,Gretchen,Karen,Amy,Regina,Quizsentials,,False,4 Sep 2025,Bonus Round - 10 Multi Tap Questions.sqt,1,4 Sep 2025
"Of these cocktails, tap only the ones that typically have whiskey (or whisky) in them.",multi_tap,"A,C",Old Fashioned,Daiquiri,Manhattan,Martini,Mojito,Negroni,Quizsentials,,False,4 Sep 2025,Bonus Round - 10 Multi Tap Questions.sqt,1,4 Sep 2025
"With regards to the Premier League's official Fantasy Football competition, tap the four most expensive goalkeepers at the start of the current season (who all cost £5.5m).",multi_tap,"B,C,D,F",Emi Martinez,Alisson,Ederson,Jordan Pickford,Matz Sels,David Raya,Quizsentials,,False,4 Sep 2025,Bonus Round - 10 Multi Tap Questions.sqt,1,4 Sep 2025
Tap only the Portuguese cities.,multi_tap,D,Santander,Valencia,Zaragoza,Faro,Bilbao,Granada,Quizsentials,,False,4 Sep 2025,Bonus Round - 10 Multi Tap Questions.sqt,2,21 Aug 2025
Tap only the UFC fighters who have beaten Conor McGregor in the Octagon.,multi_tap,"A,B,C",Nate Diaz,Dustin Poirier,Khabib Nurmagomedov,Donald Cerrone,Eddie Alvarez,Max Holloway,Quizsentials,,False,4 Sep 2025,Bonus Round - 10 Multi Tap Questions.sqt,1,4 Sep 2025
Tap only the invertebrates (animals with no internal backbone).,multi_tap,"A,C,E,F",Ant,Toad,Bee,Bat,Slug,Grasshopper,Quizsentials,,False,4 Sep 2025,Bonus Round - 10 Multi Tap Questions.sqt,1,4 Sep 2025
Tap only the countries in which German is an official language.,multi_tap,"A,B,C,D,E",Germany,Austria,Liechtenstein,Luxembourg,Switzerland,Slovenia,Quizsentials,,False,10 Apr 2025,Bonus Round - 10 Multi Tap Questions.sqt,2,24 Jun 2026
"Of the 'Lord of the Rings' characters listed here, tap only the ones that are NOT Hobbits.",multi_tap,"A,E,F",Gandalf,Frodo,Samwise,Pippin,Legolas,Aragorn,Quizsentials,,False,10 Apr 2025,Bonus Round - 10 Multi Tap Questions.sqt,1,10 Apr 2025
Tap only the names of children in the TV show 'The Simpsons'.,multi_tap,"A,C,D,F",Milhouse,Apu,Todd Flanders,Maggie,Barney,Martin Prince,Quizsentials,,False,10 Apr 2025,Bonus Round - 10 Multi Tap Questions.sqt,2,8 Feb 2026
Tap only the athletes who have been Olympic 100m champion.,multi_tap,"A,B,C,E,F",Linford Christie,Carl Lewis,Usain Bolt,Frankie Fredericks,Jesse Owens,Noah Lyles,Quizsentials,,False,10 Apr 2025,Bonus Round - 10 Multi Tap Questions.sqt,1,10 Apr 2025
Tap only the names of the 19th century Brontë sisters that published novels.,multi_tap,"D,E,F",Elizabeth,Catherine,Jane,Emily,Anne,Charlotte,Quizsentials,,False,10 Apr 2025,Bonus Round - 10 Multi Tap Questions.sqt,2,10 May 2026
Tap only the names of David Bowie's alter egos.,multi_tap,"A,B,D",Ziggy Stardust,Aladdin Sane,TAFKAP,The Thin White Duke,Camille,Jamie Starr,Quizsentials,,False,10 Apr 2025,Bonus Round - 10 Multi Tap Questions.sqt,2,25 Jun 2026
"Of the Barcelona players listed here, tap only the ones that have played in the English Premier League.",multi_tap,"C,E",Lamine Yamal,Robert Lewandowski,Raphinha,Frenkie de Jong,Ferran Torres,Dani Olmo,Quizsentials,,False,10 Apr 2025,Bonus Round - 10 Multi Tap Questions.sqt,1,10 Apr 2025
"Of the countries listed here, tap only the ones that are either fully or partly on the Balkan Peninsula.",multi_tap,"A,B,E",Albania,Serbia,Spain,Poland,Greece,Estonia,Quizsentials,,False,11 Apr 2025,Bonus Round - 10 Multi Tap Questions.sqt,2,25 Jun 2026
"Of the Ben Stiller movies listed here, tap only the ones that also star Owen Wilson.",multi_tap,"C,E,F",Dodgeball,Along Came Polly,Starsky & Hutch,Tropic Thunder,Zoolander,Night at the Museum,Quizsentials,,False,11 Apr 2025,Bonus Round - 10 Multi Tap Questions.sqt,1,11 Apr 2025
"Of the 'Jersey Shore' cast members listed here, tap only the women.",multi_tap,"A,D,E,F",JWoww,The Situation,Ronnie,Snooki,Deena,Sammi Sweetheart,Quizsentials,,False,11 Apr 2025,Bonus Round - 10 Multi Tap Questions.sqt,2,11 Feb 2026
Select only the months of the year that have 31 days.,multi_tap,"A,B,C,D,E,F",March,December,July,October,August,January,Quizsentials,,False,11 Apr 2025,Bonus Round - 10 Multi Tap Questions.sqt,1,11 Apr 2025
Tap only the words that translate into English as 'house'.,multi_tap,"A,B,C,D",Casa,Maison,Haus,Hus,Tienda,Magasin,Quizsentials,,False,11 Apr 2025,Bonus Round - 10 Multi Tap Questions.sqt,2,12 May 2026
Tap only the artists who are Canadian.,multi_tap,"A,B,C,D,E,F",Bryan Adams,k.d. lang,Neil Young,Celine Dion,Shania Twain,Nelly Furtado,Quizsentials,,False,11 Apr 2025,Bonus Round - 10 Multi Tap Questions.sqt,3,23 Jul 2026
"Of the sports teams listed here, tap only the ones that play in the NFL.",multi_tap,"B,E",Chicago Cubs,Jacksonville Jaguars,San Diego Padres,LA Dodgers,Green Bay Packers,Minnesota Twins,Quizsentials,,False,11 Apr 2025,Bonus Round - 10 Multi Tap Questions.sqt,2,3 Dec 2025
Tap only countries that were part of the Soviet Union.,multi_tap,"A,C,D,F",Belarus,Czechoslovakia,Georgia,Latvia,Austria,Ukraine,Quizsentials,,False,11 Apr 2025,Bonus Round - 10 Multi Tap Questions.sqt,3,17 Mar 2026
Tap only the countries that have a coast on the Mediterranean Sea.,multi_tap,"A,B,C,D,E,F",Egypt,France,Tunisia,Spain,Italy,Lebanon,Quizsentials,,False,1 May 2025,Bonus Round - 10 Multi Tap Questions.sqt,2,22 Jul 2026
Name only the 'Star Wars' characters that appeared in the original 1977 film.,multi_tap,"A,C,E",Han Solo,Lando Calrissian,Princess Leia,Yoda,Chewbacca,Boba Fett,Quizsentials,,False,1 May 2025,Bonus Round - 10 Multi Tap Questions.sqt,1,1 May 2025
Electronics question: Tap only the phrases that describe alternating current as opposed to direct current.,multi_tap,"A,D,F",The frequency available to consumers is dependent on the country,Has a stable magnetism,Flows consistently in one direction,Can easily be stepped up and down with transformers,Commonly used in electronic devices,Produced by alternators and generators,Quizsentials,,False,1 May 2025,Bonus Round - 10 Multi Tap Questions.sqt,2,18 Mar 2026
"Of these legendary golfers, tap only the ones who are American.",multi_tap,"A,B,C,F",Jack Nicklaus,Tiger Woods,Arnold Palmer,Gary Player,Greg Norman,Sam Snead,Quizsentials,,False,1 May 2025,Bonus Round - 10 Multi Tap Questions.sqt,1,1 May 2025
Tap only the foods that are typically associated with Spain.,multi_tap,"B,D,E,F",Baguette,Paella,Pepperoni,Chorizo,Gazpacho,Patatas bravas,Quizsentials,,False,1 May 2025,Bonus Round - 10 Multi Tap Questions.sqt,2,19 Mar 2026
"Of these football managers, tap only the ones who are Spanish.",multi_tap,"A,B,D",Pep Guardiola,Xabi Alonso,Jürgen Klopp,Mikel Arteta,Erik Ten Hag,Neil Warnock,Quizsentials,,False,1 May 2025,Bonus Round - 10 Multi Tap Questions.sqt,2,27 Jan 2026
Tap only the first names of Russian emperors.,multi_tap,"A,B,C,D,E",Ivan,Peter,Michael,Nicholas,Alexander,Vladimir,Quizsentials,,False,1 May 2025,Bonus Round - 10 Multi Tap Questions.sqt,1,1 May 2025
"Of the songs listed here, tap only the ones that featured in 'The Sound of Music'.",multi_tap,"B,C,D,F",Getting to Know You,Sixteen Going on Seventeen,Do-Re-Mi,Edelweiss,Some Enchanted Evening,The Lonely Goatherd,Quizsentials,,False,23 Sep 2025,Bonus Round - 10 Multi Tap Questions.sqt,1,23 Sep 2025
Tap only the names of states or territories in Australia.,multi_tap,"A,C",Queensland,Northwest Territories,Northern Territory,New Brunswick,Prince Edward Island,Alberta,Quizsentials,,False,23 Sep 2025,Bonus Round - 10 Multi Tap Questions.sqt,1,23 Sep 2025
Tap only the names of pony breeds.,multi_tap,"B,D",Belgian Blue,Shetland,Jersey,Dartmoor,Belted Galloway,Aberdeen Angus,Quizsentials,,False,23 Sep 2025,Bonus Round - 10 Multi Tap Questions.sqt,1,23 Sep 2025
Tap only the sparkling wines.,multi_tap,"A,B,C,E,F",Cava,Asti Spumante,Champagne,Barolo,Prosecco,Crémant,Quizsentials,,False,23 Sep 2025,Bonus Round - 10 Multi Tap Questions.sqt,1,23 Sep 2025
"Of the people listed here, tap only the ones born in South Africa.",multi_tap,"A,B,D,F",Desmond Tutu,Nelson Mandela,Robert Mugabe,Oscar Pistorius,Barack Obama,Elon Musk,Quizsentials,,False,23 Sep 2025,Bonus Round - 10 Multi Tap Questions.sqt,2,23 Feb 2025
Tap only the historical figures that were born in the 1700s.,multi_tap,"A,B,C",Marie Antoinette,George Washington,Napoleon Bonaparte,Charles Darwin,Florence Nightingale,Mother Teresa,Quizsentials,,False,23 Sep 2025,Bonus Round - 10 Multi Tap Questions.sqt,1,23 Sep 2025
"Of these characters from 'The Lion, the Witch and the Wardrobe', tap only the ones that are NOT originally from Narnia.",multi_tap,"A,B,E,F",The White Witch,Peter,Tumnus,Mr Beaver,Lucy,Edmund,Quizsentials,,False,23 Sep 2025,Bonus Round - 10 Multi Tap Questions.sqt,1,23 Sep 2025
Tap only the English rock bands.,multi_tap,"A,D,F",The Who,Aerosmith,U2,Led Zeppelin,Kiss,Pink Floyd,Quizsentials,,False,23 Sep 2025,Bonus Round - 10 Multi Tap Questions.sqt,1,23 Sep 2025
Tap only the letters that are worth exactly five points in the standard English edition of Scrabble.,multi_tap,A,K,Z,Y,L,R,D,Quizsentials,,False,23 Sep 2025,Bonus Round - 10 Multi Tap Questions.sqt,1,23 Sep 2025
Tap only the names of types of rice.,multi_tap,"A,B,D,F",Jasmine,Arborio,Chapati,Long-grain,Gemelli,Basmati,Quizsentials,,False,22 Sep 2025,Bonus Round - 10 Multi Tap Questions.sqt,1,22 Sep 2025
Tap only the animals classed by the World Wildlife Fund website as being endangered or critically endangered.,multi_tap,"B,C,F",Red fox,Black rhino,Red panda,Grey squirrel,Black bear,Green turtle,Quizsentials,,False,22 Sep 2025,Bonus Round - 10 Multi Tap Questions.sqt,1,22 Sep 2025
Tap only the countries that had a civil war during the 20th century.,multi_tap,"B,C,E",Canada,Spain,Russia,Australia,Nigeria,Denmark,Quizsentials,,False,22 Sep 2025,Bonus Round - 10 Multi Tap Questions.sqt,1,22 Sep 2025
"Of these Robert De Niro movies, tap only the ones that were directed by Martin Scorsese.",multi_tap,"C,F",The Godfather Part II,Meet the Fockers,Taxi Driver,Dirty Grandpa,The Adventures of Rocky and Bullwinkle,Goodfellas,Quizsentials,,False,22 Sep 2025,Bonus Round - 10 Multi Tap Questions.sqt,1,22 Sep 2025
Tap only the countries whose capital cities have only four letters in their name.,multi_tap,"B,C,D,F",Morocco,Italy,Norway,Azerbaijan,Iran,Latvia,Quizsentials,,False,22 Sep 2025,Bonus Round - 10 Multi Tap Questions.sqt,1,22 Sep 2025
Tap only the names of Michael Jackson albums.,multi_tap,"B,C,F",Purple Rain,Off The Wall,Bad,Sign O The Times,Parade,Thriller,Quizsentials,,False,22 Sep 2025,Bonus Round - 10 Multi Tap Questions.sqt,1,22 Sep 2025
Tap only the scoring phrases you would hear from the umpire in a game of tennis.,multi_tap,"A,B,E",15-love,15-all,30-20,40-all,Deuce,Advance,Quizsentials,,False,22 Sep 2025,Bonus Round - 10 Multi Tap Questions.sqt,1,22 Sep 2025
There are seven high-profile marathons that make up the World Marathon Majors series. Tap only the cities that host these events.,multi_tap,"A,B,C,E,F",New York,Tokyo,London,Beijing,Boston,Berlin,Quizsentials,,False,22 Sep 2025,Bonus Round - 10 Multi Tap Questions.sqt,1,22 Sep 2025
Tap only the actors who appear in the Oscar-winning 2006 Martin Scorsese film 'The Departed'?,multi_tap,"A,B,C,D,E,F",Leonardo DiCaprio,Matt Damon,Mark Wahlberg,Jack Nicholson,Alec Baldwin,Martin Sheen,Quizsentials,,False,8 Feb 2026,Bonus Round - 10 Multi Tap Questions.sqt,1,8 Feb 2026
Tap only the South American countries that have hosted a men's FIFA World Cup tournament.,multi_tap,"B,C,D,E",Paraguay,Chile,Uruguay,Brazil,Argentina,Colombia,Quizsentials,,False,8 Feb 2026,Bonus Round - 10 Multi Tap Questions.sqt,1,8 Feb 2026
Tap only the countries whose capitals begin with the letter L.,multi_tap,"A,B,C,F",Peru,United Kingdom,Portugal,Italy,Belarus,Luxembourg,Quizsentials,,False,8 Feb 2026,Bonus Round - 10 Multi Tap Questions.sqt,1,8 Feb 2026
Tap only the colours that are on the standard Google logo.,multi_tap,"A,C,E,F",Blue,Purple,Red,Black,Yellow,Green,Quizsentials,,False,8 Feb 2026,Bonus Round - 10 Multi Tap Questions.sqt,1,8 Feb 2026
Tap only the artists who released solo albums in the 1980s.,multi_tap,"A,B,C,E",Madonna,Celine Dion,Aretha Franklin,Alanis Morissette,Olivia Newton-John,Tori Amos,Quizsentials,,False,8 Feb 2026,Bonus Round - 10 Multi Tap Questions.sqt,1,8 Feb 2026
"Tap only the songs from the musical 'Chicago', as opposed to songs by the band Chicago.",multi_tap,"A,F",All That Jazz,If You Leave Me Now,Hard to Say I'm Sorry,Hard Habit to Break,Look Away,Cell Block Tango,Quizsentials,,False,17 Aug 2025,Bonus Round - 10 Multi Tap Questions.sqt,1,17 Aug 2025
"Of the famous artists listed here, tap only the ones born in Spain.",multi_tap,"B,E",Frida Kahlo,Salvador Dali,Henri Matisse,Claude Monet,Pablo Picasso,Sandro Botticelli,Quizsentials,,False,17 Aug 2025,Bonus Round - 10 Multi Tap Questions.sqt,1,17 Aug 2025
Tap only the movies that starred Will Ferrell.,multi_tap,"A,E,F",Old School,Dumb and Dumber,Pineapple Express,American Pie,Anchorman,Talladega Nights,Quizsentials,,False,17 Aug 2025,Bonus Round - 10 Multi Tap Questions.sqt,1,17 Aug 2025
Tap only the shades of red.,multi_tap,"B,C,D,E",Celeste,Crimson,Carmine,Scarlet,Ruby,Saffron,Quizsentials,,False,17 Aug 2025,Bonus Round - 10 Multi Tap Questions.sqt,1,17 Aug 2025
Tap only the names of high-end British fashion brands.,multi_tap,"C,F",Gooseberry,Boysenberry,Mulberry,Loganberry,Bilberry,Burberry,Quizsentials,,False,17 Aug 2025,Bonus Round - 10 Multi Tap Questions.sqt,1,17 Aug 2025
Tap only the physicists who were alive in the 20th century.,multi_tap,"A,C,E,F",Stephen Hawking,Isaac Newton,Albert Einstein,Galileo,Marie Curie,J. Robert Oppenheimer,Quizsentials,,False,17 Aug 2025,Bonus Round - 10 Multi Tap Questions.sqt,1,17 Aug 2025
Tap only the former footballers who played for BOTH Liverpool and Everton.,multi_tap,"A,C",Gary Ablett,Alan Hansen,Nick Barmby,Peter Reid,Kevin Keegan,Duncan Ferguson,Quizsentials,,False,17 Aug 2025,Bonus Round - 10 Multi Tap Questions.sqt,3,10 Jun 2026
"Of the capital cities listed here, tap only the ones whose country ends with 'land'.",multi_tap,"B,D,F",Beijing,Bern,Caracas,Dublin,Prague,Warsaw,Quizsentials,,False,17 Aug 2025,Bonus Round - 10 Multi Tap Questions.sqt,1,17 Aug 2025
"Of the Greek mythological figures listed here, tap only the ones that are humans rather than Olympian gods.",multi_tap,"B,C,D",Apollo,Sisyphus,Agamemnon,Ajax,Hermes,Ares,Quizsentials,,False,17 Aug 2025,Bonus Round - 10 Multi Tap Questions.sqt,1,17 Aug 2025
Tap only the words that are anagrams of at least one other word in this list.,multi_tap,"A,B,D,E,F",Gush,Gash,Rugs,Shag,Hags,Hugs,Quizsentials,,False,30 Apr 2026,Bonus Round - 10 Multi Tap Questions.sqt,2,6 Apr 2025
Tap only the characters from the Disney film 'The Little Mermaid'.,multi_tap,"A,B,E,F",Prince Eric,Ariel,Nemo,Oscar,Sebastian,Flounder,Quizsentials,,False,30 Apr 2026,Bonus Round - 10 Multi Tap Questions.sqt,1,30 Apr 2026
Tap only the poker hands that would beat a straight.,multi_tap,"A,B,D,E,F",Full house,Straight flush,Three of a kind,Flush,Four of a kind,Royal flush,Quizsentials,,False,30 Apr 2026,Bonus Round - 10 Multi Tap Questions.sqt,1,30 Apr 2026
Tap only the celebrities who first gained fame on TikTok.,multi_tap,"B,C,F",MrBeast,Khaby Lame,Dixie D'Amelio,Emma Chamberlain,James Charles,Avani Gregg,Quizsentials,,False,30 Apr 2026,Bonus Round - 10 Multi Tap Questions.sqt,1,30 Apr 2026
"Of the Meghans/Megans listed here, tap only the ones who spell Meghan with a letter H?",multi_tap,"B,E",Fox,Trainor,Thee Stallion,Rapinoe,Markle,Meg Griffin from Family Guy,Quizsentials,,False,30 Apr 2026,Bonus Round - 10 Multi Tap Questions.sqt,2,30 Apr 2026
Tap only the names of New York boroughs.,multi_tap,"A,D,E,F",Brooklyn,Greenwich,Harlem,The Bronx,Queens,Staten Island,Quizsentials,,False,30 Apr 2026,Bonus Round - 10 Multi Tap Questions.sqt,2,16 Feb 2025
"Of the performers listed here, tap only the ones who were in the hit show 'Euphoria'.",multi_tap,"A,F",Hunter Schafer,Elle Fanning,Anya Taylor-Joy,Jenna Ortega,Sophie Turner,Zendaya,Quizsentials,,False,30 Apr 2026,Bonus Round - 10 Multi Tap Questions.sqt,1,30 Apr 2026
Tap only the countries that have won the FIFA World Cup at least three times.,multi_tap,"A,B,D,F",Brazil,Germany/West Germany,Russia/USSR,Italy,France,Argentina,Quizsentials,,False,1 Oct 2025,Bonus Round - 10 Multi Tap Questions.sqt,2,25 Feb 2025
Tap only the artists who play (or played) the guitar right-handed?,multi_tap,"A,B,E,F",Taylor Swift,Eric Clapton,Kurt Cobain,Justin Bieber,Jack White,Susanna Hoffs,Quizsentials,,False,1 Oct 2025,Bonus Round - 10 Multi Tap Questions.sqt,1,1 Oct 2025
"Tap only the moons, as opposed to planets or stars.",multi_tap,"A,B,D,F",Ganymede,Titan,Sirius,Europa,Polaris,The Moon,Quizsentials,,False,1 Oct 2025,Bonus Round - 10 Multi Tap Questions.sqt,1,1 Oct 2025
"Of the cured meats listed here, tap only the sausages.",multi_tap,"A,E",Salami,Pastrami,Prosciutto,Jerky,Chorizo,Pancetta,Quizsentials,,False,1 Oct 2025,Bonus Round - 10 Multi Tap Questions.sqt,1,1 Oct 2025
"Of the animals listed here, tap only the ones that typically feed on carrion (dead animals).",multi_tap,"A,B,C,D,E,F",Vultures,Blow-fly maggots,Crows,Hyenas,Coyotes,Condors,Quizsentials,,False,1 Oct 2025,Bonus Round - 10 Multi Tap Questions.sqt,1,1 Oct 2025
Tap only the main cast members from the TV show '30 Rock'.,multi_tap,"B,C,D",Chris Rock,Alec Baldwin,Tina Fey,Tracy Morgan,David Spade,Amy Poehler,Quizsentials,,False,1 Oct 2025,Bonus Round - 10 Multi Tap Questions.sqt,1,1 Oct 2025
Tap only the shape-based facts that are true.,multi_tap,"B,D,E,F",A rectangle is a type of square,A square is a type of rhombus,A rhombus is a type of square,A rectangle is a type of parallelogram,A square is a type of rectangle,A rhombus is a type of parallelogram,Quizsentials,,False,1 Oct 2025,Bonus Round - 10 Multi Tap Questions.sqt,1,1 Oct 2025
"Of the Simpsons characters listed here, tap only the ones voiced by the same actor as Homer, Dan Castellaneta.",multi_tap,"A,E",Krusty the Clown,Chief Wiggum,Professor Frink,Moe Syzlak,Barney Gumble,Comic Book Guy,Quizsentials,,False,1 Oct 2025,Bonus Round - 10 Multi Tap Questions.sqt,1,1 Oct 2025
"Of the video games listed here, tap only the ones set in Japan.",multi_tap,"A,E,F",Assassin's Creed Shadows,Kingdom Come: Deliverance II,Atomfall,Black Myth: Wukong,Ghost of Tsushima,Sekiro: Shadows Die Twice,Quizsentials,,False,1 Oct 2025,Bonus Round - 10 Multi Tap Questions.sqt,1,1 Oct 2025
"Tap only the names the two main tributaries of the River Nile that meet and join forces in Khartoum, Sudan.",multi_tap,"A,C",White Nile,Black Nile,Blue Nile,Red Nile,Green Nile,Yellow Nile,Quizsentials,,False,11 Feb 2026,Bonus Round - 10 Multi Tap Questions.sqt,1,11 Feb 2026
"Of these 2020s pop songs, tap only the ones by Sabrina Carpenter.",multi_tap,"A,C,D,E,F",Feather,"Good Luck, Babe!",Please Please Please,Taste,Bed Chem,Espresso,Quizsentials,,False,11 Feb 2026,Bonus Round - 10 Multi Tap Questions.sqt,1,11 Feb 2026
Tap only the German footballers.,multi_tap,"C,D",Alexander Isak,William Saliba,Florian Wirtz,Nick Woltemade,Patrick Dorgu,Josko Gvardiol,Quizsentials,,False,11 Feb 2026,Bonus Round - 10 Multi Tap Questions.sqt,2,11 Feb 2026
Tap only the letters that appear more than once in the word 'conscientious'.,multi_tap,"A,B,C,E",C,O,N,T,S,E,Quizsentials,,False,11 Feb 2026,Bonus Round - 10 Multi Tap Questions.sqt,1,11 Feb 2026
Tap only the films starring Denzel Washington.,multi_tap,"A,C,D,E",Gladiator II,The Shawshank Redemption,The Magnificent Seven,The Equalizer,Malcolm X,Angel Has Fallen,Quizsentials,,False,11 Feb 2026,Bonus Round - 10 Multi Tap Questions.sqt,1,11 Feb 2026
"Of the famous battles listed here, tap only the ones that took place during the Second World War.",multi_tap,"A,C,E",Battle of Midway,Battle of the Somme,Battle of Stalingrad,Battle of Gallipoli,Battle of the Bulge,Battle of Balaclava,Quizsentials,,False,11 Feb 2026,Bonus Round - 10 Multi Tap Questions.sqt,2,16 Mar 2025
Tap only the words that in England are slang words for the feet?,multi_tap,"A,D,E",Plates,Moons,Curtains,Trotters,Tootsies,TVs,Quizsentials,,False,10 Feb 2026,Bonus Round - 10 Multi Tap Questions.sqt,1,10 Feb 2026
"Of the celebrities listed here, tap only the ones who passed away in 2025.",multi_tap,"A,C,F",Hulk Hogan,Matthew Perry,Ozzy Osbourne,Tina Turner,Jerry Springer,Val Kilmer,Quizsentials,,False,10 Feb 2026,Bonus Round - 10 Multi Tap Questions.sqt,1,10 Feb 2026
Tap only the famous people born in the USA.,multi_tap,"A,B,C,D,E,F",Walt Disney,Henry Ford,Thomas Edison,Bill Gates,Steve Jobs,Oprah Winfrey,Quizsentials,,False,10 Feb 2026,Bonus Round - 10 Multi Tap Questions.sqt,2,9 Apr 2025
Tap only the Italian fashion brands.,multi_tap,"A,B,C,D,E",Dolce & Gabbana,Prada,Gucci,Versace,Armani,Hermes,Quizsentials,,False,10 Feb 2026,Bonus Round - 10 Multi Tap Questions.sqt,2,28 Mar 2025
"Of these sportsmen, tap only the UFC stars.",multi_tap,"A,C,E",Tom Aspinall,Anthony Rizzo,Jon Jones,Jayson Tatum,Sean Strickland,Derrick Henry,Quizsentials,,False,10 Feb 2026,Bonus Round - 10 Multi Tap Questions.sqt,1,10 Feb 2026
Tap only the gases that are heavier than air.,multi_tap,"A,E,F",Argon,Carbon monoxide,Neon,Nitrogen,Propane,Oxygen,Quizsentials,,False,10 Feb 2026,Bonus Round - 10 Multi Tap Questions.sqt,1,10 Feb 2026
Tap only the titles of Kendrick Lamar singles.,multi_tap,"A,B,C,D,E,F",Humble,Luther,Not Like Us,Swimming Pools (Drank),All the Stars,"Bitch, Don't Kill My Vibe",Quizsentials,,False,10 Feb 2026,Bonus Round - 10 Multi Tap Questions.sqt,1,10 Feb 2026
Tap only the cities that are in Africa.,multi_tap,"D,E,F",Izmir,Amman,Damascus,Mogadishu,Khartoum,Lubumbashi,Quizsentials,,False,10 Feb 2026,Bonus Round - 10 Multi Tap Questions.sqt,1,10 Feb 2026
Tap only the names of Irish provinces.,multi_tap,"A,B,C,F",Ulster,Munster,Leinster,Galway,Donegal,Connacht,Quizsentials,,False,8 Apr 2025,Bonus Round - 10 Multi Tap Questions.sqt,2,18 Jun 2026
Tap only the names of characters from the musical 'Les Miserables'.,multi_tap,"C,D,E",Cardinal Richelieu,D'Artagnan,Fantine,Inspector Javert,Jean Valjean,Madame Defarge,Quizsentials,,False,8 Apr 2025,Bonus Round - 10 Multi Tap Questions.sqt,1,8 Apr 2025
"Of the elements listed here, tap only the ones named after Ancient Greek deities.",multi_tap,"B,E",Potassium,Titanium,Iron,Gold,Helium,Carbon,Quizsentials,,False,8 Apr 2025,Bonus Round - 10 Multi Tap Questions.sqt,2,12 Feb 2026
"Of the motorbike brands listed here, tap only the ones that were founded in Japan.",multi_tap,"D,E,F",Triumph,Bimota,Ducati,Kawasaki,Yamaha,Moriwaki,Quizsentials,,False,8 Apr 2025,Bonus Round - 10 Multi Tap Questions.sqt,1,8 Apr 2025
Tap only the pop groups from South Korea.,multi_tap,"A,D,E,F",BTS,Little Mix,Jonas Brothers,Red Velvet,Blackpink,Seventeen,Quizsentials,,False,8 Apr 2025,Bonus Round - 10 Multi Tap Questions.sqt,2,19 Jun 2026
Tap only the British fashion brands.,multi_tap,"B,C,D,E",Ralph Lauren,Burberry,Stella McCartney,Barbour,Vivienne Westwood,Givenchy,Quizsentials,,False,8 Apr 2025,Bonus Round - 10 Multi Tap Questions.sqt,2,15 Feb 2026
"Of the cities listed here, tap only the US state capitals.",multi_tap,"B,E",Detroit,Dover,Jacksonville,Las Vegas,Nashville,San Francisco,Quizsentials,,False,9 Apr 2025,Bonus Round - 10 Multi Tap Questions.sqt,2,26 Jun 2026
Tap only the films that starred Johnny Depp.,multi_tap,"A,C,E,F",Fear and Loathing in Las Vegas,From Dusk till Dawn,What's Eating Gilbert Grape,The Addams Family,Ed Wood,Sleepy Hollow,Quizsentials,,False,9 Apr 2025,Bonus Round - 10 Multi Tap Questions.sqt,1,9 Apr 2025
Tap only the modes of transport that would ordinarily go on water.,multi_tap,"A,B,D,E,F",Kayak,Hovercraft,Pedal bike,Ferry,Gondola,Aircraft carrier,Quizsentials,,False,9 Apr 2025,Bonus Round - 10 Multi Tap Questions.sqt,1,9 Apr 2025
"Of the words listed here, tap only the ones that are names of Circles of Hell in Dante's 'Inferno'?",multi_tap,"A,C,D",Heresy,Pride,Gluttony,Lust,Slander,Flattery,Quizsentials,,False,9 Apr 2025,Bonus Round - 10 Multi Tap Questions.sqt,2,15 May 2026
"Of the alcohol brands listed here, tap only the ones predominantly known for their vodka.",multi_tap,"A,C,E,F",Absolut,Jim Beam,Ketel One,Tia Maria,Grey Goose,Smirnoff,Quizsentials,,False,9 Apr 2025,Bonus Round - 10 Multi Tap Questions.sqt,2,20 Feb 2026
Tap only the cities that currently have at least two football clubs in the Premier League.,multi_tap,"A,B,E",London,Liverpool,Nottingham,Birmingham,Manchester,Newcastle,Quizsentials,,False,9 Apr 2025,Bonus Round - 10 Multi Tap Questions.sqt,2,27 Nov 2025
Tap only the things that apply to both the games polo and water polo.,multi_tap,"D,E,F",Water,Horses,Mallets,Balls,Goals,Teams,Quizsentials,,False,3 Jun 2025,Bonus Round - 10 Multi Tap Questions.sqt,2,13 Mar 2026
Tap only the people that are a blood relative of at least one other person in the list.,multi_tap,"A,C,E",Martin Sheen,Michael Sheen,Charlie Sheen,Sheena Easton,Emilio Estevez,Gloria Estefan,Quizsentials,,False,3 Jun 2025,Bonus Round - 10 Multi Tap Questions.sqt,1,3 Jun 2025
Tap only the sports that involve a ball going over a net.,multi_tap,"B,C,F",Fencing,Tennis,Table tennis,Badminton,Squash,Volleyball,Quizsentials,,False,3 Jun 2025,Bonus Round - 10 Multi Tap Questions.sqt,1,3 Jun 2025
Tap only the drinks that contain milk or yoghurt products.,multi_tap,"A,B,C,D,E,F",Lassi,Horchata,Cappuccino,Yakult,Kefir,Milkshake,Quizsentials,,False,3 Jun 2025,Bonus Round - 10 Multi Tap Questions.sqt,2,26 Apr 2026
"Of the albums listed here, tap only the ones released by Drake.",multi_tap,A,Certified Lover Boy,To Pimp a Butterfly,Straight Outta Compton,The Slim Shady LP,Illmatic,Enter the Wu-Tang (36 Chambers),Quizsentials,,False,3 Jun 2025,Bonus Round - 10 Multi Tap Questions.sqt,1,3 Jun 2025
Tap only the names of pigs in the George Orwell book 'Animal Farm'.,multi_tap,"A,C,D,F",Old Major,Uncle Bulgaria,Napoleon,Squealer,Babe,Pinkeye,Quizsentials,,False,3 Jun 2025,Bonus Round - 10 Multi Tap Questions.sqt,2,5 Jul 2026
"Tap only the countries whose flags contain red, white and blue.",multi_tap,"A,B,C,D,E,F",Iceland,Luxembourg,Slovenia,Czech Repubic,Slovakia,Croatia,Quizsentials,,False,18 May 2025,Bonus Round - 10 Multi Tap Questions.sqt,2,30 Jul 2026
"Of the movies listed here, tap only the ones that starred Tom Hardy.",multi_tap,"B,D,E,F",Django Unchained,Dunkirk,Green Book,Inception,Venom,Venom: Let There Be Carnage,Quizsentials,,False,18 May 2025,Bonus Round - 10 Multi Tap Questions.sqt,1,18 May 2025
"Of the Kardashian-Jenner family members listed here, tap only the ones older than Kim.",multi_tap,"B,E",Khloe,Kourtney,Kylie,Kendall,Kris,Robert,Quizsentials,,False,18 May 2025,Bonus Round - 10 Multi Tap Questions.sqt,2,5 Apr 2026
Tap only the substances that are a form of carbon.,multi_tap,"A,C,D",Diamond,Lead,Graphite,Graphine,Ruby,Emerald,Quizsentials,,False,18 May 2025,Bonus Round - 10 Multi Tap Questions.sqt,2,27 Mar 2026
France won 16 gold medals at the 2024 Paris Olympics - the fifth most of all competing nations. Tap only the countries that won more.,multi_tap,"A,B,E,F",China,Australia,Germany,Great Britain,United States,Japan,Quizsentials,,False,18 May 2025,Bonus Round - 10 Multi Tap Questions.sqt,1,18 May 2025
Tap only the people who were members of the girl group Fifth Harmony.,multi_tap,"D,E,F",Emma Bunton,Beyoncé Knowles,Kelly Rowland,Camila Cabello,Normani,Ally Brooke,Quizsentials,,False,18 May 2025,Bonus Round - 10 Multi Tap Questions.sqt,1,18 May 2025
"Of the peppers listed here, tap only the ones that are typically hotter than the jalapeño.",multi_tap,"A,D,E,F",Naga Viper,Banana pepper,Bell pepper,Scotch Bonnet,Carolina Reaper,Ghost pepper,Quizsentials,,False,18 May 2025,Bonus Round - 10 Multi Tap Questions.sqt,2,1 Apr 2026
Tap only the clubs that will host matches at Euro '28 in the UK and Ireland.,multi_tap,B,Sheffield Wednesday,Aston Villa,Celtic,Liverpool,Manchester United,Arsenal,Quizsentials,,False,18 May 2025,Bonus Round - 10 Multi Tap Questions.sqt,2,6 Feb 2026
Tap only the substances that make up more that 10% of the atmosphere of Mars.,multi_tap,A,Carbon dioxide,Carbon monoxide,Water,Argon,Helium,Nitrogen,Quizsentials,,False,18 May 2025,Bonus Round - 10 Multi Tap Questions.sqt,1,18 May 2025
"Of these cities, tap only the ones that are in France.",multi_tap,"A,B,C",Marseille,Lille,Strasbourg,Bruges,Seville,Cologne,Quizsentials,,False,14 Aug 2026,Bonus Round - 10 Multi Tap Questions.sqt,2,6 Jun 2025
Tap only the religions that are practised by more than 10% of the population of the USA.,multi_tap,D,Islam,Judaism,Sikhism,Christianity,Hinduism,Buddhism,Quizsentials,,False,14 Aug 2026,Bonus Round - 10 Multi Tap Questions.sqt,1,14 Aug 2026
Tap only the Spider-Man villains.,multi_tap,"A,D,F",Green Goblin,The Joker,Scarecrow,Doctor Octopus,The Riddler,Sandman,Quizsentials,,False,14 Aug 2026,Bonus Round - 10 Multi Tap Questions.sqt,1,14 Aug 2026
Tap only the animals that have tentacles.,multi_tap,"B,C,F",Elephant,Squid,Lion's mane jellyfish,Seahorse,Orca,Sea cucumber,Quizsentials,,False,14 Aug 2026,Bonus Round - 10 Multi Tap Questions.sqt,1,14 Aug 2026
Tap only the Winter Olympic events in which participants wear skis.,multi_tap,"A,C,D,E",Nordic combined,Luge,Biathlon,Ski jumping,Ski mountaineering,Snowboarding,Quizsentials,,False,14 Aug 2026,Bonus Round - 10 Multi Tap Questions.sqt,1,14 Aug 2026
Tap only the cheeses that typically have holes in them.,multi_tap,"C,D,F",Cheddar,Brie,Gouda,Emmentaler,Parmesan,Jarlsberg,Quizsentials,,False,14 Aug 2026,Bonus Round - 10 Multi Tap Questions.sqt,1,14 Aug 2026
"Of the 'Stranger Things' characters listed here, tap only the girls/women.",multi_tap,"A,B,C",Max,Robin,Eleven,Billy,Eddie,Vecna,Quizsentials,,False,14 Aug 2026,Bonus Round - 10 Multi Tap Questions.sqt,1,14 Aug 2026
"Of the songs listed here, tap only the ones that are cover versions.",multi_tap,"A,B,C,D,E,F","I Will Always Love You, by Whitney Houston","Killing Me Softly With His Song, by Fugees","Whiskey In The Jar, by Metallica","Hurt, by Johnny Cash","Sweet Dreams (Are Made of This), by Marilyn Manson","I'm A Believer, by Smash Mouth",Quizsentials,,False,14 Aug 2026,Bonus Round - 10 Multi Tap Questions.sqt,1,14 Aug 2026
Tap only the flying-type Pokémon.,multi_tap,C,Sandslash,Vulpix,Pidgey,Gloom,Diglett,Growlithe,Quizsentials,,False,29 Jul 2026,Bonus Round - 10 Multi Tap Questions.sqt,1,29 Jul 2026
"Of these basketball legends, tap only those who never won an NBA Championship as a player.",multi_tap,"C,E,F",Michael Jordan,LeBron James,Charles Barkley,Shaquille O'Neal,Allen Iverson,Karl Malone,Quizsentials,,False,29 Jul 2026,Bonus Round - 10 Multi Tap Questions.sqt,1,29 Jul 2026
"Of the TV shows listed here, tap only the ones set in a different world to Earth.",multi_tap,C,Wednesday,Ozark,The Witcher,Cobra Kai,Dear White People,Sex Education,Quizsentials,,False,29 Jul 2026,Bonus Round - 10 Multi Tap Questions.sqt,1,29 Jul 2026
"Of the materials listed here, tap only the examples of polymers.",multi_tap,"A,B,C,D,E,F",Nylon,Polystyrene,Kevlar,Teflon,Bakelite,Polyvinyl chloride (PVC),Quizsentials,,False,29 Jul 2026,Bonus Round - 10 Multi Tap Questions.sqt,1,29 Jul 2026
Tap the colours that appear in the name of the K-pop group who have had hits with 'How You Like That' and 'Pink Venom'.,multi_tap,"C,F",Blue,White,Black,Orange,Green,Pink,Quizsentials,,False,29 Jul 2026,Bonus Round - 10 Multi Tap Questions.sqt,1,29 Jul 2026
"Of the types of religious cleric listed here, tap only the Christian ones.",multi_tap,"B,C,D,E",Rabbi,Bishop,Vicar,Pastor,Deacon,Imam,Quizsentials,,False,29 Jul 2026,Bonus Round - 10 Multi Tap Questions.sqt,1,29 Jul 2026
"Of these famous nepo babies, tap only the ones whose dad is a famous film director.",multi_tap,"A,E,F",Maude Apatow,Brooklyn Beckham,Miley Cyrus,Jaden Smith,Gracie Abrams,Sofia Coppola,Quizsentials,,False,29 Jul 2026,Bonus Round - 10 Multi Tap Questions.sqt,1,29 Jul 2026
Tap only the types of coffee bean.,multi_tap,"A,C,D,E",Arabica,Lima,Robusta,Liberica,Excelsa,Cannelini,Quizsentials,,False,29 Jul 2026,Bonus Round - 10 Multi Tap Questions.sqt,1,29 Jul 2026
"Of the biblical stories listed here, tap only the ones relating to Jesus.",multi_tap,"A,C,F",Born in a stable,Killed Goliath with a sling,Walked on water,Got turned into a pillar of salt,Led the Israelites out of Egypt,Died for our sins,Quizsentials,,False,28 Jul 2026,Bonus Round - 10 Multi Tap Questions.sqt,1,28 Jul 2026
"Of the animals listed here, tap only the ones that have a completely different colour coat in the summer and winter.",multi_tap,A,Arctic fox,Giraffe,Grizzly bear,Badger,Kangaroo,Poodle,Quizsentials,,False,28 Jul 2026,Bonus Round - 10 Multi Tap Questions.sqt,1,28 Jul 2026
"Out of these sporting video game series, tap only the ones made by EA Sports.",multi_tap,"A,B",FIFA,Tiger Woods PGA Tour,Pro Evolution Soccer,NBA 2K,Football Manager,Forza Motorsport,Quizsentials,,False,28 Jul 2026,Bonus Round - 10 Multi Tap Questions.sqt,1,28 Jul 2026
Tap only the song titles in which the missing word is 'Party'.,multi_tap,"A,B,C,D,E","__ in the U.S.A, by Miley Cyrus","__ Rock Anthem, by LMFAO","Get the __ Started, by P!nk","When the __'s Over, by Billie Eilish","It's My __, by Leslie Gore","__ for a Friend, by Elton John",Quizsentials,,False,28 Jul 2026,Bonus Round - 10 Multi Tap Questions.sqt,1,28 Jul 2026
Tap only the movies that were released in 2025.,multi_tap,"A,B,C,D,E,F",Marty Supreme,Wicked: For Good,One Battle After Another,Sinners,KPop Demon Hunters,A Minecraft Movie,Quizsentials,,False,28 Jul 2026,Bonus Round - 10 Multi Tap Questions.sqt,1,28 Jul 2026
Tap only the people/characters who were involved in the 2026 FIFA World Cup final halftime show.,multi_tap,"A,B,C,D,E,F",Madonna,BTS,Kermit the Frog,Cookie Monster,Ronaldinho,Ted Lasso,Quizsentials,,False,28 Jul 2026,Bonus Round - 10 Multi Tap Questions.sqt,1,28 Jul 2026
Tap the chicken wing flavours available at Wingstop.,multi_tap,"A,B,C",Lemon Pepper,Garlic Parmesan,Mango Habanero,Cookies and Cream,Pineapple Surprise,Pumpkin Spice,Quizsentials,,False,28 Jul 2026,Bonus Round - 10 Multi Tap Questions.sqt,1,28 Jul 2026
Tap only the players who scored six or more goals at this summer's FIFA World Cup.,multi_tap,"A,B,D,E,F",Jude Belingham,Lionel Messi,Vinícius Júnior,Harry Kane,Kylian Mbappe,Erling Haaland,Quizsentials,,False,28 Jul 2026,Bonus Round - 10 Multi Tap Questions.sqt,1,28 Jul 2026
Tap only the sports that involve a player throwing a ball at another player who hits it with a bat.,multi_tap,"B,D,E,F",Hockey,Baseball,Dodgeball,Rounders,Cricket,Softball,Quizsentials,,False,28 Jul 2026,Bonus Round - 10 Multi Tap Questions.sqt,1,28 Jul 2026
"Of the alloys listed here, tap only the ones that typically have copper in them.",multi_tap,"A,C,D",Bronze,Stainless steel,Cupronickel,Brass,Cast iron,Titanium carbide,Quizsentials,,False,28 Jul 2026,Bonus Round - 10 Multi Tap Questions.sqt,1,28 Jul 2026
Tap only the celebrities who are under 30 years old.,multi_tap,A,Sabrina Carpenter,Harry Styles,Justin Bieber,Charli XCX,Ariana Grande,Bruno Mars,Quizsentials,,False,3 May 2026,Bonus Round - 10 Multi Tap Questions.sqt,2,23 Feb 2025
"Tap only the lines from the most popular current version of the nursery rhyme 'Monday's Child', according to Wikipedia.",multi_tap,"A,B,C,E",Monday's child is fair of face,Tuesday's child is full of grace,Wednesday's child is full of woe,Thursday's child has stubbed its toe,Friday's child is loving and giving,Saturday's child has a face like a slapped arse,Quizsentials,,False,3 May 2026,Bonus Round - 10 Multi Tap Questions.sqt,1,3 May 2026
Tap only the films that star Selena Gomez.,multi_tap,"A,C,D,F",Monte Carlo,The Last Song,Hotel Transylvania,Ramona and Beezus,Hannah Montana: The Movie,Emilia Pérez,Quizsentials,,False,3 May 2026,Bonus Round - 10 Multi Tap Questions.sqt,1,3 May 2026
Tap only the countries that played in the 2022 FIFA World Cup tournament.,multi_tap,"A,C",Qatar,Afghanistan,Iran,Lebanon,Iraq,Kuwait,Quizsentials,,False,3 May 2026,Bonus Round - 10 Multi Tap Questions.sqt,2,16 Jul 2025
Electronics question: Tap only the phrases that describe direct current as opposed to alternating current.,multi_tap,"A,E,F",Voltage is always constant,May pose a higher risk of electric shock,Alternates its current periodically,The magnitude changes with time and direction,Commonly used in electronic devices,Produced by batteries and solar cells,Quizsentials,,False,3 May 2026,Bonus Round - 10 Multi Tap Questions.sqt,2,19 Jun 2025
"Of the famous TikTokers listed here, tap only the Americans.",multi_tap,"B,C,D",Khaby Lame,Charli D'Amelio,Addison Rae,Zach King,Kris Collins,Karol G,Quizsentials,,False,3 May 2026,Bonus Round - 10 Multi Tap Questions.sqt,1,3 May 2026
Tap only the planets that have an atmosphere comprised mainly of carbon dioxide.,multi_tap,"B,D",Mercury,Venus,Earth,Mars,Jupiter,Saturn,Quizsentials,,False,3 May 2026,Bonus Round - 10 Multi Tap Questions.sqt,2,22 May 2025
"Of the Disney movies listed here, tap only the ones that combine live-action with animation.",multi_tap,"A,B,C,D",Mary Poppins,Who Framed Roger Rabbit,Pete's Dragon,Bedknobs and Broomsticks,Bambi,Encanto,Quizsentials,,False,18 Jun 2026,Bonus Round - 10 Multi Tap Questions.sqt,1,18 Jun 2026
"Of the superhero TV shows listed here, tap only the ones that are animated as opposed to live-action.",multi_tap,"B,D",Daredevil: Born Again,Invincible,Peacemaker,X-Men '97,Spider-Noir,The Boys,Quizsentials,,False,18 Jun 2026,Bonus Round - 10 Multi Tap Questions.sqt,1,18 Jun 2026
"Of the historical events listed here, tap only the ones that took place in the 1800s.",multi_tap,"B,E",Beheading of Marie Antoinette,Invention of the telephone,Boston Tea Party,First hot air balloon flight,Discovery of X-rays,Publication of 'Robinson Crusoe',Quizsentials,,False,18 Jun 2026,Bonus Round - 10 Multi Tap Questions.sqt,2,2 Jul 2025
Tap only the names of popular computer operating systems.,multi_tap,"B,D,E,F",HTML,Windows,CSS,Linux,Android,macOS,Quizsentials,,False,18 Jun 2026,Bonus Round - 10 Multi Tap Questions.sqt,1,18 Jun 2026
Tap only the songs that appear on the album 'Thriller' by Michael Jackson.,multi_tap,"A,B,D,E",Billie Jean,Thriller,Smooth Criminal,Beat It,Human Nature,Man in the Mirror,Quizsentials,,False,18 Jun 2026,Bonus Round - 10 Multi Tap Questions.sqt,2,6 Apr 2025
Tap only the online aliases of the YouTuber and musician pictured here.,multi_tap,"A,C,E",Joji,Idubbz,Filthy Frank,Jacksepticeye,Pink Guy,MrBeast,Quizsentials,,False,18 Jun 2026,Bonus Round - 10 Multi Tap Questions.sqt,1,18 Jun 2026
Tap only the TV shows that feature pirates.,multi_tap,"B,D,E",Lawmen: Bass Reeves,Black Sails,Godless,One Piece,Our Flag Means Death,Deadwood,Quizsentials,,False,19 Jun 2026,Bonus Round - 10 Multi Tap Questions.sqt,1,19 Jun 2026
Tap only the feature films that starred Lindsay Lohan.,multi_tap,"A,C,E",Mean Girls,La La Land,Freaky Friday,Battle of the Sexes,The Parent Trap,Star Wars: Episode III - Revenge of the Sith,Quizsentials,,False,19 Jun 2026,Bonus Round - 10 Multi Tap Questions.sqt,1,19 Jun 2026
Tap only the names of football teams in the MLS.,multi_tap,"C,D,E",Seattle Kraken,Anaheim Ducks,New York Red Bulls,Los Angeles Galaxy,Colorado Rapids,Boston Bruins,Quizsentials,,False,19 Jun 2026,Bonus Round - 10 Multi Tap Questions.sqt,2,21 Aug 2025
Tap only the words that can follow 'lip' to make the name of a cosmetic product.,multi_tap,"A,B,D",Liner,Gloss,Pole,Stick,Grout,Bucket,Quizsentials,,False,19 Jun 2026,Bonus Round - 10 Multi Tap Questions.sqt,1,19 Jun 2026
Tap only the insects.,multi_tap,"A,D,E",Praying mantis,Scorpion,Spider,Dragonfly,Wasp,Tick,Quizsentials,,False,19 Jun 2026,Bonus Round - 10 Multi Tap Questions.sqt,3,22 Jul 2025
Tap only the games that involve the use of dice.,multi_tap,F,Bridge,Go Fish,Rummikub,Buckaroo!,Uno,Yahtzee,Quizsentials,,False,19 Jun 2026,Bonus Round - 10 Multi Tap Questions.sqt,1,19 Jun 2026
"Of the dishes listed here, tap only the ones from the Indian subcontinent.",multi_tap,"B,E",Pad Thai,Biryani,Massaman curry,Khao pad,Rogan josh,Tom yum,Quizsentials,,False,12 Apr 2026,Bonus Round - 10 Multi Tap Questions.sqt,2,29 May 2025
Tap only the countries where they drive on the right.,multi_tap,"C,D,F",Thailand,South Africa,Russia,Spain,Jamaica,Brazil,Quizsentials,,False,12 Apr 2026,Bonus Round - 10 Multi Tap Questions.sqt,1,12 Apr 2026
"Of the songs listed here, tap only the ones released in 1995.",multi_tap,"A,C,F","Boombastic, by Shaggy","Vogue, by Madonna","Waterfalls, by TLC","Anti-Hero, by Taylor Swift","Learn to Fly, by Foo Fighters","I Got 5 On It, by Luniz",Quizsentials,,False,12 Apr 2026,Bonus Round - 10 Multi Tap Questions.sqt,2,2 Feb 2025
Tap only the names of casinos on the Las Vegas Strip.,multi_tap,"A,B,D,E,F",Circus Circus,New York-New York,London London,Excalibur,Luxor,Bellagio,Quizsentials,,False,12 Apr 2026,Bonus Round - 10 Multi Tap Questions.sqt,1,12 Apr 2026
Tap only the French actresses.,multi_tap,"A,C,E,F",Marion Cottilard,Monica Bellucci,Léa Seydoux,Sophia Loren,Brigitte Bardot,Eva Green,Quizsentials,,False,12 Apr 2026,Bonus Round - 10 Multi Tap Questions.sqt,1,12 Apr 2026
Tap only the names of types of hat.,multi_tap,"A,B,C,F",Beret,Boater,Fedora,Floater,Merkin,Ushanka,Quizsentials,,False,12 Apr 2026,Bonus Round - 10 Multi Tap Questions.sqt,1,12 Apr 2026
Tap only the names of cities that now have a different name.,multi_tap,"B,D,E",Warsaw,Bombay,Cape Town,Leningrad,Saigon,Buenos Aires,Quizsentials,,False,12 Apr 2026,Bonus Round - 10 Multi Tap Questions.sqt,1,12 Apr 2026
Tap only the countries that were part of the Allies in the Second World War.,multi_tap,"A,B,F",United Kingdom,United States,Japan,Germany,Spain,Soviet Union,Quizsentials,,False,29 Mar 2026,Bonus Round - 10 Multi Tap Questions.sqt,2,15 Apr 2025
Tap only the video games that are based on novels.,multi_tap,"A,E",The Witcher,Assassin's Creed,Fallout,Skyrim,Tom Clancy's Rainbow Six,Super Smash Bros.,Quizsentials,,False,29 Mar 2026,Bonus Round - 10 Multi Tap Questions.sqt,1,29 Mar 2026
Tap only the characters from 'Harry Potter'.,multi_tap,"A,B,C,F",Barty Crouch Jr,Alastor Moody,Cedric Diggory,Brynden Blackfish,Podrick Payne,Viktor Krum,Quizsentials,,False,29 Mar 2026,Bonus Round - 10 Multi Tap Questions.sqt,2,21 Nov 2025
Tap only the elements that are in a molecule of methane.,multi_tap,"E,F",Nitrogen,Potassium,Phosphorus,Zinc,Carbon,Hydrogen,Quizsentials,,False,29 Mar 2026,Bonus Round - 10 Multi Tap Questions.sqt,2,16 May 2025
Tap only the countries that border Greece.,multi_tap,"A,B,C,D",Turkey,Bulgaria,Albania,North Macedonia,Croatia,Romania,Quizsentials,,False,29 Mar 2026,Bonus Round - 10 Multi Tap Questions.sqt,1,29 Mar 2026
Tap only the real names of subgenres of metal music.,multi_tap,"A,B,C,D,E,F",Power metal,Pirate metal,Metalcore,Grindcore,Deathcore,Extreme metal,Quizsentials,,False,29 Mar 2026,Bonus Round - 10 Multi Tap Questions.sqt,1,29 Mar 2026
Tap only the titles of songs by Dua Lipa.,multi_tap,"A,C,D,F",Levitating,Espresso,New Rules,Dance the Night,Please Please Please,Houdini,Quizsentials,,False,29 Mar 2026,Bonus Round - 10 Multi Tap Questions.sqt,1,29 Mar 2026
Tap only the denominations of Islam.,multi_tap,"B,D",Haredi,Shia,Haymanot,Sunni,Hasidism,Neolog,Quizsentials,,False,17 Jul 2026,Bonus Round - 10 Multi Tap Questions.sqt,1,17 Jul 2026
"Of the 'Star Trek' actors listed here, tap only the ones who were in the original '60s series.",multi_tap,"D,E",Patrick Stewart,Scott Bakula,Chris Pine,William Shatner,Leonard Nimoy,Whoopi Goldberg,Quizsentials,,False,17 Jul 2026,Bonus Round - 10 Multi Tap Questions.sqt,1,17 Jul 2026
Tap only the countries that border Switzerland.,multi_tap,"A,B,C,D",France,Italy,Germany,Austria,Hungary,Belgium,Quizsentials,,False,17 Jul 2026,Bonus Round - 10 Multi Tap Questions.sqt,1,17 Jul 2026
Tap only the footballers who were in the France squad that won the 2018 FIFA World Cup.,multi_tap,"A,B,C,D,E,F",Kylian Mbappé,Raphaël Varane,Olivier Giroud,Antoine Griezmann,Hugo Lloris,N'Golo Kanté,Quizsentials,,False,17 Jul 2026,Bonus Round - 10 Multi Tap Questions.sqt,1,17 Jul 2026
Tap only the species that can be found in the Sahara Desert.,multi_tap,"A,B,C,E",Dromedary camel,Fennec Fox,African desert warbler,Leopard,Sand viper,Zebra,Quizsentials,,False,17 Jul 2026,Bonus Round - 10 Multi Tap Questions.sqt,1,17 Jul 2026
"Of the video games listed here, tap only the ones predominantly set in the past.",multi_tap,"A,B,C",Red Dead Redemption,Call of Duty: World At War,Assassin's Creed: Black Flag,Detroit: Become Human,Horizon Zero Dawn,Mass Effect,Quizsentials,,False,17 Jul 2026,Bonus Round - 10 Multi Tap Questions.sqt,1,17 Jul 2026
Tap only the letters that the main boy character in 'Toy Story' wrote (or tried to write) on the bottom of Woody's right boot?,multi_tap,"B,C,E,F",J,A,N,B,D,Y,Quizsentials,,False,17 Jul 2026,Bonus Round - 10 Multi Tap Questions.sqt,1,17 Jul 2026
Tap only the bands from Sweden.,multi_tap,"A,B,C,E,F",The Hives,Swedish House Mafia,Roxette,5 Seconds of Summer,Ace of Base,ABBA,Quizsentials,,False,17 Jul 2026,Bonus Round - 10 Multi Tap Questions.sqt,1,17 Jul 2026
"Of these biblical women, tap only the ones from the Old Testament.",multi_tap,"B,C,E,F",Mary Magdalene,Delilah,Esther,Martha,Eve,Hagar,Quizsentials,,False,16 Jul 2026,Bonus Round - 10 Multi Tap Questions.sqt,1,16 Jul 2026
"Of these legendary cricketers, tap only the Australians.",multi_tap,"B,C,D,E",Gary Sobers,Don Bradman,Allan Border,Shane Warne,Steve Waugh,Courtney Walsh,Quizsentials,,False,16 Jul 2026,Bonus Round - 10 Multi Tap Questions.sqt,1,16 Jul 2026
"Of these boxing opponents of Jake Paul, tap only the ones who had previously fought in the UFC.",multi_tap,"C,E,F",Tommy Fury,Anthony Joshua,Nate Diaz,Mike Tyson,Ben Askren,Tyron Woodley,Quizsentials,,False,16 Jul 2026,Bonus Round - 10 Multi Tap Questions.sqt,1,16 Jul 2026
"Of the TV shows listed here, tap only the ones predominantly set in schools.",multi_tap,"C,D",Suits,Severance,Abbott Elementary,Glee,Ted Lasso,Grey's Anatomy,Quizsentials,,False,16 Jul 2026,Bonus Round - 10 Multi Tap Questions.sqt,1,16 Jul 2026
"Of the YouTubers listed here, tap only the ones who are younger than MrBeast.",multi_tap,"A,E",IShowSpeed,PewDiePie,Logan Paul,Markiplier,Kai Cenat,KSI,Quizsentials,,False,16 Jul 2026,Bonus Round - 10 Multi Tap Questions.sqt,1,16 Jul 2026
"Of the cats listed here, tap only the ones that typically have spots.",multi_tap,"A,B,C,D",Cheetah,Bengal cat,Leopard,Jaguar,Siamese cat,Sphynx cat,Quizsentials,,False,16 Jul 2026,Bonus Round - 10 Multi Tap Questions.sqt,1,16 Jul 2026
Tap only the names of the Pink Ladies from the film 'Grease'.,multi_tap,"A,B,C,E",Rizzo,Jan,Marty,Dotty,Frenchy,Blanche,Quizsentials,,False,16 Jul 2026,Bonus Round - 10 Multi Tap Questions.sqt,1,16 Jul 2026
Tap only the palindromes.,multi_tap,"C,D,F",Foolproof,Detected,Rotator,Racecar,Barbed,Madam,Quizsentials,,False,16 Jul 2026,Bonus Round - 10 Multi Tap Questions.sqt,2,14 Nov 2025
"Of the Michael Jackson songs listed here, tap only the ones that are title tracks from a studio album.",multi_tap,"B,C,E",Billie Jean,Thriller,Bad,Liberian Girl,Off the Wall,Black or White,Quizsentials,,False,16 Jul 2026,Bonus Round - 10 Multi Tap Questions.sqt,1,16 Jul 2026
"Of the NFL teams listed here, tap only the ones in which the missing word begins with a 'C'.",multi_tap,"A,D",Indianapolis __,New __ Patriots,__ Ravens,Kansas __ Chiefs,__ Commanders,New Orleans __,Quizsentials,,False,26 Jun 2026,Bonus Round - 10 Multi Tap Questions.sqt,1,26 Jun 2026
Tap only the events that took place in 2025.,multi_tap,"B,C,F",Pope Benedict XVI died,Pope Francis died,Katy Perry flew to space,William Shatner flew to space,Tiger Woods achieved his career Grand Slam,Rory McIlroy achieved his career Grand Slam,Quizsentials,,False,26 Jun 2026,Bonus Round - 10 Multi Tap Questions.sqt,3,12 Feb 2026
"Of these kids' TV shows, tap only the ones that originated in Australia.",multi_tap,"B,F",Barney & Friends,Bluey,Ben 10,Arthur,SpongeBob SquarePants,The Wiggles,Quizsentials,,False,26 Jun 2026,Bonus Round - 10 Multi Tap Questions.sqt,1,26 Jun 2026
"Of the creepy crawlies listed here, tap only the ones with six legs.",multi_tap,"A,C",Bee,Centipede,Earwig,Woodlice,Tarantula,Millipede,Quizsentials,,False,26 Jun 2026,Bonus Round - 10 Multi Tap Questions.sqt,1,26 Jun 2026
Tap only the films that are primarily about dancing.,multi_tap,"A,C,D,F",Step Up,Dances with Wolves,Footloose,Flashdance,My Left Foot,Dirty Dancing,Quizsentials,,False,26 Jun 2026,Bonus Round - 10 Multi Tap Questions.sqt,1,26 Jun 2026
Tap only the ingredients in a Big Mac (according to the McDonald's website).,multi_tap,"B,D,F",Sourdough bun,Beef patty,Ketchup,Lettuce,Monterey Jack cheese,Pickle slices,Quizsentials,,False,26 Jun 2026,Bonus Round - 10 Multi Tap Questions.sqt,1,26 Jun 2026
"Of these biblical women, tap only the ones who met Jesus Christ.",multi_tap,"C,D,E",Ruth,Sarah,Virgin Mary,Mary Magdalene,Mary of Bethany,Bathsheba,Quizsentials,,False,26 Jun 2026,Bonus Round - 10 Multi Tap Questions.sqt,1,26 Jun 2026
Tap only the letters that are worth exactly eight points in the standard English edition of Scrabble.,multi_tap,"A,B",J,X,C,R,Y,P,Quizsentials,,False,26 Jun 2026,Bonus Round - 10 Multi Tap Questions.sqt,1,26 Jun 2026
Tap the letters that appear only once in the spelling of the word 'punctuation'?,multi_tap,"A,C,E",P,N,I,T,O,U,Quizsentials,,False,24 May 2026,Bonus Round - 10 Multi Tap Questions.sqt,2,18 Apr 2025
"Of the TV shows listed here, tap only the ones set in a post-apocalyptic world.",multi_tap,"A,C,F",The Last of Us,Hannibal,Fallout,Stranger Things,Yellojackets,The Walking Dead,Quizsentials,,False,24 May 2026,Bonus Round - 10 Multi Tap Questions.sqt,1,24 May 2026
"Of the 'Star Wars' movies listed here, tap only the ones that are set before the original movie.",multi_tap,"C,E",The Empire Strikes Back,The Force Awakens,The Phantom Menace,Return of the Jedi,Attack of the Clones,The Rise of Skywalker,Quizsentials,,False,24 May 2026,Bonus Round - 10 Multi Tap Questions.sqt,1,24 May 2026
"In science, tap the four fundamental forces that govern aerodynamics and flight.",multi_tap,"A,B,C,D",Lift,Weight,Thrust,Drag,Height,Fire,Quizsentials,,False,24 May 2026,Bonus Round - 10 Multi Tap Questions.sqt,1,24 May 2026
Tap only the names of boy bands.,multi_tap,"A,B,C,D",BTS,Take That,Another Level,One Direction,All Saints,FLO,Quizsentials,,False,24 May 2026,Bonus Round - 10 Multi Tap Questions.sqt,1,24 May 2026
"Of the sprinters listed here, tap only the ones that have won an Olympic gold medal in the 100m.",multi_tap,"A,B,D,F",Noah Lyles,Usain Bolt,Yohan Blake,Carl Lewis,Fred Kerley,Justin Gatlin,Quizsentials,,False,24 May 2026,Bonus Round - 10 Multi Tap Questions.sqt,1,24 May 2026
Tap only the American fashion brands.,multi_tap,A,Coach,Paul Smith,Stella McCartney,Wales Bonner,Reiss,Dr Martens,Quizsentials,,False,24 May 2026,Bonus Round - 10 Multi Tap Questions.sqt,1,24 May 2026
"Of the handbags listed here, tap only the ones with a bamboo handle.",multi_tap,"B,F",Kelly by Hermès,Diana by Gucci,Galleria by Prada,First by Fendi,Saddle by Dior,Bamboo 1947 by Gucci,Quizsentials,,False,24 May 2026,Bonus Round - 10 Multi Tap Questions.sqt,1,24 May 2026
Tap the actors who appeared in the 2009 film 'The Hangover'.,multi_tap,"A,C,E,F",Bradley Cooper,Steve Carell,Ed Helms,Sacha Baron Cohen,Ken Jeong,Zach Galifianakis,Quizsentials,,False,6 Sep 2026,Bonus Round - 10 Multi Tap Questions.sqt,1,6 Sep 2026
"Of the TV shows listed here, tap only the ones that are based on comic books/graphic novels.",multi_tap,"B,D",Breaking Bad,The Boys,Bridgerton,The Umbrella Academy,Euphoria,Parks and Recreation,Quizsentials,,False,6 Sep 2026,Bonus Round - 10 Multi Tap Questions.sqt,1,6 Sep 2026
"With regard to the Premier League's official Fantasy Football competition, tap only the players who cost more than £9m at the start of the current season.",multi_tap,"D,E",Joao Pedro,Matheus Cunha,Alexander Isak,Kai Havertz,Cole Palmer,Rayan Cherki,Quizsentials,,False,6 Sep 2026,Bonus Round - 10 Multi Tap Questions.sqt,1,6 Sep 2026
"Of these Beatles songs, tap only those that appear on the album 'Abbey Road'.",multi_tap,"A,C,D,F",Come Together,Yellow Submarine,Here Comes The Sun,Octopus's Garden,Hey Jude,Something,Quizsentials,,False,6 Sep 2026,Bonus Round - 10 Multi Tap Questions.sqt,1,6 Sep 2026
"Of these typefaces, tap only those that are included with Microsoft Windows.",multi_tap,"B,C,D,F",Helvetica,Arial,Comic Sans MS,Times New Roman,Futura,Wingdings,Quizsentials,,False,6 Sep 2026,Bonus Round - 10 Multi Tap Questions.sqt,2,6 Sep 2026
Tap only the countries where Portuguese is an official language.,multi_tap,"A,B,E",Mozambique,Brazil,Argentina,Morocco,Portugal,Mexico,Quizsentials,,False,6 Sep 2026,Bonus Round - 10 Multi Tap Questions.sqt,2,23 Jul 2025
Tap only the countries whose capital cities have exactly five letters in their name.,multi_tap,"A,B,C,F",Morocco,France,Nigeria,Wales,Ukraine,Egypt,Quizsentials,,False,6 Sep 2026,Bonus Round - 10 Multi Tap Questions.sqt,2,26 Jun 2025
Tap only the landmarks in South America.,multi_tap,"A,C,D,E",Machu Picchu,Acropolis,Angel Falls,Christ the Redeemer,Iguazu Falls,Victoria Falls,Quizsentials,,False,12 Dec 2025,Bonus Round - 10 Multi Tap Questions.sqt,1,12 Dec 2025
Tap only the places in which 'CSI' TV shows are set.,multi_tap,"D,F",Kansas City,Chicago,London,Miami,Phoenix,"Washington, DC",Quizsentials,,False,12 Dec 2025,Bonus Round - 10 Multi Tap Questions.sqt,1,12 Dec 2025
Tap only the musicians who have passed away in 2025.,multi_tap,"A,C,F",Ozzy Osbourne,Tina Turner,Brian Wilson,Burt Bacharach,Sinéad O'Connor,Sly Stone,Quizsentials,,False,12 Dec 2025,Bonus Round - 10 Multi Tap Questions.sqt,1,12 Dec 2025
Tap only the dishes you'd typically see on a Chinese restaurant menu.,multi_tap,"B,C,F",Lamb karahi,Beef in oyster sauce,Char siu,Khao pad,Massaman curry,Sweet and sour chicken,Quizsentials,,False,12 Dec 2025,Bonus Round - 10 Multi Tap Questions.sqt,1,12 Dec 2025
Tap only the countries that have hosted or co-hosted a FIFA World Cup.,multi_tap,"B,C,D,F",Belgium,Germany,Japan,Mexico,Morocco,South Africa,Quizsentials,,False,12 Dec 2025,Bonus Round - 10 Multi Tap Questions.sqt,2,13 Apr 2025
Tap only the letters that are on the top row of a standard QWERTY keyboard.,multi_tap,"A,B,C,D,F",Q,R,P,T,F,I,Quizsentials,,False,12 Dec 2025,Bonus Round - 10 Multi Tap Questions.sqt,1,12 Dec 2025
Tap only the Shakespeare plays that are primarily set in England.,multi_tap,"A,C,E",The Merry Wives of Windsor,All's Well That Ends Well,Richard III,Macbeth,Henry V,Hamlet,Quizsentials,,False,12 Dec 2025,Bonus Round - 10 Multi Tap Questions.sqt,1,12 Dec 2025
Tap only the children of Donald Trump.,multi_tap,"A,C,D,F",Donald Trump Jr,Melania Trump,Ivanka Trump,Eric Trump,Ivana Trump,Barron Trump,Quizsentials,,False,12 Dec 2025,Bonus Round - 10 Multi Tap Questions.sqt,2,16 Feb 2025
Tap only the species of bird.,multi_tap,"A,B,E",Osprey,Cormorant,Gnu,Tapir,Loon,Peccary,Quizsentials,,False,25 Jan 2026,Bonus Round - 10 Multi Tap Questions.sqt,1,25 Jan 2026
"Of the racing drivers listed here, tap only the non-Europeans.",multi_tap,"C,D",Max Verstappen,Charles Leclerc,Lance Stroll,Oscar Piastri,Ollie Bearman,Fernando Alonso,Quizsentials,,False,25 Jan 2026,Bonus Round - 10 Multi Tap Questions.sqt,2,12 Jun 2025
Tap only the British boy bands.,multi_tap,"A,C,E",East 17,New Kids on the Block,Five,Westlife,911,BTS,Quizsentials,,False,25 Jan 2026,Bonus Round - 10 Multi Tap Questions.sqt,1,25 Jan 2026
Tap only the actors that appeared in the 2006 movie 'The Departed'.,multi_tap,"A,B,D",Mark Wahlberg,Matt Damon,Ben Affleck,Leonardo DiCaprio,Johnny Depp,George Clooney,Quizsentials,,False,25 Jan 2026,Bonus Round - 10 Multi Tap Questions.sqt,1,25 Jan 2026
Tap only the names of battles that took place during the Second World War.,multi_tap,"A,E",Battle of Britain,Battle of Waterloo,Battle of the Somme,Battle of Gettysburg,Battle of Stalingrad,Battle of the Little Big Horn,Quizsentials,,False,25 Jan 2026,Bonus Round - 10 Multi Tap Questions.sqt,2,25 Feb 2025
Tap only the countries that border Italy.,multi_tap,"A,E",Slovenia,Slovakia,Serbia,Spain,Austria,Germany,Quizsentials,,False,25 Jan 2026,Bonus Round - 10 Multi Tap Questions.sqt,1,25 Jan 2026
Tap only the characters from 'Friends' that dated Rachel Green.,multi_tap,"A,C,E",Ross Geller,Richard Burke,Joey Tribbiani,Mike Hannigan,Tag Jones,Gunther,Quizsentials,,False,25 Jan 2026,Bonus Round - 10 Multi Tap Questions.sqt,1,25 Jan 2026
"Of these celebrities, tap only the ones known for dating Katy Perry.",multi_tap,"B,C,E",Johnny Depp,Justin Trudeau,Orlando Bloom,Ben Affleck,Russell Brand,Kim Jong Un,Quizsentials,,False,17 Mar 2026,Bonus Round - 10 Multi Tap Questions.sqt,1,17 Mar 2026
"Out of these famous people, tap only the blood relatives of at least one other person in the list.",multi_tap,"A,B,C,D",Michael Jackson,Janet Jackson,Quincy Jones,Rashida Jones,King Charles,Ray Charles,Quizsentials,,False,17 Mar 2026,Bonus Round - 10 Multi Tap Questions.sqt,1,17 Mar 2026
"Of the countries listed here, tap only the ones whose name is spelled the same in English as it is in the native language.",multi_tap,"A,D,E",France,Spain,Denmark,Canada,Costa Rica,Switzerland,Quizsentials,,False,17 Mar 2026,Bonus Round - 10 Multi Tap Questions.sqt,1,17 Mar 2026
Tap only the names of playable characters from the 'Red Dead Redemption' games.,multi_tap,"A,B,D",John Marston,Jack Marston,Dutch van der Linde,Arthur Morgan,Micah Bell,Bill Williamson,Quizsentials,,False,17 Mar 2026,Bonus Round - 10 Multi Tap Questions.sqt,1,17 Mar 2026
"Of these European countries, tap only the ones with a larger population than the United Kingdom.",multi_tap,"A,F",Germany,Italy,Latvia,Netherlands,Spain,Russia,Quizsentials,,False,17 Mar 2026,Bonus Round - 10 Multi Tap Questions.sqt,1,17 Mar 2026
Tap only the actors who appeared in 'The Shawshank Redemption'.,multi_tap,"A,B,C",Tim Robbins,Morgan Freeman,William Sadler,Kevin Costner,Paul Reubens,Tom Hanks,Quizsentials,,False,17 Mar 2026,Bonus Round - 10 Multi Tap Questions.sqt,1,17 Mar 2026
Tap only the names of celebrities from the TV show 'Jackass'.,multi_tap,"A,C,F",Steve-O,Bret Hart,Johnny Knoxville,Shawn Michaels,Bam Bam Bigelo,Bam Margera,Quizsentials,,False,11 Jan 2026,Bonus Round - 10 Multi Tap Questions.sqt,1,11 Jan 2026
"Of the Irish drinks listed here, tap only the whiskeys.",multi_tap,"D,E,F",Baileys,Murphy's,Kilkenny,Bushmills,Jameson,Redbreast,Quizsentials,,False,11 Jan 2026,Bonus Round - 10 Multi Tap Questions.sqt,1,11 Jan 2026
Tap only the countries that border China.,multi_tap,"A,B,C,D",Mongolia,India,Nepal,Pakistan,Thailand,Bangladesh,Quizsentials,,False,11 Jan 2026,Bonus Round - 10 Multi Tap Questions.sqt,1,11 Jan 2026
Tap only the places that have an NFL team named after animals.,multi_tap,"E,F",Minnesota,New York,Cleveland,Pittsburgh,Chicago,Detroit,Quizsentials,,False,11 Jan 2026,Bonus Round - 10 Multi Tap Questions.sqt,1,11 Jan 2026
Tap only the names of characters from the musical 'Grease'.,multi_tap,"A,B,C,D,E,F",Frenchy,Doody,Rizzo,Sandy,Kenickie,Marty,Quizsentials,,False,11 Jan 2026,Bonus Round - 10 Multi Tap Questions.sqt,1,11 Jan 2026
"Of the creatures listed here, tap only the ones classed as molluscs.",multi_tap,"A,C,E,F",Snail,Jellyfish,Giant squid,Sea urchin,Octopus,Slug,Quizsentials,,False,11 Jan 2026,Bonus Round - 10 Multi Tap Questions.sqt,1,11 Jan 2026
Tap only the words than can be both a noun and a verb.,multi_tap,"A,B,C,D,E,F",Fry,Attack,Book,Drink,Park,Exit,Quizsentials,,False,11 Jan 2026,Bonus Round - 10 Multi Tap Questions.sqt,3,27 Jun 2025
Tap only the historical figures who were notable during the Second World War.,multi_tap,"A,E,F",Joseph Goebbels,Vladimir Lenin,Florence Nightingale,Colonel Gaddafi,Winston Churchill,Benito Mussolini,Quizsentials,,False,11 Jan 2026,Bonus Round - 10 Multi Tap Questions.sqt,1,11 Jan 2026
"Of these Ukrainian sportsmen, tap only the boxers.",multi_tap,"C,E,F",Mykhailo Mudryk,Oleksandr Zinchenko,Oleksandr Usyk,Andriy Shevchenko,Vasiliy Lomachenko,Wladimir Klitschko,Quizsentials,,False,11 Jan 2026,Bonus Round - 10 Multi Tap Questions.sqt,1,11 Jan 2026
"Of the movies listed here, tap only the ones that won the Academy Award for Best Picture.",multi_tap,"A,B,C,F",Forrest Gump,Gladiator,Oppenheimer,Pulp Fiction,Saving Private Ryan,The Shape of Water,Quizsentials,,False,18 Feb 2025,Bonus Round - 10 Multi Tap Questions.sqt,2,6 Jun 2025
Tap only the companies that Elon Musk has founded or been the CEO of.,multi_tap,"A,B,C,D,E,F",SpaceX,Tesla,Paypal (formerly x.com),Neuralink,The Boring Company,X (formerly Twitter),Quizsentials,,False,18 Feb 2025,Bonus Round - 10 Multi Tap Questions.sqt,2,18 Sep 2025
Tap only the golfers who have won the Masters.,multi_tap,"C,D,E",Rory McIlroy,Colin Montgomerie,Scottie Scheffler,Nick Faldo,Tiger Woods,Ernie Els,Quizsentials,,False,18 Feb 2025,Bonus Round - 10 Multi Tap Questions.sqt,1,18 Feb 2025
Tap only the girls that are mentioned in the lyrics to 'California Girls' by The Beach Boys.,multi_tap,"A,E",East Coast girls,Mississippi girls,New England girls,New York girls,Southern girls,Texas girls,Quizsentials,,False,18 Feb 2025,Bonus Round - 10 Multi Tap Questions.sqt,1,18 Feb 2025
"In the world of winemaking, tap only the countries/regions that are classed as Old World wine regions, as opposed to New World.",multi_tap,"A,E,F",Italy,California,South Africa,"Marlborough, New Zealand",Germany,Spain,Quizsentials,,False,18 Feb 2025,Bonus Round - 10 Multi Tap Questions.sqt,2,26 Nov 2025
Tap only the parables of Jesus Christ.,multi_tap,"B,C,E,F",The Tortoise and the Hare,The Good Samaritan,The Prodigal Son,The Boy Who Cried Wolf,The Lost Sheep,The Pharisee and the Tax Collector,Quizsentials,,False,18 Feb 2025,Bonus Round - 10 Multi Tap Questions.sqt,2,17 Dec 2025
"Of the American cities listed here, tap only the state capitals.",multi_tap,"A,B,E","Honolulu, Hawaii","Juneau, Alaska","Seattle, Washington","Portland, Oregon","Helena, Montana","Colorado Springs, Colorado",Quizsentials,,False,30 May 2025,Bonus Round - 10 Multi Tap Questions.sqt,2,10 Aug 2026
Tap only the historical figures that were born after 1 AD.,multi_tap,"C,D",Moses,Socrates,Attila the Hun,Alfred the Great,Alexander the Great,Tutankhamun,Quizsentials,,False,30 May 2025,Bonus Round - 10 Multi Tap Questions.sqt,2,12 May 2026
Tap only the things you would expect to see in a standard kitchen.,multi_tap,"A,B,E",Sink,Fridge,Shower,Bed,Oven,Tree,Quizsentials,,False,30 May 2025,Bonus Round - 10 Multi Tap Questions.sqt,1,30 May 2025
Tap only the events that have taken place this year.,multi_tap,"B,C,F",Pope Benedict XVI died,Pope Francis died,Katy Perry flew to space,William Shatner flew to space,Tiger Woods achieved his career Grand Slam,Rory McIlroy achieved his career Grand Slam,Quizsentials,,False,30 May 2025,Bonus Round - 10 Multi Tap Questions.sqt,1,30 May 2025
Tap only the James Bond films that starred Timothy Dalton.,multi_tap,"D,E",Live and Let Die,A View to A Kill,The Spy Who Loved Me,Licence to Kill,The Living Daylights,Never Say Never Again,Quizsentials,,False,30 May 2025,Bonus Round - 10 Multi Tap Questions.sqt,1,30 May 2025
"Of these famous musicians, tap only the ones who are Canadian.",multi_tap,"A,C,D,E",Drake,Kendrick Lamar,The Weeknd,Justin Bieber,Avril Lavigne,Madonna,Quizsentials,,False,30 May 2025,Bonus Round - 10 Multi Tap Questions.sqt,1,30 May 2025
Tap only the substances that are non-toxic if ingested by humans.,multi_tap,"A,C,D",Ascorbic acid,Ricin,Riboflavin,Folic acid,Strychnine,Potassium cyanide,Quizsentials,,False,30 May 2025,Bonus Round - 10 Multi Tap Questions.sqt,2,10 Apr 2026
Tap only the sports that typically start with a sprint/run.,multi_tap,"A,B,D,E,F",Bobsleigh,110m hurdles,Luge,Skeleton,Long jump,Pole vault,Quizsentials,,False,22 Mar 2026,Bonus Round - 10 Multi Tap Questions.sqt,1,22 Mar 2026
Tap only the cities in the Republic of Ireland.,multi_tap,"A,B,D,E",Waterford,Kilkenny,Newry,Cork,Galway,Armagh,Quizsentials,,False,22 Mar 2026,Bonus Round - 10 Multi Tap Questions.sqt,1,22 Mar 2026
Tap only the celebrities who have hosted the Academy Awards Ceremony.,multi_tap,"A,B,D",Hugh Jackman,Billy Crystal,Dustin Hoffman,Ellen DeGeneres,Tom Cruise,Tom Hanks,Quizsentials,,False,22 Mar 2026,Bonus Round - 10 Multi Tap Questions.sqt,1,22 Mar 2026
Tap only the names of musicians who were in the definitive line-up of the band Nirvana.,multi_tap,"A,B,E",Kurt,Krist,Taylor,Nate,Dave,Rami,Quizsentials,,False,22 Mar 2026,Bonus Round - 10 Multi Tap Questions.sqt,1,22 Mar 2026
"Of the influencers listed here, tap only the ones born in the USA.",multi_tap,"A,B,D",Olivia Jade,Charli D'Amelio,NikkieTutorials,James Charles,Lele Pons,Bretman Rock,Quizsentials,,False,22 Mar 2026,Bonus Round - 10 Multi Tap Questions.sqt,2,2 May 2025
Tap the places that (currently) belong to the Kingdom of Denmark.,multi_tap,"B,C,D,E",Oslo,Greenland,Copenhagen,Faroe Islands,Denmark,Shetland Islands,Quizsentials,,False,22 Mar 2026,Bonus Round - 10 Multi Tap Questions.sqt,1,22 Mar 2026
Tap only the bug-type Pokémon.,multi_tap,"A,B",Butterfree,Venomoth,Blastoise,Snorlax,Eevee,Hitmonchan,Quizsentials,,False,6 Aug 2026,Bonus Round - 10 Multi Tap Questions.sqt,2,6 Aug 2026
Tap only the Irish/Northern Irish bands.,multi_tap,"A,B,E,F",Thin Lizzy,The Cranberries,Led Zeppelin,Imagine Dragons,U2,Kneecap,Quizsentials,,False,6 Aug 2026,Bonus Round - 10 Multi Tap Questions.sqt,1,6 Aug 2026
"With regard to the Disney Pixar franchise, tap only the car characters that feature in the 'Cars' film franchise.",multi_tap,"A,B,E,F",Lightning McQueen,Doc Hudson,KITT,Herbie,Cruz Ramirez,Jackson Storm,Quizsentials,,False,6 Aug 2026,Bonus Round - 10 Multi Tap Questions.sqt,1,6 Aug 2026
Tap only the companies that have been Manchester City's main shirt sponsor.,multi_tap,"A,B,C",Etihad,Brother,Thomas Cook,Manchester Evening News,Vimto,Vodafone,Quizsentials,,False,6 Aug 2026,Bonus Round - 10 Multi Tap Questions.sqt,1,6 Aug 2026
"Of the Christian holy sites listed here, tap only the ones in the so-called 'Holy Land'.",multi_tap,"C,D",Santiago de Compostela,St Peter's Basilica,Church of the Holy Sepulchre (Church of the Holy Resurrection),Church of the Nativity,Sistine Chapel,Vatican Palace,Quizsentials,,False,6 Aug 2026,Bonus Round - 10 Multi Tap Questions.sqt,1,6 Aug 2026
"Of the TV shows listed here, tap only the ones that premiered in the 2020s.",multi_tap,"A,B,C",Tiger King,The Bear,House of the Dragon,BoJack Horseman,Boardwalk Empire,The Good Place,Quizsentials,,False,6 Aug 2026,Bonus Round - 10 Multi Tap Questions.sqt,1,6 Aug 2026
"Of the ingredients listed here, tap only the ones that are in the BBC Good Food Guide's recipe for a 'real Spanish omelette'.",multi_tap,"A,B,C",New potatoes,Eggs,Onion,Red pepper,Chorizo,Manchego cheese,Quizsentials,,False,6 Aug 2026,Bonus Round - 10 Multi Tap Questions.sqt,2,27 Jun 2025
"Of the substances listed here, tap only the alloys containing gold.",multi_tap,"A,C",Rose gold,Fool's gold,Electrum,Solder,Sterling silver,Bronze,Quizsentials,,False,6 Aug 2026,Bonus Round - 10 Multi Tap Questions.sqt,1,6 Aug 2026
Tap only the countries that reached the semi-finals of this summer's FIFA World Cup.,multi_tap,"A,D,E,F",France,Portugal,Brazil,Spain,Argentina,England,Quizsentials,,False,7 Aug 2026,Bonus Round - 10 Multi Tap Questions.sqt,1,7 Aug 2026
Tap only the female 'Game of Thrones' characters.,multi_tap,"A,C,D,E",Ygritte,Roose Bolton,Daenerys Targaryen,Missandei,Arya Stark,Grey Worm,Quizsentials,,False,7 Aug 2026,Bonus Round - 10 Multi Tap Questions.sqt,1,7 Aug 2026
Tap only the birds mentioned in the King James Version of the Bible.,multi_tap,"A,B,D",Raven,Vulture,Robin,Eagle,Dodo,Emu,Quizsentials,,False,7 Aug 2026,Bonus Round - 10 Multi Tap Questions.sqt,1,7 Aug 2026
"Of the mountains listed here, tap only the ones that are the highest on their respective continents.",multi_tap,"B,C,F",Ben Nevis,Denali,Kilimanjaro,The Matterhorn,Mont Blanc,Mount Everest,Quizsentials,,False,7 Aug 2026,Bonus Round - 10 Multi Tap Questions.sqt,2,1 Jun 2025
Tap only the bands or artists who have released a studio album with the word 'Black' in the title.,multi_tap,"B,C,D,E",The Beatles,Jay-Z,Amy Winehouse,AC/DC,My Chemical Romance,Taylor Swift,Quizsentials,,False,7 Aug 2026,Bonus Round - 10 Multi Tap Questions.sqt,1,7 Aug 2026
Tap only the horror films that are based on Stephen King novels.,multi_tap,D,The Evil Dead,A Nightmare on Elm Street,Rosemary's Baby,The Shining,The Exorcist,Saw,Quizsentials,,False,7 Aug 2026,Bonus Round - 10 Multi Tap Questions.sqt,1,7 Aug 2026
"Of the scientists listed here, tap only the ones who discovered at least one element.",multi_tap,"C,E,F",Isaac Newton,Alessandro Volta,Daniel Rutherford,Louis Pasteur,Marie Curie,Ernest Rutherford,Quizsentials,,False,7 Aug 2026,Bonus Round - 10 Multi Tap Questions.sqt,1,7 Aug 2026
"Of the video games listed here, tap only the ones released before the Covid-19 lockdowns.",multi_tap,"A,E,F",Red Dead Redemption 2,Elden Ring,Baldur's Gate 3,The Last of Us Part II,The Legend of Zelda: Breath of the Wild,Hollow Knight,Quizsentials,,False,7 Aug 2026,Bonus Round - 10 Multi Tap Questions.sqt,2,7 Aug 2026
Tap only the animals that typically stand taller than a fully grown male ostrich.,multi_tap,"D,E",Human,Gorilla,Zebra,Giraffe,Elephant,Hippo,Quizsentials,,False,7 Aug 2026,Bonus Round - 10 Multi Tap Questions.sqt,1,7 Aug 2026
Tap only the chemical elements that are in a molecule of ethanol.,multi_tap,"A,C,D",Carbon,Helium,Oxygen,Hydrogen,Silver,Potassium,Quizsentials,,False,1 Apr 2026,Bonus Round - 10 Multi Tap Questions.sqt,2,22 May 2025
"Of the people listed here, tap only the ones born in Ireland.",multi_tap,"A,C,D,F",Bono,Michael Flatley,Arthur Guinness,Enya,Michael Fassbender,George Bernard Shaw,Quizsentials,,False,1 Apr 2026,Bonus Round - 10 Multi Tap Questions.sqt,2,11 May 2025
"Of these former countries, tap only the ones that split apart, as opposed to merging with other countries.",multi_tap,"C,D,F",West Germany,Zanzibar,Yugoslavia,Czechoslovakia,Tanganyika,United Kingdom of Great Britain and Ireland,Quizsentials,,False,1 Apr 2026,Bonus Round - 10 Multi Tap Questions.sqt,1,1 Apr 2026
"Of the movies listed here, tap only the ones starring Chris Hemsworth.",multi_tap,"A,B,C,F",Thor: The Dark World,Men In Black: International,Extraction,The Hunger Games,Independence Day: Resurgence,Snow White and the Huntsman,Quizsentials,,False,1 Apr 2026,Bonus Round - 10 Multi Tap Questions.sqt,1,1 Apr 2026
Tap only the things that Ed Sheeran has tattooed on his body.,multi_tap,"A,B,C,D,E,F",Pingu,Lego head,Puss in Boots,Heinz Tomato Ketchup,Boxing gloves,Rose,Quizsentials,,False,1 Apr 2026,Bonus Round - 10 Multi Tap Questions.sqt,1,1 Apr 2026
Tap only the countries that are among the top five producers of tea in the world.,multi_tap,"B,C,D",Russia,China,India,Kenya,Japan,Egypt,Quizsentials,,False,1 Apr 2026,Bonus Round - 10 Multi Tap Questions.sqt,1,1 Apr 2026
"Of the card games listed here, tap only the ones that use a standard 52-card deck.",multi_tap,"B,C,F",Magic: The Gathering,Cribbage,Texas hold 'em poker,Uno,Cards Against Humanity,Whist,Quizsentials,,False,1 Apr 2026,Bonus Round - 10 Multi Tap Questions.sqt,1,1 Apr 2026
"Of the models of car listed here, tap only the hatchbacks.",multi_tap,"C,D",Skoda Elroq,BMW X3,Renault Clio,Volkswagen Golf,Nissan Qashqai,Land Rover Defender,Quizsentials,,False,1 Apr 2026,Bonus Round - 10 Multi Tap Questions.sqt,1,1 Apr 2026
"Of the materials listed here, tap only the ones that come from animals.",multi_tap,"A,C,D",Silk,Hemp,Leather,Wool,Cotton,Spandex,Quizsentials,,False,10 May 2026,Bonus Round - 10 Multi Tap Questions.sqt,1,10 May 2026
"Of these famous racing drivers, tap only those who have been Formula One champions.",multi_tap,"B,C,E,F",Felipe Massa,Sebastian Vettel,Ayrton Senna,Rubens Barrichello,Michael Schumacher,Jacques Villeneuve,Quizsentials,,False,10 May 2026,Bonus Round - 10 Multi Tap Questions.sqt,1,10 May 2026
"Of the cats listed here, tap the ones that appear in Walt Disney movies.",multi_tap,"A,F",Duchess,Garfield,Sylvester,The Cat in the Hat,Smudge,Yzma,Quizsentials,,False,10 May 2026,Bonus Round - 10 Multi Tap Questions.sqt,1,10 May 2026
Tap only the pop stars who are British.,multi_tap,"A,B,C",Adele,Ed Sheeran,Harry Styles,Billie Eilish,Ariana Grande,Justin Bieber,Quizsentials,,False,10 May 2026,Bonus Round - 10 Multi Tap Questions.sqt,1,10 May 2026
Tap only the US states that border California.,multi_tap,"A,B,C",Arizona,Oregon,Nevada,Wyoming,Texas,Nebraska,Quizsentials,,False,10 May 2026,Bonus Round - 10 Multi Tap Questions.sqt,1,10 May 2026
Tap only the parts of the brain.,multi_tap,"C,E,F",Right ventricle,Superior vena cava,Frontal lobe,Left atrium,Cerebral cortex,Pituitary gland,Quizsentials,,False,10 May 2026,Bonus Round - 10 Multi Tap Questions.sqt,3,1 Jun 2025
Tap only the musical acts that are mentioned in the lyrics of the Billy Joel song 'We Didn't Start the Fire'.,multi_tap,"C,D,E,F",Chuck Berry,The Rolling Stones,Buddy Holly,Chubby Checker,Elvis Presley,U2,Quizsentials,,False,19 Apr 2026,Bonus Round - 10 Multi Tap Questions.sqt,1,19 Apr 2026
"Of these YouTubers and streamers, tap only the ones particularly known for their 'Minecraft' content.",multi_tap,"B,C,D",IShowSpeed,TommyInnit,Technoblade,DanTDM,Kai Cenat,Sodapoppin,Quizsentials,,False,19 Apr 2026,Bonus Round - 10 Multi Tap Questions.sqt,1,19 Apr 2026
Tap only the movies that star Emma Stone.,multi_tap,"A,B,C,D,E,F",Poor Things,Cruella,"Crazy, Stupid, Love",Zombieland,La La Land,The Help,Quizsentials,,False,19 Apr 2026,Bonus Round - 10 Multi Tap Questions.sqt,1,19 Apr 2026
Tap only the chemical elements that are in a molecule of sulfuric acid.,multi_tap,"A,B,D",Oxygen,Sulfur,Carbon,Hydrogen,Nitrogen,Chlorine,Quizsentials,,False,19 Apr 2026,Bonus Round - 10 Multi Tap Questions.sqt,2,12 Jun 2025
"Of these capital cities, tap only the ones whose countries have exactly six letters in their name.",multi_tap,"A,B,E",Oslo,Ottawa,Lima,Wellington,Paris,Budapest,Quizsentials,,False,19 Apr 2026,Bonus Round - 10 Multi Tap Questions.sqt,1,19 Apr 2026
"Of the 'Grand Theft Auto' characters listed here, tap only the ones that first appeared in 'GTA V'?",multi_tap,"A,D,E",Franklin Clinton,Carl Johnson,Tommy Vercetti,Trevor Philips,Michael De Santa,Niko Bellic,Quizsentials,,False,19 Apr 2026,Bonus Round - 10 Multi Tap Questions.sqt,1,19 Apr 2026
"Of the movies listed here, tap only the ones that star both Al Pacino and Robert De Niro.",multi_tap,"C,D",Casino,The Godfather,The Godfather Part II,Heat,La Cage aux Folles,Scarface,Quizsentials,,False,19 Apr 2026,Bonus Round - 10 Multi Tap Questions.sqt,1,19 Apr 2026
"Of these foreign language names, tap only those that are the equivalent of James.",multi_tap,"B,C,D,E",Johannes,Diego,Giacomo,Tiago,Jakob,Gaston,Quizsentials,,False,19 Apr 2026,Bonus Round - 10 Multi Tap Questions.sqt,2,25 Mar 2025
"Of the magazines listed here, tap only the ones primarily about fashion.",multi_tap,"D,E",Forbes,Time,National Geographic,Vogue,Cosmopolitan,Rolling Stone,Quizsentials,,False,8 May 2026,Bonus Round - 10 Multi Tap Questions.sqt,1,8 May 2026
Tap only the bands that have been fronted by Prince.,multi_tap,"A,D,F",The Revolution,The Time,Generation X,The New Power Generation,Third Eye Blind,3rdeyegirl,Quizsentials,,False,8 May 2026,Bonus Round - 10 Multi Tap Questions.sqt,2,27 Feb 2025
"Of the movies listed here, tap only the ones that star Tom Hanks.",multi_tap,"A,B,C,E,F",A Man Called Otto,Captain Phillips,Elvis,Rain Man,Saving Mr Banks,Sully,Quizsentials,,False,8 May 2026,Bonus Round - 10 Multi Tap Questions.sqt,1,8 May 2026
Tap only the animals that can lay eggs.,multi_tap,"A,B,C,D,E",Chicken,Platypus,Snake,Frog,Shark,Cat,Quizsentials,,False,8 May 2026,Bonus Round - 10 Multi Tap Questions.sqt,2,26 Jun 2025
Tap only the names of ghosts in the classic video game 'Pac-Man'?,multi_tap,"A,B,C,F",Blinky,Pinky,Inky,Stinky,Bonnie,Clyde,Quizsentials,,False,8 May 2026,Bonus Round - 10 Multi Tap Questions.sqt,1,8 May 2026
Tap only the names of playing positions in American football.,multi_tap,"C,D",Point guard,Goalkeeper,Running back,Linebacker,Shortstop,Wing-back,Quizsentials,,False,8 May 2026,Bonus Round - 10 Multi Tap Questions.sqt,2,8 May 2026
"Of the TV shows listed here, tap only the ones that premiered before the Covid pandemic.",multi_tap,E,The Last of Us,Ted Lasso,The Pitt,Squid Game,Better Call Saul,Heated Rivalry,Quizsentials,,False,8 May 2026,Bonus Round - 10 Multi Tap Questions.sqt,1,8 May 2026
Tap only the substances that have a lower boiling point than water.,multi_tap,"A,B,E",Ethanol,Methanol,Mercury,Olive oil,Propane,Diesel,Quizsentials,,False,8 May 2026,Bonus Round - 10 Multi Tap Questions.sqt,2,27 Jun 2025
Tap only the video game series that are published by Rockstar Games.,multi_tap,"B,C,F",Call of Duty,Red Dead Redemption,Max Payne,Halo,The Legend of Zelda,Grand Theft Auto,Quizsentials,,False,8 May 2026,Bonus Round - 10 Multi Tap Questions.sqt,1,8 May 2026
"Of these Asian locations, tap only the ones that have a Disneyland theme park.",multi_tap,"A,C,D",Hong Kong,Mumbai,Shanghai,Tokyo,Hanoi,Pyongyang,Quizsentials,,False,12 Jun 2026,Bonus Round - 10 Multi Tap Questions.sqt,2,28 Mar 2025
"Of these comic book characters, tap only the ones from the original line-up of the 'X-Men'.",multi_tap,"A,E,F",Cyclops,Captain America,Mister Fantastic,Black Widow,Beast,Jean Grey,Quizsentials,,False,12 Jun 2026,Bonus Round - 10 Multi Tap Questions.sqt,1,12 Jun 2026
"Of these books of the Bible, tap only the ones that are in the New Testament.",multi_tap,"A,B,C,D",Luke,Acts,1 Corinthians,2 Corinthians,Deuteronomy,Job,Quizsentials,,False,12 Jun 2026,Bonus Round - 10 Multi Tap Questions.sqt,2,27 Jun 2025
"Of the TV shows listed here, tap only the ones predominantly set in Canada.",multi_tap,"B,E",South Park,Schitt's Creek,Twin Peaks,Frasier,Trailer Park Boys,Portlandia,Quizsentials,,False,12 Jun 2026,Bonus Round - 10 Multi Tap Questions.sqt,1,12 Jun 2026
Tap only the singers who appeared on the 1985 charity single 'We Are the World'.,multi_tap,"C,D,F",Bryan Adams,Jon Bon Jovi,Tina Turner,Michael Jackson,Madonna,Lionel Richie,Quizsentials,,False,12 Jun 2026,Bonus Round - 10 Multi Tap Questions.sqt,1,12 Jun 2026
"Of these 'Star Wars' actors, tap only the ones who were born in Scotland.",multi_tap,E,Liam Neeson,Natalie Portman,Mark Hamill,Carrie Fisher,Ewan McGregor,Harrison Ford,Quizsentials,,False,12 Jun 2026,Bonus Round - 10 Multi Tap Questions.sqt,1,12 Jun 2026
"Of the beauty brands listed here, tap the ones primarily known for their skincare products.",multi_tap,"A,D",The Ordinary,CoverGirl,Maybelline,Drunk Elephant,MAC,Glossier,Quizsentials,,False,12 Jun 2026,Bonus Round - 10 Multi Tap Questions.sqt,1,12 Jun 2026
Tap only the names of characters from the 'Resident Evil' series of games.,multi_tap,"A,B,E",Jill Valentine,Nemesis,Solid Snake,Big Boss,Albert Wesker,Raiden,Quizsentials,,False,12 Jun 2026,Bonus Round - 10 Multi Tap Questions.sqt,1,12 Jun 2026
Tap only the Turkish football clubs.,multi_tap,"B,D,E,F",Ferencvaros,Galatasaray,Panathinaikos,Trabzonspor,Fenerbahce,Besiktas,Quizsentials,,False,31 Oct 2025,Bonus Round - 10 Multi Tap Questions.sqt,1,31 Oct 2025
Tap only the solo artists who first found international fame as part of a group.,multi_tap,"B,C,F",Lizzo,Camila Cabello,Beyoncé,Sabrina Carpenter,Adele,Justin Timberlake,Quizsentials,,False,31 Oct 2025,Bonus Round - 10 Multi Tap Questions.sqt,1,31 Oct 2025
Tap only the books by the late British author Frederick Forsyth.,multi_tap,"A,E,F",The Odessa File,All the President's Men,The Hunt for Red October,Catch-22,The Day of the Jackal,The Dogs of War,Quizsentials,,False,31 Oct 2025,Bonus Round - 10 Multi Tap Questions.sqt,1,31 Oct 2025
Tap only the car manufacturers founded in the USA.,multi_tap,"A,B,C",Buick,Dodge,Cadillac,Jaguar,Vauxhall,Lexus,Quizsentials,,False,31 Oct 2025,Bonus Round - 10 Multi Tap Questions.sqt,1,31 Oct 2025
Tap only the songs from the musical 'Les Miserables'.,multi_tap,"A,E,F",Do You Hear the People Sing?,I Feel Pretty,America,Maria,I Dreamed A Dream,One Day More,Quizsentials,,False,31 Oct 2025,Bonus Round - 10 Multi Tap Questions.sqt,1,31 Oct 2025
"Of these three-letter IATA airport codes, tap only the ones for airports in the United States.",multi_tap,"A,B,C,F",MIA,LAS,LAX,LHR,LGW,JFK,Quizsentials,,False,31 Oct 2025,Bonus Round - 10 Multi Tap Questions.sqt,1,31 Oct 2025
"Of the astronauts listed here, tap only the ones who were crewmen in the Apollo 11 lunar mission.",multi_tap,"A,D,E",Neil Armstrong,Alan Shepard,John Glenn,Michael Collins,Buzz Aldrin,Jim Lovell,Quizsentials,,False,31 Oct 2025,Bonus Round - 10 Multi Tap Questions.sqt,1,31 Oct 2025
Tap only the cheeses that traditionally come from cow's milk.,multi_tap,"C,E,F",Feta,Manchego,Brie,Roquefort,Edam,Gouda,Quizsentials,,False,31 Oct 2025,Bonus Round - 10 Multi Tap Questions.sqt,1,31 Oct 2025
Tap only the actors who appeared in the 2001 movie 'Ocean's Eleven'.,multi_tap,"A,D,E,F",George Clooney,Mark Wahlberg,Samuel L Jackson,Brad Pitt,Don Cheadle,Matt Damon,Quizsentials,,False,31 Oct 2025,Bonus Round - 10 Multi Tap Questions.sqt,1,31 Oct 2025
Tap only the characters from 'Aladdin'.,multi_tap,"A,B,C",Jafar,Abu,Rajah,Simba,Belle,Megara,Quizsentials,,False,23 Jul 2026,Bonus Round - 10 Multi Tap Questions.sqt,1,23 Jul 2026
Tap only the substances that smell like rotten eggs.,multi_tap,"A,E",Hydrogen sulfide,Sulfur dioxide,Carbon monoxide,Sulfuric acid,Rotten eggs,Sodium hydroxide,Quizsentials,,False,23 Jul 2026,Bonus Round - 10 Multi Tap Questions.sqt,2,24 Jul 2025
Tap only the authors who were born in the 20th century.,multi_tap,"B,C,D",J.R.R. Tolkien,George R.R. Martin,E.L. James,Stephen King,Leo Tolstoy,Geoffrey Chaucer,Quizsentials,,False,23 Jul 2026,Bonus Round - 10 Multi Tap Questions.sqt,2,13 Jun 2025
All of these TV shows have colours in their title. Tap only those where the missing colour is 'Black'.,multi_tap,"A,C",Orange is the New __,Dear __ People,__ Mirror,__stone,The __ Lotus,__y and the Brain,Quizsentials,,False,23 Jul 2026,Bonus Round - 10 Multi Tap Questions.sqt,1,23 Jul 2026
Tap only the new rules that were added for the 2026 FIFA World Cup.,multi_tap,"B,C,D,E",Orange cards,10-second substitutions,3-minute hydration breaks,5-second countdowns for throw-ins,No covering mouths,No celebrations,Quizsentials,,False,23 Jul 2026,Bonus Round - 10 Multi Tap Questions.sqt,1,23 Jul 2026
Tap the three cities that are home to the holiest sites in Islam.,multi_tap,"A,C,D",Jerusalem,Islamabad,Medina,Mecca,Baghdad,Tehran,Quizsentials,,False,23 Jul 2026,Bonus Round - 10 Multi Tap Questions.sqt,1,23 Jul 2026
Tap only the Winter Olympic sports that are classed as sliding sports.,multi_tap,"A,B,F",Bobsleigh,Luge,Speedskating,Curling,Ski jump,Skeleton,Quizsentials,,False,23 Jul 2026,Bonus Round - 10 Multi Tap Questions.sqt,1,23 Jul 2026
"Of the wines listed here, tap only the ones that originate from Italy.",multi_tap,"C,D,E",Rioja,Bordeaux,Prosecco,Chianti,Barolo,Champagne,Quizsentials,,False,23 Jul 2026,Bonus Round - 10 Multi Tap Questions.sqt,2,20 Jun 2025
"Tap only the tonal languages, where the pitch or melody used to pronounce a word changes its fundamental meaning.",multi_tap,"A,C,D",Mandarin Chinese,French,Vietnamese,Cherokee,German,Latin,Quizsentials,,False,23 Jul 2026,Bonus Round - 10 Multi Tap Questions.sqt,1,23 Jul 2026
Tap only the American artists.,multi_tap,"A,C,D,F",Foo Fighters,The Who,Wu-Tang Clan,The Strokes,Rush,Portugal. The Man,Quizsentials,,False,22 Jul 2026,Bonus Round - 10 Multi Tap Questions.sqt,1,22 Jul 2026
Tap only the animals capable of jumping.,multi_tap,"B,C,E,F",Elephant,Tree frog,Kangaroo,Sloth,Grasshopper,Panther,Quizsentials,,False,22 Jul 2026,Bonus Round - 10 Multi Tap Questions.sqt,1,22 Jul 2026
"Of the Christian denominations listed here, tap only the ones that were founded in the USA.",multi_tap,"C,D",Greek Orthodoxy,Methodism,Jehovah's Witnesses,Mormonism,Roman Catholicism,Salvation Army,Quizsentials,,False,22 Jul 2026,Bonus Round - 10 Multi Tap Questions.sqt,1,22 Jul 2026
"Of these former Germany footballers, tap only the ones who were in the squad that won the 2014 FIFA World Cup.",multi_tap,"A,C,F",Toni Kroos,Jens Lehmann,Mesut ?-zil,Oliver Kahn,Michael Ballack,Philipp Lahm,Quizsentials,,False,22 Jul 2026,Bonus Round - 10 Multi Tap Questions.sqt,1,22 Jul 2026
"Of the sporting video games series listed here, tap only the ones produced by EA Sports.",multi_tap,"A,C",Madden NFL,Rocket League,EA Sports UFC,Forza Horizon,NBA 2K,Mario Golf,Quizsentials,,False,22 Jul 2026,Bonus Round - 10 Multi Tap Questions.sqt,1,22 Jul 2026
Tap only the films directed by Tim Burton.,multi_tap,"A,B,C,F",Beetlejuice Beetlejuice,Corpse Bride,Sweeney Todd: The Demon Barber of Fleet Street,The Grand Budapest Hotel,Coraline,Sleepy Hollow,Quizsentials,,False,22 Jul 2026,Bonus Round - 10 Multi Tap Questions.sqt,1,22 Jul 2026
"Of these TV villains, tap only the ones from 'Power Rangers'.",multi_tap,"B,D",Megatron,Rita Repulsa,Gargamel,Lord Zedd,Shredder,Mojo Jojo,Quizsentials,,False,22 Jul 2026,Bonus Round - 10 Multi Tap Questions.sqt,1,22 Jul 2026
Tap the sports in which the match official is typically called an umpire rather than a referee.,multi_tap,"A,C,D,E,F",Cricket,Rugby league,Field hockey,Baseball,Tennis,Netball,Quizsentials,,False,5 Jul 2026,Bonus Round - 10 Multi Tap Questions.sqt,1,5 Jul 2026
"Of the wedding anniversaries listed here, tap only the ones celebrated on or after the 20-year mark.",multi_tap,"A,D",Ruby,Leather,Cotton,Silver,Tin,Silk,Quizsentials,,False,5 Jul 2026,Bonus Round - 10 Multi Tap Questions.sqt,1,5 Jul 2026
Tap only the animals that live in jungles.,multi_tap,"A,B,D,E,F",Jaguars,Gorillas,Lions,Sloths,Toucans,Anacondas,Quizsentials,,False,5 Jul 2026,Bonus Round - 10 Multi Tap Questions.sqt,1,5 Jul 2026
"According to the lyrics of a popular religious song, tap only the things that ""He's got in His hands"".",multi_tap,"C,E",The dogs and the cats,A sword and shield,The whole world,The sun and the moon,"You and me, brother",Heaven and hell,Quizsentials,,False,5 Jul 2026,Bonus Round - 10 Multi Tap Questions.sqt,1,5 Jul 2026
Tap only the fictional characters who are typically seen with bald heads.,multi_tap,"A,C,D,E",Shrek,Will from Stranger Things,Voldermort,Popeye,Professor X (played by Patrick Stewart),Tarzan,Quizsentials,,False,5 Jul 2026,Bonus Round - 10 Multi Tap Questions.sqt,1,5 Jul 2026
"Of the Winter Olympic sports listed here, tap only the ones that typically take place indoors.",multi_tap,"A,B,C,D",Curling,Ice hockey,Figure skating,Speed skating,Biathlon,Skeleton,Quizsentials,,False,5 Jul 2026,Bonus Round - 10 Multi Tap Questions.sqt,1,5 Jul 2026
"Of these historical villains, tap only the ones who have been the subject of the Netflix series 'Monster'.",multi_tap,"C,F",Jack the Ripper,Charles Manson,Jeffrey Dahmer,Ted Bundy,Al Capone,Ed Gein,Quizsentials,,False,5 Jul 2026,Bonus Round - 10 Multi Tap Questions.sqt,1,5 Jul 2026
Tap only the countries that are among the five permanent members of the UN Security Council that was created after World War Two.,multi_tap,"A,B,C,E,F",China,France,United States,Brazil,Russia,United Kingdom,Quizsentials,,False,5 Jul 2026,Bonus Round - 10 Multi Tap Questions.sqt,2,13 Apr 2025
Tap only the words that in England are slang words meaning face?,multi_tap,"A,B,C,E",Chevy,Boat,Mug,Barnet,Fizzog,Trotter,Quizsentials,,False,18 Dec 2025,Bonus Round - 10 Multi Tap Questions.sqt,1,18 Dec 2025
"Tap only the countries that make up the Malay Peninsula, highlighted in red, blue and green this picture.",multi_tap,"C,E,F",Vietnam,Indonesia,Malaysia,Bhutan,Myanmar,Thailand,Quizsentials,,False,18 Dec 2025,Bonus Round - 10 Multi Tap Questions.sqt,1,18 Dec 2025
Tap only the footballers who have been transferred for a higher transfer fee than this guy.,multi_tap,"A,B,C,D,E,F",Florian Wirtz,Harry Maguire,Alexander Isak,Declan Rice,Jadon Sancho,Nick Woltemade,Quizsentials,,False,18 Dec 2025,Bonus Round - 10 Multi Tap Questions.sqt,1,18 Dec 2025
Tap only the music acts that originate from Sweden.,multi_tap,"A,C,D,F",Avicii,A-ha,Zara Larsson,Robyn,Shawn Mendes,Ace of Base,Quizsentials,,False,18 Dec 2025,Bonus Round - 10 Multi Tap Questions.sqt,1,18 Dec 2025
Tap only the films starring Angelina Jolie.,multi_tap,"A,C,D,E,F",SALT,Wonder Woman 1984,Maria,Maleficent,Tomb Raider,The Bone Collector,Quizsentials,,False,18 Dec 2025,Bonus Round - 10 Multi Tap Questions.sqt,1,18 Dec 2025
Tap only the plagues inflicted on the Egyptians by God in the Old Testament book of Exodus.,multi_tap,"A,B,C,E,F",Nile turned to blood,Invasion of frogs,Pestilence of livestock,Covid-19,Death of firstborn,Swarms of locusts,Quizsentials,,False,18 Dec 2025,Bonus Round - 10 Multi Tap Questions.sqt,1,18 Dec 2025
"Of the football clubs listed here, tap only the ones that are German.",multi_tap,"A,B,E,F",Borussia Dortmund,Borussia Mönchengladbach,Ajax,Fenerbahce,Werder Bremen,Bayer Leverkusen,Quizsentials,,False,18 Dec 2025,Bonus Round - 10 Multi Tap Questions.sqt,2,20 Apr 2025
"Of the movie characters listed here, tap only the ones from the Pixar film 'Luca' as opposed to 'The Godfather'.",multi_tap,"B,C,D,E,F",Tom Hagen,Luca Paguro,Giulia Marcovaldo,Alberto Scorfano,Ercole Visconti,Massimo Marcovaldo,Quizsentials,,False,18 Dec 2025,Bonus Round - 10 Multi Tap Questions.sqt,1,18 Dec 2025
Tap only the letters that are worth exactly one point in the standard English edition of Scrabble.,multi_tap,"A,B,C",A,E,I,C,H,P,Quizsentials,,False,19 Dec 2025,Bonus Round - 10 Multi Tap Questions.sqt,1,19 Dec 2025
Tap only the celebrities that have over 100 million followers on X.,multi_tap,"B,C,E",Adele,Justin Bieber,Cristiano Ronaldo,Joe Biden,Katy Perry,Serena Williams,Quizsentials,,False,19 Dec 2025,Bonus Round - 10 Multi Tap Questions.sqt,2,6 Apr 2025
Tap only the football clubs that Michael Owen played for.,multi_tap,"A,B,D,E,F",Liverpool,Manchester United,Paris Saint-Germain,Stoke City,Real Madrid,Newcastle United,Quizsentials,,False,19 Dec 2025,Bonus Round - 10 Multi Tap Questions.sqt,2,18 Apr 2025
Tap only the songs recorded by Miley Cyrus.,multi_tap,"A,C,D,E",Flowers,Bad Reputation,Party in the USA,Wrecking Ball,The Climb,Circles,Quizsentials,,False,19 Dec 2025,Bonus Round - 10 Multi Tap Questions.sqt,1,19 Dec 2025
Tap the 'Harry Potter' characters that are Weasleys.,multi_tap,"A,B,C,D,E,F",Ron,Molly,George,Percy,Arthur,Ginevra,Quizsentials,,False,19 Dec 2025,Bonus Round - 10 Multi Tap Questions.sqt,1,19 Dec 2025
The popular doll Barbie has several sisters also produced by Mattel. Tap only the names of Barbie's sisters.,multi_tap,"B,E,F",Ashley,Chelsea,Melanie,Samantha,Skipper,Stacie,Quizsentials,,False,19 Dec 2025,Bonus Round - 10 Multi Tap Questions.sqt,2,2 Mar 2025
"With regard to text speak, tap only the abbreviations that express amusement.",multi_tap,"B,D,E",BTW,LOL,LMK,LMAO,ROFL,CYA,Quizsentials,,False,19 Dec 2025,Bonus Round - 10 Multi Tap Questions.sqt,1,19 Dec 2025
Tap only the colours that appear on the flag of Ukraine.,multi_tap,"A,F",Yellow,Black,White,Green,Red,Blue,Quizsentials,,False,19 Dec 2025,Bonus Round - 10 Multi Tap Questions.sqt,1,19 Dec 2025
"Of the Sabrina Carpenter songs listed here, tap only the ones from her 2024 album 'Short n' Sweet'.",multi_tap,"A,B,D",Taste,Please Please Please,Manchild,Espresso,Tears,Nonsense,Quizsentials,,False,19 Dec 2025,Bonus Round - 10 Multi Tap Questions.sqt,1,19 Dec 2025
Tap only the countries that are landlocked.,multi_tap,"A,B,E,F",Austria,Afghanistan,Cameroon,Estonia,Hungary,Serbia,Quizsentials,,False,27 Feb 2025,Bonus Round - 10 Multi Tap Questions.sqt,2,12 May 2026
"Of the 'It's Only Sunny In Philadelphia' characters listed here, tap only the ones that have worked at Paddy's Pub.",multi_tap,"A,B,C",Charlie Kelly,Dennis Reynolds,Dee Reynolds,Bill Ponderosa,Gail the Snail,Uncle Jack,Quizsentials,,False,27 Feb 2025,Bonus Round - 10 Multi Tap Questions.sqt,1,27 Feb 2025
Tap only the animals that generally have only two legs.,multi_tap,"A,B,E",Eagle,Gorilla,Millipede,Ass,Human,Giraffe,Quizsentials,,False,27 Feb 2025,Bonus Round - 10 Multi Tap Questions.sqt,2,19 Nov 2025
Tap only the events that are part of an Olympic heptathlon.,multi_tap,"B,C,D",Triple jump,High jump,Long jump,Javelin,Discus,Hammer throw,Quizsentials,,False,27 Feb 2025,Bonus Round - 10 Multi Tap Questions.sqt,2,18 Jan 2026
"Of these sports, tap only the ones that do NOT involve a ball.",multi_tap,"B,C,F",Table tennis,Boxing,Badminton,Squash,Hurling,Curling,Quizsentials,,False,27 Feb 2025,Bonus Round - 10 Multi Tap Questions.sqt,2,30 Sep 2025
Tap only the names of characters created by Charles Dickens.,multi_tap,"A,C,E,F",Jacob Marley,Jay Gatsby,Miss Haversham,Mr Darcy,Pip,Tiny Tim,Quizsentials,,False,26 Apr 2026,Bonus Round - 10 Multi Tap Questions.sqt,2,28 Mar 2025
"Of these original Monopoly pieces, tap only the ones that still come in new boxes today.",multi_tap,"A,C",Battleship,Iron,Racecar,Rocking horse,Cannon,Lantern,Quizsentials,,False,26 Apr 2026,Bonus Round - 10 Multi Tap Questions.sqt,1,26 Apr 2026
Tap only the names of people who have been in the boy band One Direction.,multi_tap,"A,C,F",Harry,Mark,Liam,Neil,Sam,Louis,Quizsentials,,False,26 Apr 2026,Bonus Round - 10 Multi Tap Questions.sqt,2,16 Feb 2025
Tap only the Netflix series that are set in the USA.,multi_tap,"A,E",Outer Banks,Heartstopper,Top Boy,Bridgerton,Stranger Things,Sex Education,Quizsentials,,False,26 Apr 2026,Bonus Round - 10 Multi Tap Questions.sqt,2,12 Jun 2025
Tap only English football clubs that have won the European Cup or Champions League?,multi_tap,"A,D,F",Nottingham Forest,Arsenal,Tottenham Hotspur,Manchester City,Leeds United,Aston Villa,Quizsentials,,False,26 Apr 2026,Bonus Round - 10 Multi Tap Questions.sqt,2,10 Jul 2025
Tap only the elements that make up a molecule of ammonia.,multi_tap,"A,B",Nitrogen,Hydrogen,Silver,Chlorine,Calcium,Sodium,Quizsentials,,False,26 Apr 2026,Bonus Round - 10 Multi Tap Questions.sqt,2,13 Jun 2025
Listed here are sentient vehicles from the world of film and TV. Tap only the cars.,multi_tap,"A,B,C,D,F",Lightning McQueen,Christine,Herbie,KITT,Thomas,Chitty Chitty Bang Bang,Quizsentials,,False,26 Apr 2026,Bonus Round - 10 Multi Tap Questions.sqt,1,26 Apr 2026
Tap only the substances that make up more than 10% of the atmosphere of Mars.,multi_tap,A,Carbon dioxide,Carbon monoxide,Water,Argon,Helium,Nitrogen,Quizsentials,,False,26 Apr 2026,Bonus Round - 10 Multi Tap Questions.sqt,1,26 Apr 2026
Tap only the Adam Sandler movies.,multi_tap,"A,F",Little Nicky,Ace Ventura,Sonic the Hedgehog,Bruce Almighty,Dumb and Dumber,Big Daddy,Quizsentials,,False,5 Mar 2026,Bonus Round - 10 Multi Tap Questions.sqt,1,5 Mar 2026
Tap only the names of cups that you compete for in the 2025 video game 'Mario Kart World'.,multi_tap,"A,B,C,D,E,F",Mushroom Cup,Flower Cup,Star Cup,Shell Cup,Lightning Cup,Special Cup,Quizsentials,,False,5 Mar 2026,Bonus Round - 10 Multi Tap Questions.sqt,1,5 Mar 2026
Tap only the artists who released solo albums in the 1970s.,multi_tap,"A,B,C,D,E,F",Michael Jackson,Prince,Tina Turner,Stevie Wonder,Marvin Gaye,Aretha Franklin,Quizsentials,,False,5 Mar 2026,Bonus Round - 10 Multi Tap Questions.sqt,1,5 Mar 2026
"Of these famous actors and actresses, tap only the ones who star in 'Euphoria'.",multi_tap,"A,D,E",Sydney Sweeney,Mikey Madison,Tom Holland,Zendaya,Jacob Elordi,Jenna Ortega,Quizsentials,,False,5 Mar 2026,Bonus Round - 10 Multi Tap Questions.sqt,1,5 Mar 2026
"Of these football stadiums, tap only the ones in Spain.",multi_tap,A,Bernabéu,Olympiastadion,San Siro,Estádio da Luz,Stadio Olimpico,Puskás Aréna,Quizsentials,,False,5 Mar 2026,Bonus Round - 10 Multi Tap Questions.sqt,1,5 Mar 2026
Tap only the planets that are on average closer to Earth than Jupiter is.,multi_tap,"C,D,F",Saturn,Neptune,Mars,Mercury,Uranus,Venus,Quizsentials,,False,5 Mar 2026,Bonus Round - 10 Multi Tap Questions.sqt,1,5 Mar 2026
Tap only the German states.,multi_tap,"A,B,C,D",Saxony,Bavaria,Brandenburg,Saarland,Zeeland,Tyrol,Quizsentials,,False,5 Mar 2026,Bonus Round - 10 Multi Tap Questions.sqt,1,5 Mar 2026
Tap only the countries that the Alps mountain range runs through.,multi_tap,"A,B,C,E,F",Germany,Austria,France,Denmark,Italy,Switzerland,Quizsentials,,False,5 Mar 2026,Bonus Round - 10 Multi Tap Questions.sqt,1,5 Mar 2026
Tap only the real names of episodes in the TV series 'Friends'.,multi_tap,"A,B,C,D,E,F",The One with the Butt,The One with the Monkey,The One with the Fake Party,The One in Vegas,The One with the Red Sweater,The One Where No One Proposes,Quizsentials,,False,20 Aug 2026,Bonus Round - 10 Multi Tap Questions.sqt,1,20 Aug 2026
Tap only the mammals.,multi_tap,"C,D,F",Axolotl,Toad,Sloth,Beaver,Skink,Skunk,Quizsentials,,False,20 Aug 2026,Bonus Round - 10 Multi Tap Questions.sqt,2,22 Apr 2026
Tap only the letters that appear in the name of this phone's manufacturer.,multi_tap,"A,B,D,E,F",O,A,P,I,K,N,Quizsentials,,False,20 Aug 2026,Bonus Round - 10 Multi Tap Questions.sqt,1,20 Aug 2026
"Of these fast food chain mascots, tap only the ones that are depicted as human.",multi_tap,"A,B,D,E",Colonel Sanders,Ronald McDonald,Grimace,The Burger King,The Hamburglar,Chuck E. Cheese,Quizsentials,,False,20 Aug 2026,Bonus Round - 10 Multi Tap Questions.sqt,1,20 Aug 2026
Tap only the Australian bands or artists.,multi_tap,"D,F",The 1975,Grateful Dead,Seventeen,5 Seconds of Summer,En Vogue,AC/DC,Quizsentials,,False,20 Aug 2026,Bonus Round - 10 Multi Tap Questions.sqt,2,24 Jun 2026
Tap only the films starring Scarlett Johansson.,multi_tap,"B,C,E,F",The Hobbit: An Unexpected Journey,Jurassic World Rebirth,Black Widow,Kick-Ass,Jojo Rabbit,Avengers: Endgame,Quizsentials,,False,20 Aug 2026,Bonus Round - 10 Multi Tap Questions.sqt,1,20 Aug 2026
"Of these 2026 movies, tap only the ones directed by people who first found fame on YouTube.",multi_tap,"A,C,D",Iron Lung,Michael,Backrooms,Obsession,Toy Story 5,Project Hail Mary,Quizsentials,,False,20 Aug 2026,Bonus Round - 10 Multi Tap Questions.sqt,1,20 Aug 2026
"Of the actors listed here, tap only the ones in the upcoming 'Harry Potter' TV show.",multi_tap,B,Michael Gambon,John Lithgow,Richard Harris,Robert Pattinson,Alan Rickman,Gary Oldman,Quizsentials,,False,20 Aug 2026,Bonus Round - 10 Multi Tap Questions.sqt,1,20 Aug 2026
Tap only the titles of Eminem albums.,multi_tap,"A,B,D",Relapse,Recovery,Recompense,Revival,Retribution,Realization,Quizsentials,,False,21 Aug 2026,Bonus Round - 10 Multi Tap Questions.sqt,1,21 Aug 2026
"Of the subatomic particles and antiparticles listed here, tap only the ones with a positive electrical charge.",multi_tap,"A,D",Proton,Electron,Neutron,Positron,Antiproton,Antineutron,Quizsentials,,False,21 Aug 2026,Bonus Round - 10 Multi Tap Questions.sqt,1,21 Aug 2026
Tap only the compound words.,multi_tap,"A,B,C,D,E,F",Notebook,Scoreboard,Moonlight,Toothpaste,Playground,Superhero,Quizsentials,,False,21 Aug 2026,Bonus Round - 10 Multi Tap Questions.sqt,1,21 Aug 2026
"Of the bands listed here, tap only the ones whose frontman also plays guitar.",multi_tap,"A,B,C,D,E,F",Arctic Monkeys,Nirvana,Dire Straits,Metallica,Foo Fighters,Radiohead,Quizsentials,,False,21 Aug 2026,Bonus Round - 10 Multi Tap Questions.sqt,1,21 Aug 2026
Tap only the countries that still have a monarchy in place.,multi_tap,"A,C,F",Spain,France,Thailand,Russia,Greece,Saudi Arabia,Quizsentials,,False,21 Aug 2026,Bonus Round - 10 Multi Tap Questions.sqt,2,8 Jul 2025
Tap only the ingredients found in a traditional Negroni.,multi_tap,"A,C,E",Gin,Rum,Campari,Aperol,Sweet vermouth,Soda water,Quizsentials,,False,21 Aug 2026,Bonus Round - 10 Multi Tap Questions.sqt,1,21 Aug 2026
Tap only the countries where tennis Grand Slam tournaments take place.,multi_tap,"A,B,C,E",USA,France,England,Germany,Australia,Argentina,Quizsentials,,False,21 Aug 2026,Bonus Round - 10 Multi Tap Questions.sqt,1,21 Aug 2026
"Of these animated TV shows, tap only the ones for children.",multi_tap,"A,C",Gabby's Dollhouse,Rick and Morty,Bluey,Invincible,Alley Cats,Big Mouth,Quizsentials,,False,21 Aug 2026,Bonus Round - 10 Multi Tap Questions.sqt,1,21 Aug 2026
Tap only the letters that are found on the bottom row of a standard QWERTY keyboard.,multi_tap,"A,B,E",B,C,O,T,X,L,Quizsentials,,False,10 Jul 2025,Bonus Round - 10 Multi Tap Questions.sqt,1,10 Jul 2025
Tap only the Jennifers who have married Ben Affleck.,multi_tap,"E,F",Jennifer Lawrence,Jennifer Aniston,Jennifer Jason Leigh,Jennifer Coolidge,Jennifer Garner,Jennifer Lopez,Quizsentials,,False,10 Jul 2025,Bonus Round - 10 Multi Tap Questions.sqt,1,10 Jul 2025
"Of the artists listed here, tap only the ones who supported Taylor Swift on her Eras Tour.",multi_tap,"A,D,E",Sabrina Carpenter,Chappell Roan,Madonna,Gracie Abrams,Hayley Williams,Charli XCX,Quizsentials,,False,10 Jul 2025,Bonus Round - 10 Multi Tap Questions.sqt,1,10 Jul 2025
Tap only the cities that are further north than New York City.,multi_tap,"A,C",Boston,Los Angeles,Seattle,"Washington, D.C.",Kansas City,Denver,Quizsentials,,False,10 Jul 2025,Bonus Round - 10 Multi Tap Questions.sqt,1,10 Jul 2025
Tap only the HBO TV shows.,multi_tap,"B,E",The Bear,The Last of Us,Ted Lasso,Severance,Succession,The Mandalorian,Quizsentials,,False,10 Jul 2025,Bonus Round - 10 Multi Tap Questions.sqt,1,10 Jul 2025
Tap only the elements that are in a molecule of calcium hydroxide.,multi_tap,"A,B,C",Calcium,Hydrogen,Oxygen,Helium,Sodium,Potassium,Quizsentials,,False,10 Jul 2025,Bonus Round - 10 Multi Tap Questions.sqt,2,3 Jun 2026
Tap only the names of Irish counties.,multi_tap,"A,B,C,D",Clare,Down,Kildare,Limerick,Tyrell,Wickford,Quizsentials,,False,9 Mar 2025,Bonus Round - 10 Multi Tap Questions.sqt,2,26 May 2026
Tap only the names of Griffin family members in 'Family Guy'.,multi_tap,"B,C,D,F",Cleveland,Lois,Meg,Chris,Herbert,Peter,Quizsentials,,False,9 Mar 2025,Bonus Round - 10 Multi Tap Questions.sqt,1,9 Mar 2025
"Of the electrical components listed here, tap only the ones whose symbols, when represented on a circuit diagram, include a circle.",multi_tap,"B,D,E",Wire,Lamp,Battery,Voltmeter,Ammeter,Cell,Quizsentials,,False,9 Mar 2025,Bonus Round - 10 Multi Tap Questions.sqt,2,4 Dec 2025
Tap only the sports that are part of the modern pentathlon.,multi_tap,"B,E,F",Cycling,Fencing,Hurdles,Long jump,Shooting,Swimming,Quizsentials,,False,9 Mar 2025,Bonus Round - 10 Multi Tap Questions.sqt,1,9 Mar 2025
"Of the airlines listed here, tap only the ones that Concorde flew with.",multi_tap,"A,C",Air France,American Airlines,British Airways,Cathay Pacific,Lufthansa,Virgin Pacific,Quizsentials,,False,9 Mar 2025,Bonus Round - 10 Multi Tap Questions.sqt,2,18 Jan 2026
Tap only the Major League Baseball franchises with the correct names.,multi_tap,"C,D",Chicago Black Sox,New York Knicks,Pittsburgh Pirates,St Louis Cardinals,Toronto Red Jays,L.A. Mets,Quizsentials,,False,9 Mar 2025,Bonus Round - 10 Multi Tap Questions.sqt,2,10 Oct 2025
"Of these books of the Bible, tap only the ones from the New Testament.",multi_tap,"A,E,F",Revelation,Numbers,Psalms,Judges,Acts,Romans,Quizsentials,,False,9 Mar 2025,Bonus Round - 10 Multi Tap Questions.sqt,2,1 Feb 2026
Tap only the mythological creatures that have the head or face of a human.,multi_tap,"B,C,D,E",Minotaur,Faun,Centaur,Sphinx,Mermaid,Chimera,Quizsentials,,False,11 Jul 2025,Bonus Round - 10 Multi Tap Questions.sqt,2,28 Aug 2026
"Of the '80s British bands listed here, tap only the ones that had (or have) brothers in them.",multi_tap,"B,C",Wham!,Bros,Spandau Ballet,Duran Duran,Culture Club,The Smiths,Quizsentials,,False,11 Jul 2025,Bonus Round - 10 Multi Tap Questions.sqt,1,11 Jul 2025
"Of the animated Disney movies listed here, tap only the ones that were released in the '90s.",multi_tap,"A,B,D,E",The Lion King,The Hunchback of Notre Dame,Dumbo,Mulan,Hercules,Cinderella,Quizsentials,,False,11 Jul 2025,Bonus Round - 10 Multi Tap Questions.sqt,1,11 Jul 2025
Tap only the countries that have won the Men's FIFA World Cup.,multi_tap,"A,C,D,F",Argentina,Paraguay,England,Germany,Mexico,France,Quizsentials,,False,11 Jul 2025,Bonus Round - 10 Multi Tap Questions.sqt,2,28 Apr 2026
Tap only the countries that have hosted the Summer Olympics twice?,multi_tap,"A,C,D",Greece,China,Japan,Australia,Sweden,South Korea,Quizsentials,,False,11 Jul 2025,Bonus Round - 10 Multi Tap Questions.sqt,1,11 Jul 2025
"Of the deserts listed here, tap only the ones in North America.",multi_tap,"A,B,C",Chihuahua Desert,Sonoran Desert,Mojave Desert,Great Sandy Desert,Atacama Desert,Indus Valley Desert,Quizsentials,,False,11 Jul 2025,Bonus Round - 10 Multi Tap Questions.sqt,1,11 Jul 2025
Tap only the names of famous cartoon cats.,multi_tap,"A,C,D",Stimpy,Santa's Little Helper,Snowball II,Garfield,Snoopy,Goofy,Quizsentials,,False,11 Jul 2025,Bonus Round - 10 Multi Tap Questions.sqt,1,11 Jul 2025
"Of the metals listed here, tap only the ones that rust.",multi_tap,A,Iron,Titanium,Silver,Palladium,Platinum,Gold,Quizsentials,,False,11 Jul 2025,Bonus Round - 10 Multi Tap Questions.sqt,2,4 Jun 2026
Tap only the names of butterflies as opposed to moths.,multi_tap,"B,C,D",Atlas,Painted Lady,Red Admiral,Monarch,Silk,Hummingbird Hawk,Quizsentials,,False,30 Jul 2026,Bonus Round - 10 Multi Tap Questions.sqt,1,30 Jul 2026
Tap only the playable characters on 'Super Smash Bros Ultimate'.,multi_tap,"A,C,F",Dr Mario,Sub-Zero,Pikachu,Liu Kang,Conan the Barbarian,Zelda,Quizsentials,,False,30 Jul 2026,Bonus Round - 10 Multi Tap Questions.sqt,1,30 Jul 2026
"Of these TV characters, tap only the ones who are or were members of a police force.",multi_tap,"A,B,C,D,F",Christine Cagney,Jake Peralta,Clancy Wiggum,Jim Hopper,Jaime Lannister,Vin Makazian,Quizsentials,,False,30 Jul 2026,Bonus Round - 10 Multi Tap Questions.sqt,1,30 Jul 2026
Tap only the novels that were written by one of the Brontë sisters.,multi_tap,"D,E",Pride and Prejudice,Tess of the d'Urbervilles,A Tale of Two Cities,Wuthering Heights,Jane Eyre,Middlemarch,Quizsentials,,False,30 Jul 2026,Bonus Round - 10 Multi Tap Questions.sqt,2,26 Jun 2025
Tap only the movies that star Clint Eastwood.,multi_tap,"A,B,F","The Good, the Bad and the Ugly",The Outlaw Josey Wales,Butch Cassidy and the Sundance Kid,Blazing Saddles,Bone Tomahawk,Unforgiven,Quizsentials,,False,30 Jul 2026,Bonus Round - 10 Multi Tap Questions.sqt,1,30 Jul 2026
Tap only the types of bean.,multi_tap,"A,B,C,D,E,F",Haricot,Kidney,Pinto,Cannellini,Black,Mung,Quizsentials,,False,30 Jul 2026,Bonus Round - 10 Multi Tap Questions.sqt,1,30 Jul 2026
"Of the Taylor Swift singles listed here, tap only the ones first released in the 2020s.",multi_tap,"B,C",Love Story,Cruel Summer,The Fate of Ophelia,We Are Never Ever Getting Back Together,I Knew You Were Trouble,22,Quizsentials,,False,30 Jul 2026,Bonus Round - 10 Multi Tap Questions.sqt,1,30 Jul 2026
Tap only the items of food and drink Jesus performed some kind of miracle with.,multi_tap,"B,C,D",Orange juice,Water,Bread,Fish,Ale,Steak,Quizsentials,,False,30 Jul 2026,Bonus Round - 10 Multi Tap Questions.sqt,1,30 Jul 2026
Tap only the names of Pokémon.,multi_tap,"B,E,F",Tentomon,Hitmonchan,Agumon,Biyomon,Lickitung,Monferno,Quizsentials,,False,31 Jul 2026,Bonus Round - 10 Multi Tap Questions.sqt,1,31 Jul 2026
Tap only the names of the Great Lakes of North America.,multi_tap,"A,C,D,F",Erie,Inferior,Michigan,Ontario,Alberta,Huron,Quizsentials,,False,31 Jul 2026,Bonus Round - 10 Multi Tap Questions.sqt,2,16 May 2025
"Of these characters from 'The Office US', tap only the ones who were at some point regional manager of the Scranton branch of Dunder Mifflin.",multi_tap,"A,F",Dwight Schrute,Kevin Malone,Pam Halpert,Phyllis Vance,Toby Flenderson,Michael Scott,Quizsentials,,False,31 Jul 2026,Bonus Round - 10 Multi Tap Questions.sqt,1,31 Jul 2026
"Of the animated Disney movies listed here, tap only the ones originally released in the 1990s.",multi_tap,"C,E",Cinderella,Snow White and the Seven Dwarfs,The Hunchback of Notre Dame,Fantasia,Hercules,Peter Pan,Quizsentials,,False,31 Jul 2026,Bonus Round - 10 Multi Tap Questions.sqt,1,31 Jul 2026
"Of these rocks, tap only the igneous ones (formed when molten rock cools).",multi_tap,"A,F",Obsidian,Marble,Rock salt,Coal,Chalk,Granite,Quizsentials,,False,31 Jul 2026,Bonus Round - 10 Multi Tap Questions.sqt,1,31 Jul 2026
Tap only the long-haired breeds of dog.,multi_tap,"A,D",Rough Collie,Staffordshire Bull Terrier,Bulldog,Old English Sheepdog,Dalmatian,Whippet,Quizsentials,,False,31 Jul 2026,Bonus Round - 10 Multi Tap Questions.sqt,1,31 Jul 2026
"Tap only the song titles in which the missing word is 'Bad', as opposed to 'Good'.",multi_tap,"C,D,F","__ 4 U, by Olivia Rodrigo","__ Luck Babe!, by Chappell Roan","__ Guy, by Billie Eilish","__ Habit, by Steve Lacy","__ Vibrations, by The Beach Boys","__ Romance, by Lady Gaga",Quizsentials,,False,31 Jul 2026,Bonus Round - 10 Multi Tap Questions.sqt,1,31 Jul 2026
"Of the soccer leagues listed here, tap only the ones Lionel Messi has played in.",multi_tap,"B,E,F",Serie A (Italy),Ligue 1 (France),Premier League (England),Saudi Pro League (Saudi Arabia),LaLiga (Spain),MLS (USA and Canada),Quizsentials,,False,31 Jul 2026,Bonus Round - 10 Multi Tap Questions.sqt,1,31 Jul 2026
Tap only the TV shows that have starred any of the six main actors/actresses from the sitcom 'Friends'.,multi_tap,"A,B,C,F",The Morning Show,American Crime Story: The People v. O.J. Simpson,Joey,Supernatural,Game of Thrones,Cougar Town,Quizsentials,,False,31 Jul 2026,Bonus Round - 10 Multi Tap Questions.sqt,1,31 Jul 2026
"Of these foreign language names, tap only those that are the equivalent of John.",multi_tap,"A,C,D,E",Giovanni,Diego,Hans,João,Ivan,Jacques,Quizsentials,,False,19 Sep 2025,Bonus Round - 10 Multi Tap Questions.sqt,1,19 Sep 2025
"Of the American colleges listed here, tap only the Ivy League schools.",multi_tap,"B,C,D",Boston College,Cornell University,Dartmouth College,Harvard University,Stanford University,Vanderbilt University,Quizsentials,,False,19 Sep 2025,Bonus Round - 10 Multi Tap Questions.sqt,1,19 Sep 2025
Tap only the albums that were released in the '90s.,multi_tap,"C,D","Rio, by Duran Duran","Appetite for Destruction, by Guns N' Roses","Nevermind, by Nirvana","Definitely Maybe, by Oasis","Licensed to Ill, by Beastie Boys","Back in Black, by AC/DC",Quizsentials,,False,19 Sep 2025,Bonus Round - 10 Multi Tap Questions.sqt,1,19 Sep 2025
"Of these scientists, tap only the ones that were alive in the 1800s.",multi_tap,"B,C,D",Isaac Newton,Charles Darwin,Michael Faraday,Albert Einstein,Johannes Kepler,René Descartes,Quizsentials,,False,19 Sep 2025,Bonus Round - 10 Multi Tap Questions.sqt,1,19 Sep 2025
"Of these films, tap only the ones directed by Martin Scorsese.",multi_tap,"A,B,C,D,F",Gangs of New York,The Last Temptation of Christ,Taxi Driver,The Wolf of Wall Street,Do the Right Thing,Raging Bull,Quizsentials,,False,19 Sep 2025,Bonus Round - 10 Multi Tap Questions.sqt,1,19 Sep 2025
Tap only the names of different forms of yoga.,multi_tap,"C,D,F",Zumba,Pilates,Vinyasa,Hatha,Capoeira,Bikram,Quizsentials,,False,19 Sep 2025,Bonus Round - 10 Multi Tap Questions.sqt,1,19 Sep 2025
Tap only the countries that were part of the Axis powers in the Second World War.,multi_tap,"B,C,D",China,Italy,Japan,Germany,Soviet Union,United Kingdom,Quizsentials,,False,19 Sep 2025,Bonus Round - 10 Multi Tap Questions.sqt,1,19 Sep 2025
"Of the 'Friends' characters listed here, tap only the ones who worked at the Central Perk coffee shop at some point.",multi_tap,"D,E,F",Ross,Monica,Chandler,Joey,Rachel,Gunther,Quizsentials,,False,19 Sep 2025,Bonus Round - 10 Multi Tap Questions.sqt,1,19 Sep 2025
Tap only the games that have a female playable character.,multi_tap,"A,B,C",Tomb Raider,The Last Of Us,Horizon Zero Dawn,Red Dead Redemption,Grand Theft Auto V,Doom,Quizsentials,,False,19 Sep 2025,Bonus Round - 10 Multi Tap Questions.sqt,1,19 Sep 2025
Tap only the Roman numerals that correctly correspond with the number given.,multi_tap,"A,B,C,E",I = 1,C = 100,V = 5,"M = 1,000,000",L = 50,D = 50,Quizsentials,,False,20 Jun 2025,Bonus Round - 10 Multi Tap Questions.sqt,1,20 Jun 2025
Tap only the elements in a molecule of calcium carbonate.,multi_tap,"A,D,E",Oxygen,Nitrogen,Hydrogen,Calcium,Carbon,Nickel,Quizsentials,,False,20 Jun 2025,Bonus Round - 10 Multi Tap Questions.sqt,2,1 May 2026
Tap only the historical figures that were born in the 1900s.,multi_tap,"B,C,E",Albert Einstein,Mother Teresa,John F. Kennedy,Joseph Stalin,Salvador Dali,Marie Curie,Quizsentials,,False,20 Jun 2025,Bonus Round - 10 Multi Tap Questions.sqt,2,9 Jun 2026
"Of the African countries listed here, tap only the ones that are on the coast.",multi_tap,"B,E,F",Lesotho,Egypt,Rwanda,Chad,South Africa,Morocco,Quizsentials,,False,20 Jun 2025,Bonus Round - 10 Multi Tap Questions.sqt,2,2 Sep 2026
"Of these TV shows, tap only the ones that are Netflix originals.",multi_tap,"A,B,C",The Crown,Bridgerton,Squid Game,The Last of Us,The Mandalorian,Chernobyl,Quizsentials,,False,20 Jun 2025,Bonus Round - 10 Multi Tap Questions.sqt,1,20 Jun 2025
"Tap only the musicians that play, or played, the guitar (or bass guitar) left-handed.",multi_tap,"B,D",Dave Grohl,Jimi Hendrix,Prince,Paul McCartney,Flea,Slash,Quizsentials,,False,20 Jun 2025,Bonus Round - 10 Multi Tap Questions.sqt,1,20 Jun 2025
"Of these German football clubs, tap only the ones that have won the European Cup or Champions League?",multi_tap,"A,C,D",Bayern Munich,Bayer Leverkusen,Borussia Dortmund,Hamburg,Eintracht Frankfurt,Werder Bremen,Quizsentials,,False,20 Jun 2025,Bonus Round - 10 Multi Tap Questions.sqt,2,31 Mar 2026
"Of the Netflix shows listed here, tap only the ones that are spoken in English.",multi_tap,"E,F",Money Heist,Lupin,Squid Game,Alice in Borderland,Bridgerton,Stranger Things,Quizsentials,,False,20 Jun 2025,Bonus Round - 10 Multi Tap Questions.sqt,1,20 Jun 2025
Tap only the footballers who have played for both Real Madrid and Barcelona.,multi_tap,"B,D",Gareth Bale,Ronaldo,Cristiano Ronaldo,Luis Figo,Pep Guardiola,Lionel Messi,Quizsentials,,False,18 Sep 2025,Bonus Round - 10 Multi Tap Questions.sqt,3,25 Aug 2026
Tap only the South American countries that are ENTIRELY south of the equator.,multi_tap,"C,D,E",Brazil,Ecuador,Argentina,Chile,Uruguay,Venezuela,Quizsentials,,False,18 Sep 2025,Bonus Round - 10 Multi Tap Questions.sqt,1,18 Sep 2025
Tap only the names of people who were in The Pussycat Dolls.,multi_tap,"B,C,E",Kelly Rowland,Nicole Scherzinger,Ashley Roberts,Michelle Williams,Kimberly Wyatt,Farrah Franklin,Quizsentials,,False,18 Sep 2025,Bonus Round - 10 Multi Tap Questions.sqt,1,18 Sep 2025
Tap only the real titles of 'Matrix' movies.,multi_tap,"D,E,F",The Matrix Resistance,The Matrix Revelations,The Matrix Reinvented,The Matrix Reloaded,The Matrix Resurrections,The Matrix Revolutions,Quizsentials,,False,18 Sep 2025,Bonus Round - 10 Multi Tap Questions.sqt,1,18 Sep 2025
Tap only the ingredients in the traditional recipe of the Italian dish 'cacio e pepe'?,multi_tap,"B,D",Egg white,Pecorino cheese,Mozzarella,Black pepper,Red pepper,Tomato,Quizsentials,,False,18 Sep 2025,Bonus Round - 10 Multi Tap Questions.sqt,1,18 Sep 2025
Tap only the organs that are considered vital organs (ie humans can't typically survive without them).,multi_tap,"A,D,F",Heart,Gallbladder,Appendix,Brain,Spleen,Liver,Quizsentials,,False,18 Sep 2025,Bonus Round - 10 Multi Tap Questions.sqt,1,18 Sep 2025
Tap only the names that are typically used for female animals.,multi_tap,"B,C,D,F",Buck,Hen,Doe,Sow,Rooster,Vixen,Quizsentials,,False,18 Sep 2025,Bonus Round - 10 Multi Tap Questions.sqt,1,18 Sep 2025
Tap only the words or phrases that are synonyms of the word haywire.,multi_tap,"A,B,E",Nuts,On the blink,Steady,Relaxed,Bonkers,Settled,Quizsentials,,False,18 Sep 2025,Bonus Round - 10 Multi Tap Questions.sqt,1,18 Sep 2025
"Of these wrestlers, tap only the ones who are known for wearing a mask.",multi_tap,"A,D,E",Kane,The Undertaker,Triple H,Mankind,Rey Mysterio,The Rock,Quizsentials,,False,18 Sep 2025,Bonus Round - 10 Multi Tap Questions.sqt,1,18 Sep 2025
Tap only the songs released by Beyoncé.,multi_tap,"B,C,D,E",SOS,Crazy in Love,Halo,Single Ladies (Put a Ring on It),Texas Hold 'Em,Shut Up and Drive,Quizsentials,,False,31 Mar 2026,Bonus Round - 10 Multi Tap Questions.sqt,1,31 Mar 2026
"Of the US presidents listed here, tap only the ones who were president during the 1800s.",multi_tap,"B,C",George Washington,Thomas Jefferson,Abraham Lincoln,Theodore Roosevelt,Franklin D Roosevelt,John F Kennedy,Quizsentials,,False,31 Mar 2026,Bonus Round - 10 Multi Tap Questions.sqt,3,13 Apr 2025
Tap only the names of weapons from the 'Star Wars' franchise.,multi_tap,"B,D,E,F",Batarang,Blaster Rifle,Mind Stone,Bowcaster,Lightsaber,Thermal Detonator,Quizsentials,,False,31 Mar 2026,Bonus Round - 10 Multi Tap Questions.sqt,1,31 Mar 2026
Tap only the countries that have a coastline on the Baltic Sea.,multi_tap,"A,B,C,D,E,F",Finland,Germany,Sweden,Latvia,Lithuania,Denmark,Quizsentials,,False,31 Mar 2026,Bonus Round - 10 Multi Tap Questions.sqt,1,31 Mar 2026
"Of the Olympic events listed here, tap only the ones contested solely by female athletes.",multi_tap,"A,D",100m hurdles,Triathlon,Decathlon,Heptathlon,800m,3000m steeplechase,Quizsentials,,False,31 Mar 2026,Bonus Round - 10 Multi Tap Questions.sqt,1,31 Mar 2026
"Of the Lady Gaga songs listed here, tap only the duets.",multi_tap,"C,D,F",Judas,The Edge of Glory,Telephone,Shallow,Paparazzi,Die With a Smile,Quizsentials,,False,31 Mar 2026,Bonus Round - 10 Multi Tap Questions.sqt,1,31 Mar 2026
Tap only the African countries that are south of the equator.,multi_tap,"A,B,C,D,E",Zimbabwe,Angola,Mozambique,South Africa,Tanzania,Mali,Quizsentials,,False,31 Mar 2026,Bonus Round - 10 Multi Tap Questions.sqt,1,31 Mar 2026
Tap only the US cities that are further west than Chicago.,multi_tap,"D,F",Boston,Miami,Pittsburgh,Denver,Baltimore,Albuquerque,Quizsentials,,False,22 May 2025,Bonus Round - 10 Multi Tap Questions.sqt,2,4 Aug 2026
Tap only the 'Star Wars' characters who wielded a lightsaber.,multi_tap,"A,B,E,F",Darth Vader,Luke Skywalker,Uncle Owen,Chewbacca,Mace Windu,Obi-Wan Kenobi,Quizsentials,,False,22 May 2025,Bonus Round - 10 Multi Tap Questions.sqt,1,22 May 2025
Tap only the actors and actresses who have starred in 'Stranger Things'.,multi_tap,"A,B,C,D,E,F",Finn Wolfhard,Winona Ryder,David Harbour,Millie Bobby Brown,Caleb McLaughlin,Sadie Sink,Quizsentials,,False,22 May 2025,Bonus Round - 10 Multi Tap Questions.sqt,2,9 Apr 2026
Tap only the golfers who have won the Masters at least three times.,multi_tap,"B,C,D,E",Seve Ballesteros,Tiger Woods,Nick Faldo,Jack Nicklaus,Arnold Palmer,Scottie Scheffler,Quizsentials,,False,22 May 2025,Bonus Round - 10 Multi Tap Questions.sqt,1,22 May 2025
Tap only the countries that Phileas Fogg travels to in the book 'Around the World in Eighty Days' by Jules Verne.,multi_tap,"D,E",South Africa,Argentina,Portugal,India,USA,Canada,Quizsentials,,False,22 May 2025,Bonus Round - 10 Multi Tap Questions.sqt,2,23 Jun 2026
"Of the hip-hop acts listed here, tap only the ones from the East Coast of the USA.",multi_tap,"C,D,F",Snoop Dogg,Eazy-E,Notorious B.I.G.,Wu-Tang Clan,Dr Dre,LL Cool J,Quizsentials,,False,22 May 2025,Bonus Round - 10 Multi Tap Questions.sqt,1,22 May 2025
"Of the types of glassware listed here, that only the ones that typically have a stem?",multi_tap,"A,B,F",Champagne flute,Martini glass,Highball,Beer stein,Shot glass,Brandy glass,Quizsentials,,False,22 May 2025,Bonus Round - 10 Multi Tap Questions.sqt,1,22 May 2025
"Of the countries listed here, tap only the ones that have won the FIFA World Cup.",multi_tap,"E,F",Denmark,Mexico,Netherlands,Portugal,Spain,Uruguay,Quizsentials,,False,22 May 2025,Bonus Round - 10 Multi Tap Questions.sqt,2,15 Feb 2026
"Of the drinks listed here, tap only the ones that typically have tequila in them.",multi_tap,"B,F",Manhattan,Margarita,Mojito,Mimosa,Bloody Mary,Bloody Maria,Quizsentials,,False,1 Sep 2025,Bonus Round - 10 Multi Tap Questions.sqt,1,1 Sep 2025
Tap only the people who have been leaders of African countries.,multi_tap,"A,B,C,D",Idi Amin,Colonel Gaddafi,Haile Selassie,Patrice Lumumba,Pol Pot,Ho Chi Minh,Quizsentials,,False,1 Sep 2025,Bonus Round - 10 Multi Tap Questions.sqt,1,1 Sep 2025
Tap only the films starring Aaron Taylor-Johnson.,multi_tap,"A,B,C,E,F",Godzilla,Kick-Ass,Avengers: Age of Ultron,Robin Hood,Bullet Train,Nowhere Boy,Quizsentials,,False,1 Sep 2025,Bonus Round - 10 Multi Tap Questions.sqt,1,1 Sep 2025
Tap only the Shakespeare plays.,multi_tap,"A,B,D,E",Hamlet,Othello,Pride and Prejudice,Romeo and Juliet,King Lear,Great Expectations,Quizsentials,,False,1 Sep 2025,Bonus Round - 10 Multi Tap Questions.sqt,1,1 Sep 2025
Tap only the celebrities who have guest-starred as themselves in 'Family Guy'.,multi_tap,"A,C,D,E",James Woods,Taylor Swift,Liam Neeson,Frank Sinatra Jr,Patrick Stewart,Tom Cruise,Quizsentials,,False,1 Sep 2025,Bonus Round - 10 Multi Tap Questions.sqt,1,1 Sep 2025
"Of these animals, tap only the ones that are feline.",multi_tap,"A,C,E,F",Ocelot,Dingo,Lynx,Coyote,Serval,Cougar,Quizsentials,,False,1 Sep 2025,Bonus Round - 10 Multi Tap Questions.sqt,1,1 Sep 2025
Tap only the defensive positions in American football.,multi_tap,"A,B,C,E,F",Outside linebacker,Middle linebacker,Safety,Tight end,Cornerback,Nose tackle,Quizsentials,,False,1 Sep 2025,Bonus Round - 10 Multi Tap Questions.sqt,2,16 Aug 2026
Tap the things that Vance Joy says he was scared of in the first verse of his hit song 'Riptide'.,multi_tap,"B,D,F",Spiders,Dentists,Clowns,Pretty girls,The Mafia,The dark,Quizsentials,,False,1 Sep 2025,Bonus Round - 10 Multi Tap Questions.sqt,1,1 Sep 2025
Tap only the Olympic Games at which the swimmer Michael Phelps won gold.,multi_tap,"A,B,C,D",Athens 2004,Beijing 2008,London 2012,Rio 2016,Tokyo 2020,Paris 2024,Quizsentials,,False,1 Sep 2025,Bonus Round - 10 Multi Tap Questions.sqt,1,1 Sep 2025
"Tap only the ingredients in a standard béchamel sauce, according to the Escoffier School of Culinary Arts.",multi_tap,"C,D,F",Egg white,Egg yolk,Flour,Milk,Water,Butter,Quizsentials,,False,8 Jul 2025,Bonus Round - 10 Multi Tap Questions.sqt,2,25 Aug 2026
"Of the celebrities listed here, tap only the pro wrestlers, as opposed to YouTubers.",multi_tap,"A,B,E,F",Becky Lynch,Liv Morgan,Jenna Marbles,Emma Chamberlain,Rhea Ripley,Stephanie McMahon,Quizsentials,,False,8 Jul 2025,Bonus Round - 10 Multi Tap Questions.sqt,1,8 Jul 2025
Tap only the names of categories in a standard game of Trivial Pursuit.,multi_tap,"B,D,E,F",Film & TV,Sport & Leisure,Food & Drink,History,Art & Literature,Geography,Quizsentials,,False,8 Jul 2025,Bonus Round - 10 Multi Tap Questions.sqt,1,8 Jul 2025
Tap only the names of characters from the original 'High School Musical' movie.,multi_tap,"D,E,F",Tracy Turnblad,Link Larkin,Penny Lou Pingleton,Troy Bolton,Gabriella Montez,Sharpay Evans,Quizsentials,,False,8 Jul 2025,Bonus Round - 10 Multi Tap Questions.sqt,1,8 Jul 2025
Tap only the states that border Texas.,multi_tap,"A,B,C,E",Oklahoma,Louisiana,New Mexico,Kentucky,Arkansas,California,Quizsentials,,False,8 Jul 2025,Bonus Round - 10 Multi Tap Questions.sqt,1,8 Jul 2025
"Of these foreign language names, tap only those that are the equivalent of Joseph.",multi_tap,"A,C,D,F",José,Johanne,Giuseppe,Yusuf,Jakob,Guzepp,Quizsentials,,False,8 Jul 2025,Bonus Round - 10 Multi Tap Questions.sqt,2,16 Aug 2026
"Tap only the songs released by the band 'One Direction', not including any solo singles.",multi_tap,"A,E,F",The Story of My Life,Pillow Talk,Sign of the Times,Slow Hands,What Makes You Beautiful,Steal My Girl,Quizsentials,,False,8 Jul 2025,Bonus Round - 10 Multi Tap Questions.sqt,1,8 Jul 2025
Tap only the names of Martin Sheen's sons.,multi_tap,"B,C,E",Antonio Estevez,Charlie Sheen,Emilio Estevez,Michael Sheen,Ramón Estevez,William Sheen,Quizsentials,,False,14 Nov 2025,Bonus Round - 10 Multi Tap Questions.sqt,1,14 Nov 2025
Tap only the cocktails that typically have tequila in them.,multi_tap,"A,F",Margarita,Mojito,Negroni,Cosmopolitan,Gimlet,Long Island iced tea,Quizsentials,,False,14 Nov 2025,Bonus Round - 10 Multi Tap Questions.sqt,1,14 Nov 2025
"Of the Pokémon listed here, tap only those that were among the original 151 to appear in 'Pokémon Red' and 'Pokémon Blue'.",multi_tap,"C,D,E",Flygon,Mudkip,Pikachu,Charizard,Squirtle,Lucario,Quizsentials,,False,14 Nov 2025,Bonus Round - 10 Multi Tap Questions.sqt,1,14 Nov 2025
Tap only the buildings that are taller than the Empire State Building.,multi_tap,"B,D","Eiffel Tower, Paris","Burj Khalifa, Dubai","The Shard, London","Willis Tower, Chicago","Chrysler Building, New York City",Leaning Tower of Pisa,Quizsentials,,False,14 Nov 2025,Bonus Round - 10 Multi Tap Questions.sqt,1,14 Nov 2025
Tap only the singles released by Harry Styles.,multi_tap,"B,C,D,E,F",Castle on the Hill,Sign of the Times,As It Was,Adore You,Watermelon Sugar,Treat People with Kindness,Quizsentials,,False,14 Nov 2025,Bonus Round - 10 Multi Tap Questions.sqt,1,14 Nov 2025
Tap only the religions that predate Christianity.,multi_tap,"B,C,D,F",Scientology,Judaism,Germanic Paganism,Polytheistic Roman religion,Islam,Buddhism,Quizsentials,,False,14 Nov 2025,Bonus Round - 10 Multi Tap Questions.sqt,1,14 Nov 2025
Tap only the things and people related to the legend of King Arthur.,multi_tap,"A,D,F",The Round Table,Lady Godiva,The Elder Wand,Merlin,Beowulf,Excalibur,Quizsentials,,False,14 Nov 2025,Bonus Round - 10 Multi Tap Questions.sqt,1,14 Nov 2025
Tap only the countries that share a name with their capital city.,multi_tap,"A,B,D,E",Mexico,Guatemala,Sudan,Luxembourg,Panama,Albania,Quizsentials,,False,9 Jul 2025,Bonus Round - 10 Multi Tap Questions.sqt,1,9 Jul 2025
Tap the nations who have never had a cyclist win the Tour de France.,multi_tap,C,Columbia,Australia,Turkey,Belgium,United States,Ireland,Quizsentials,,False,9 Jul 2025,Bonus Round - 10 Multi Tap Questions.sqt,1,9 Jul 2025
Tap only the football clubs that Kylian Mbappé has played for.,multi_tap,"D,E,F",Marseille,Lyon,Real Betis,Real Madrid,Paris Saint-Germain,Monaco,Quizsentials,,False,9 Jul 2025,Bonus Round - 10 Multi Tap Questions.sqt,2,22 Apr 2026
Tap only the diseases caused by viruses.,multi_tap,"A,B,D,E",Influenza,Mumps,Malaria,COVID-19,Rubella,Lyme disease,Quizsentials,,False,9 Jul 2025,Bonus Round - 10 Multi Tap Questions.sqt,2,23 Aug 2026
"Of the French words for animals listed here, tap only the big cats.",multi_tap,"C,D",Mouton,Cheval,Léopard,Guépard,Singe,Cochon,Quizsentials,,False,9 Jul 2025,Bonus Round - 10 Multi Tap Questions.sqt,2,31 May 2026
Tap only the films starring Dwayne Johnson.,multi_tap,"A,C,E,F",Jumanji: Welcome to the Jungle,Ant-Man,Black Adam,Gone in 60 Seconds,Fast & Furious 6,Snitch,Quizsentials,,False,9 Jul 2025,Bonus Round - 10 Multi Tap Questions.sqt,1,9 Jul 2025
Tap only the last names of the main four kids in 'South Park'.,multi_tap,"B,C,D,E",McLusky,Broflovski,Cartman,Marsh,McCormick,Janowski,Quizsentials,,False,9 Jul 2025,Bonus Round - 10 Multi Tap Questions.sqt,1,9 Jul 2025
Tap only the artists who have performed the theme song to a James Bond film.,multi_tap,"A,B",Sheena Easton,Billie Eilish,Gloria Gaynor,Annie Lennox,Bon Jovi,Amy Winehouse,Quizsentials,,False,9 Jul 2025,Bonus Round - 10 Multi Tap Questions.sqt,1,9 Jul 2025
Tap only the names of stitches used in knitting.,multi_tap,"A,C,E,F",Moss stitch,Lilo stitch,Rib stitch,Swirl stitch,Purl stitch,Garter stitch,Quizsentials,,False,13 Aug 2025,Bonus Round - 10 Multi Tap Questions.sqt,1,13 Aug 2025
Tap only the events that took place in 2024.,multi_tap,"C,D,F",Taylor Swift's 'Eras Tour' began,Charles III was crowned King of the United Kingdom,Donald Trump was shot in the ear,The movie 'Madame Web' was released,The TV show 'The Last of Us' premiered,The video game 'Balatro' was released,Quizsentials,,False,13 Aug 2025,Bonus Round - 10 Multi Tap Questions.sqt,1,13 Aug 2025
Tap only the countries whose capital cities have exactly six letters in their name.,multi_tap,"A,C,F",England,South Korea,Portugal,Jamaica,Chile,Spain,Quizsentials,,False,13 Aug 2025,Bonus Round - 10 Multi Tap Questions.sqt,1,13 Aug 2025
"Of the celebrities listed here, tap only the ones that were married to Elizabeth Taylor.",multi_tap,"A,C,D,E",Conrad Hilton Jr,Joe DiMaggio,Mike Todd,Richard Burton,John Warner,Arthur Miller,Quizsentials,,False,13 Aug 2025,Bonus Round - 10 Multi Tap Questions.sqt,1,13 Aug 2025
"Of the Drake singles listed here, tap only the Kendrick Lamar diss tracks.",multi_tap,"B,C",Passionfruit,Family Matters,Push Ups,Nice For What,God's Plan,One Dance,Quizsentials,,False,13 Aug 2025,Bonus Round - 10 Multi Tap Questions.sqt,1,13 Aug 2025
Tap only the names of four cups from the original 1992 video game 'Super Mario Kart'.,multi_tap,"A,B,C,F",Mushroom Cup,Flower Cup,Star Cup,Sunlight Cup,Beach Cup,Special Cup,Quizsentials,,False,13 Aug 2025,Bonus Round - 10 Multi Tap Questions.sqt,1,13 Aug 2025
Tap only the 'Friends' characters that have sisters.,multi_tap,"A,B,C,F",Joey,Ross,Rachel,Chandler,Monica,Phoebe,Quizsentials,,False,13 Aug 2025,Bonus Round - 10 Multi Tap Questions.sqt,1,13 Aug 2025
"Of the Old West gunslingers listed here, tap only the outlaws.",multi_tap,"B,D,E",Wyatt Earp,Jesse James,Pat Garrett,Billy the Kid,Butch Cassidy,Wild Bill Hickok,Quizsentials,,False,13 Aug 2025,Bonus Round - 10 Multi Tap Questions.sqt,1,13 Aug 2025
"Tap only the elements that are considered metalloids (ie have properties in between, or a mixture of, metals and non-metals).",multi_tap,"A,B,C,E",Silicon,Arsenic,Boron,Chlorine,Germanium,Sulfur,Quizsentials,,False,13 Aug 2025,Bonus Round - 10 Multi Tap Questions.sqt,1,13 Aug 2025
Tap only the football managers who are listed here with their correct nationality.,multi_tap,A,Arne Slot - Dutch,Enzo Maresca - Argentinian,Unai Emery - Portuguese,Graham Potter - Scottish,Thomas Frank - German,Marco Silva - Spanish,Quizsentials,,False,13 Aug 2025,Bonus Round - 10 Multi Tap Questions.sqt,2,10 Jun 2026
"Of the football clubs listed here, tap only the ones that Neymar has played for.",multi_tap,"D,E",Real Madrid,Juventus,Manchester United,Paris Saint-Germain,Barcelona,Ajax,Quizsentials,,False,12 Aug 2025,Bonus Round - 10 Multi Tap Questions.sqt,2,5 Jun 2026
Tap only the countries that border Ukraine.,multi_tap,"A,C,E,F",Belarus,Finland,Hungary,Latvia,Poland,Russia,Quizsentials,,False,12 Aug 2025,Bonus Round - 10 Multi Tap Questions.sqt,1,12 Aug 2025
Select only the films that starred the actor Tom Hanks.,multi_tap,"A,B",Forrest Gump,Castaway,High School Musical 2,Fight Club,"Monsters, Inc.",Cocktail,Quizsentials,,False,12 Aug 2025,Bonus Round - 10 Multi Tap Questions.sqt,1,12 Aug 2025
Tap only the TV shows that originated in Japan.,multi_tap,"A,C,F",Takeshi's Castle,Squid Game,Ninja Warrior,Hole in the Wall,Gladiators,Pokémon,Quizsentials,,False,12 Aug 2025,Bonus Round - 10 Multi Tap Questions.sqt,1,12 Aug 2025
Tap only the animals that use echolocation (biological sonar system) to navigate and find food.,multi_tap,"B,C,D,E",Parrots,Bats,Porpoises,Dolphins,Orcas,Snakes,Quizsentials,,False,12 Aug 2025,Bonus Round - 10 Multi Tap Questions.sqt,1,12 Aug 2025
Tap only the people who have been president of post-Soviet Union Russia.,multi_tap,"A,B,D",Boris Yeltsin,Vladimir Putin,Mikhail Gorbachev,Dmitry Medvedev,Nicolas Sarkozy,François Hollande,Quizsentials,,False,12 Aug 2025,Bonus Round - 10 Multi Tap Questions.sqt,1,12 Aug 2025
Tap only the cocktails that are typically served in a martini glass or coupe glass.,multi_tap,"A,B,F",Dry martini,Daiquiri,Mojito,Sex on the beach,Old fashioned,Espresso martini,Quizsentials,,False,12 Aug 2025,Bonus Round - 10 Multi Tap Questions.sqt,1,12 Aug 2025
Tap only the singles released by The Weeknd.,multi_tap,"A,C,E",Can't Feel My Face,Hotline Bling,Blinding Lights,God's Plan,Save Your Tears,One Dance,Quizsentials,,False,12 Aug 2025,Bonus Round - 10 Multi Tap Questions.sqt,1,12 Aug 2025
"Of the tennis players listed here, tap only the Australians.",multi_tap,"A,D,E",Evonne Goolagong Cawley,Andy Roddick,Sue Barker,Lleyton Hewitt,Ashleigh Barty,Pete Sampras,Quizsentials,,False,12 Aug 2025,Bonus Round - 10 Multi Tap Questions.sqt,1,12 Aug 2025
Tap only the football teams that Manchester United legend Roy Keane has managed.,multi_tap,"A,C",Ipswich Town,Derby County,Sunderland,Bristol City,Ireland,Fulham,Quizsentials,,False,26 Sep 2025,Bonus Round - 10 Multi Tap Questions.sqt,3,2 Sep 2026
Tap only the names of people that Phoebe dated in 'Friends'.,multi_tap,"B,C",Richard,Mike,David,Joshua,Tag,Barry,Quizsentials,,False,26 Sep 2025,Bonus Round - 10 Multi Tap Questions.sqt,1,26 Sep 2025
Tap only the companies founded in Germany.,multi_tap,"B,C,E,F",Nike,Adidas,Siemens,LG,E.ON,Lufthansa,Quizsentials,,False,26 Sep 2025,Bonus Round - 10 Multi Tap Questions.sqt,1,26 Sep 2025
Tap only the cities that have a subway (underground metro) system.,multi_tap,"A,C,E,F",Sydney,Dublin,Berlin,Las Vegas,Budapest,Tokyo,Quizsentials,,False,26 Sep 2025,Bonus Round - 10 Multi Tap Questions.sqt,1,26 Sep 2025
Tap only the anagrams of at at least one other word in the list.,multi_tap,"A,B,D,F",Agrees,Agree,Greece,Eager,Greek,Grease,Quizsentials,,False,26 Sep 2025,Bonus Round - 10 Multi Tap Questions.sqt,1,26 Sep 2025
"Of the Chinese companies listed here, tap only the fashion retailers.",multi_tap,C,Huawei,BYD,Shein,Hisense,Xiaomi,ByteDance,Quizsentials,,False,26 Sep 2025,Bonus Round - 10 Multi Tap Questions.sqt,1,26 Sep 2025
Tap only the adjectives that were used as names by members of the Spice Girls.,multi_tap,"B,C,E",Spicy,Scary,Sporty,Stormy,Posh,Dopey,Quizsentials,,False,26 Sep 2025,Bonus Round - 10 Multi Tap Questions.sqt,1,26 Sep 2025
Tap only the feature films in the 'Lego' franchise.,multi_tap,"A,B,C,E",The Lego Movie,The Lego Batman Movie,The Lego Ninjago Movie,The Lego Hulk Movie,The Lego Movie 2: The Second Part,The Lego Joker Movie,Quizsentials,,False,26 Sep 2025,Bonus Round - 10 Multi Tap Questions.sqt,1,26 Sep 2025
Tap only the nations that currently have mandatory military service.,multi_tap,"A,B,E,F",Brazil,North Korea,Japan,Germany,Ukraine,South Korea,Quizsentials,,False,26 Sep 2025,Bonus Round - 10 Multi Tap Questions.sqt,1,26 Sep 2025
Tap only the lizards.,multi_tap,"B,C,D,F",Newt,Gecko,Chameleon,Monitor,Salamander,Skink,Quizsentials,,False,26 Sep 2025,Bonus Round - 10 Multi Tap Questions.sqt,1,26 Sep 2025
Tap only the titles of songs that appear in Disney movies.,multi_tap,"A,B,C",A Whole New World,Be Our Guest,Circle of Life,Defying Gravity,Toot Sweets,We Don't Talk About Boris,Quizsentials,,False,15 Apr 2025,Bonus Round - 10 Multi Tap Questions.sqt,1,15 Apr 2025
"Of these Lannister family members, tap only the ones who survived until the very end of 'Game of Thrones'.",multi_tap,B,Jaime,Tyrion,Cersei,Joffrey,Tommen,Tywin,Quizsentials,,False,15 Apr 2025,Bonus Round - 10 Multi Tap Questions.sqt,2,27 Feb 2026
"Of the elements listed here, tap only the ones whose chemical symbol begins with a vowel.",multi_tap,"A,E,F",Silver,Antimony,Iron,Lead,Gold,Uranium,Quizsentials,,False,15 Apr 2025,Bonus Round - 10 Multi Tap Questions.sqt,2,27 Feb 2026
Tap only the countries that are represented by at least one driver in the 2025 Formula One season.,multi_tap,"A,B,C,D,E,F",UK,Australia,Brazil,Italy,Canada,France,Quizsentials,,False,15 Apr 2025,Bonus Round - 10 Multi Tap Questions.sqt,1,15 Apr 2025
"Of these books, tap only the ones written by George Orwell.",multi_tap,D,Trainspotting,Brave New World,On the Road,Nineteen Eighty-Four,Fahrenheit 451,The Catcher in the Rye,Quizsentials,,False,15 Apr 2025,Bonus Round - 10 Multi Tap Questions.sqt,3,19 May 2026
"Of these 2020s pop songs, tap only the ones by Chappell Roan.",multi_tap,"C,D,F",Please Please Please,"I Love You, I'm Sorry",Hot to Go!,Pink Pony Club,Greedy,"Good Luck, Babe!",Quizsentials,,False,15 Apr 2025,Bonus Round - 10 Multi Tap Questions.sqt,1,15 Apr 2025
Tap only the names of professional sporting leagues in the US.,multi_tap,"A,B,E",NFL,NBA,NBC,CBS,NHL,ABC,Quizsentials,,False,15 Apr 2025,Bonus Round - 10 Multi Tap Questions.sqt,3,10 Dec 2025
Tap only the elements that are named after minerals in which they can be found.,multi_tap,"A,D,E",Calcium,Hydrogen,Nitrogen,Sodium,Potassium,Oyxgen,Quizsentials,,False,6 Jun 2025,Bonus Round - 10 Multi Tap Questions.sqt,2,16 Apr 2026
Tap only the toothpaste brands.,multi_tap,"B,D,E,F",Pledge,Crest,Aqua Velva,Colgate,Euthymol,Oral-B,Quizsentials,,False,6 Jun 2025,Bonus Round - 10 Multi Tap Questions.sqt,2,28 Apr 2026
"Of the parts of a cell listed here, tap only the ones that are in both an animal cell and a plant cell.",multi_tap,"A,C,E,F",Nucleus,Cell wall,Cell membrane,Chloroplast,Mitochondrion,Cytoplasm,Quizsentials,,False,6 Jun 2025,Bonus Round - 10 Multi Tap Questions.sqt,2,21 May 2026
Tap only the online celebrities who are best known for their video game content.,multi_tap,"A,D",Ninja,MrBeast,Druski,Pokimane,Logan Paul,Sophie Rain,Quizsentials,,False,6 Jun 2025,Bonus Round - 10 Multi Tap Questions.sqt,2,22 Apr 2026
Tap only the dating apps that are primarily for gay people.,multi_tap,"B,C,D,E",Hinge,Grindr,myBOY,Daddyhunt,GROWLR,Bumble,Quizsentials,,False,6 Jun 2025,Bonus Round - 10 Multi Tap Questions.sqt,1,6 Jun 2025
Tap only the Madonna song titles that are also Madonna album titles.,multi_tap,"B,C,D,F",Lucky Star,Like a Virgin,True Blue,Like a Prayer,Frozen,Music,Quizsentials,,False,6 Jun 2025,Bonus Round - 10 Multi Tap Questions.sqt,1,6 Jun 2025
"Of these words/phrases, tap only the spellings that are predominantly used in American-English as opposed to British-English.",multi_tap,"B,C,F",Archaeology,Archeology,Driver's license,Driver's licence,Organise,Organize,Quizsentials,,False,5 Oct 2025,Bonus Round - 10 Multi Tap Questions.sqt,1,5 Oct 2025
"Of these English football clubs, tap only the ones that Rafa Benitez has managed.",multi_tap,"A,C,D,E",Liverpool,West Ham United,Newcastle United,Everton,Chelsea,Aston Villa,Quizsentials,,False,5 Oct 2025,Bonus Round - 10 Multi Tap Questions.sqt,2,4 Mar 2025
Tap only the names of space telescopes.,multi_tap,"B,D,F",Voyager 1,Hubble,Viking 1,James Webb,Viking 2,Euclid,Quizsentials,,False,5 Oct 2025,Bonus Round - 10 Multi Tap Questions.sqt,1,5 Oct 2025
"Actor Kevin James has played various movie characters with various lines of work. Of these jobs, tap only the ones that his characters have had.",multi_tap,"A,B,C,D,F",Zookeeper,Firefighter,US president,Cage fighter,Biscuit maker,Mall cop,Quizsentials,,False,5 Oct 2025,Bonus Round - 10 Multi Tap Questions.sqt,1,5 Oct 2025
"Of the countries listed here, tap only the ones whose most populous city is NOT the capital.",multi_tap,"A,C,D",United States,United Kingdom,Nigeria,Australia,France,Japan,Quizsentials,,False,5 Oct 2025,Bonus Round - 10 Multi Tap Questions.sqt,1,5 Oct 2025
Tap only the warm-blooded animals.,multi_tap,"A,D,F",Whales,Crocodiles,Tortoises,Owls,Spiders,Badgers,Quizsentials,,False,5 Oct 2025,Bonus Round - 10 Multi Tap Questions.sqt,1,5 Oct 2025
Tap only the names of types of pasta.,multi_tap,"A,C,E,F",Penne,Maserati,Orzo,Pagani Zonda,Fusilli,Ziti,Quizsentials,,False,5 Oct 2025,Bonus Round - 10 Multi Tap Questions.sqt,2,5 Oct 2025
Tap only the titles of Post Malone singles.,multi_tap,"A,B,F",Better Now,I Had Some Help,Industry Baby,Montero,Old Town Road,Rockstar,Quizsentials,,False,5 Oct 2025,Bonus Round - 10 Multi Tap Questions.sqt,1,5 Oct 2025
"Of the K-pop acts listed here, tap only the ones who are all-female.",multi_tap,"B,C,D,E",BTS,Blackpink,Katseye,NewJeans,Aespa,Seventeen,Quizsentials,,False,15 Feb 2026,Bonus Round - 10 Multi Tap Questions.sqt,1,15 Feb 2026
Tap only the movies that are about American football.,multi_tap,"B,C,F",Coach Carter,The Longest Yard,The Blind Side,Field of Dreams,Goon,Remember the Titans,Quizsentials,,False,15 Feb 2026,Bonus Round - 10 Multi Tap Questions.sqt,1,15 Feb 2026
"Of the chemical symbols listed here, tap only the ones whose element is exactly six letters long.",multi_tap,"A,C,E,F",Na,Ne,O,H,C,Co,Quizsentials,,False,15 Feb 2026,Bonus Round - 10 Multi Tap Questions.sqt,2,6 Apr 2025
"Of the pro wrestlers listed here, tap only the ones whose WWE (formerly WWF)career began before John Cena's.",multi_tap,"B,C,E",Seth Rollins,Stone Cold Steve Austin,The Big Show,CM Punk,The Undertaker,Cody Rhodes,Quizsentials,,False,15 Feb 2026,Bonus Round - 10 Multi Tap Questions.sqt,1,15 Feb 2026
Tap only the Australian states.,multi_tap,"A,B",New South Wales,Victoria,Alberta,British Columbia,Manitoba,Prince Edward Island,Quizsentials,,False,15 Feb 2026,Bonus Round - 10 Multi Tap Questions.sqt,2,20 Aug 2025
"Of these historical figures, tap only the ones known for wearing a moustache.",multi_tap,"A,B,D,E",Albert Einstein,Prince Albert,Queen Victoria,Salvador Dali,Martin Luther King Jr,John F. Kennedy,Quizsentials,,False,15 Feb 2026,Bonus Round - 10 Multi Tap Questions.sqt,1,15 Feb 2026
Tap only the clubs that have won the Premier League title.,multi_tap,"A,C,D,E",Chelsea,Tottenham Hotspur,Manchester United,Liverpool,Blackburn Rovers,Everton,Quizsentials,,False,2 Jul 2025,Bonus Round - 10 Multi Tap Questions.sqt,2,10 Apr 2026
Tap only the titles of songs by Adele.,multi_tap,"C,D,E,F",You Know I'm No Good,Love Is a Losing Game,Rolling in the Deep,Hello,Easy on Me,Chasing Pavements,Quizsentials,,False,2 Jul 2025,Bonus Round - 10 Multi Tap Questions.sqt,1,2 Jul 2025
Tap only the novels written by Charles Dickens.,multi_tap,"A,D,F",Oliver Twist,Tess of the d'Urbervilles,Pride and Prejudice,Great Expectations,Dracula,David Copperfield,Quizsentials,,False,2 Jul 2025,Bonus Round - 10 Multi Tap Questions.sqt,3,4 Aug 2026
Tap only the locations that have been the main setting for a series of the TV series 'The White Lotus'.,multi_tap,"B,C,D",Brazil,Hawaii,Thailand,Sicily,Jamaica,India,Quizsentials,,False,2 Jul 2025,Bonus Round - 10 Multi Tap Questions.sqt,1,2 Jul 2025
"Of these tennis tournaments, tap only the ones that are Grand Slam events.",multi_tap,"D,E,F",Davis Cup,ATP Finals,Olympics,Australian Open,Roland-Garros,Wimbledon,Quizsentials,,False,2 Jul 2025,Bonus Round - 10 Multi Tap Questions.sqt,1,2 Jul 2025
Tap only the names of characters in 'Reservoir Dogs'.,multi_tap,"B,D",Mr Black,Mr Blue,Mr Peach,Mr Orange,Mr Magenta,Mr Cyan,Quizsentials,,False,2 Jul 2025,Bonus Round - 10 Multi Tap Questions.sqt,1,2 Jul 2025
"Of the islands listed here, tap only the ones that are Italian.",multi_tap,F,Corfu,Corsica,Crete,Ibiza,Rhodes,Sardinia,Quizsentials,,False,2 Jul 2025,Bonus Round - 10 Multi Tap Questions.sqt,1,2 Jul 2025
"Of the animals listed here, tap only the ones in the same biological family as cows.",multi_tap,"A,B,D,F",Bison,Antelope,Giraffe,Sheep,Moose,Buffalo,Quizsentials,,False,2 Jul 2025,Bonus Round - 10 Multi Tap Questions.sqt,2,13 May 2026
"Of these vegetables, tap only the ones that are the same family as cabbage.",multi_tap,"A,B,C,D",Broccoli,Cauliflower,Brussels sprout,Kale,Carrot,Potato,Quizsentials,,False,2 Jul 2025,Bonus Round - 10 Multi Tap Questions.sqt,2,10 Aug 2026
Tap only the songs that appear on the album 'Bad' by Michael Jackson.,multi_tap,"A,C,D,E,F",Smooth Criminal,Dangerous,Man in the Mirror,Liberian Girl,Dirty Diana,Bad,Quizsentials,,False,3 Jul 2025,Bonus Round - 10 Multi Tap Questions.sqt,1,3 Jul 2025
Tap only the names that represent letters on the NATO phonetic alphabet.,multi_tap,"A,C,D,F",Charlie,Freddie,Juliett,Mike,Roger,Victor,Quizsentials,,False,3 Jul 2025,Bonus Round - 10 Multi Tap Questions.sqt,1,3 Jul 2025
Tap only the movies that are about ballet dancing.,multi_tap,"A,D",Black Swan,Point Break,Pretty in Pink,The Red Shoes,Step Up,Sister Act,Quizsentials,,False,3 Jul 2025,Bonus Round - 10 Multi Tap Questions.sqt,1,3 Jul 2025
Tap only the novels that take place either fully or partly on a different planet.,multi_tap,"A,D","Dune, by Frank Herbert","Twilight, by Stephenie Meyer","The Hunger Games, by Suzanne Collins","The Martian, by Andy Weir","Nineteen Eighty-Four, by George Orwell","Life of Pi, by Yann Martel",Quizsentials,,False,3 Jul 2025,Bonus Round - 10 Multi Tap Questions.sqt,3,9 Aug 2026
"Of these famous chefs, tap only the ones from the UK.",multi_tap,"C,D,E",Anthony Bourdain,Raymond Blanc,Heston Blumenthal,Marco Pierre White,Gordon Ramsay,David Chang,Quizsentials,,False,3 Jul 2025,Bonus Round - 10 Multi Tap Questions.sqt,2,16 Aug 2026
Tap only the people born in China.,multi_tap,"B,E,F",Hirohito,Mao Zedong,Yoko Ono,Naomi Osaka,Jet Li,Xi Jinping,Quizsentials,,False,3 Jul 2025,Bonus Round - 10 Multi Tap Questions.sqt,1,3 Jul 2025
Tap only the celestial objects that are smaller than Earth's moon.,multi_tap,"C,D,F",Mercury,Mars,Pluto,International Space Station,Ganymede (moon of Jupiter),Halley's comet,Quizsentials,,False,3 Jul 2025,Bonus Round - 10 Multi Tap Questions.sqt,1,3 Jul 2025
Tap only the names of US overseas territories.,multi_tap,"A,B,E",Puerto Rico,American Samoa,Panama,Bermuda,Guam,Greenland,Quizsentials,,False,3 Jul 2025,Bonus Round - 10 Multi Tap Questions.sqt,1,3 Jul 2025
"Of the 'Friends' characters listed here, tap only the ones who got married on the show.",multi_tap,"A,B,D,E,F",Ross,Rachel,Joey,Phoebe,Monica,Chandler,Quizsentials,,False,20 Feb 2026,Bonus Round - 10 Multi Tap Questions.sqt,1,20 Feb 2026
Tap only the NBA franchises that are currently situated in California.,multi_tap,C,Pelicans,Jazz,Lakers,Nuggets,Celtic,Magic,Quizsentials,,False,20 Feb 2026,Bonus Round - 10 Multi Tap Questions.sqt,2,1 Jun 2025
South Africa has three capital cities. Tap those cities.,multi_tap,"C,D,F",Durban,Johannesburg,Pretoria,Bloemfontein,Gqeberha (aka Port Elizabeth),Cape Town,Quizsentials,,False,20 Feb 2026,Bonus Round - 10 Multi Tap Questions.sqt,1,20 Feb 2026
Tap only the names of racing courses that have featured in a 'Mario Kart' video game.,multi_tap,"B,C,D,F",Eaglerock Speedway,Moo Moo Meadows,Rainbow Road,Mario Circuit,Hakone Circuit,Choco Mountain,Quizsentials,,False,20 Feb 2026,Bonus Round - 10 Multi Tap Questions.sqt,1,20 Feb 2026
Tap only the films that were listed in Rolling Stone magazine's top 20 best movies of 2025.,multi_tap,"A,D",One Battle After Another,Bridget Jones: Mad About the Boy,A Minecraft Movie,Marty Supreme,Captain America: Brave New World,Jurassic World: Rebirth,Quizsentials,,False,20 Feb 2026,Bonus Round - 10 Multi Tap Questions.sqt,1,20 Feb 2026
Tap only the singers born in the USA.,multi_tap,"A,D",Chappell Roan,Harry Styles,Jungkook,Doja Cat,Drake,Camila Cabello,Quizsentials,,False,20 Feb 2026,Bonus Round - 10 Multi Tap Questions.sqt,1,20 Feb 2026
Tap only the countries with a lower population density than the USA.,multi_tap,"A,C,E",Mongolia,Pakistan,Iceland,Belgium,Turkmenistan,Nigeria,Quizsentials,,False,20 Feb 2026,Bonus Round - 10 Multi Tap Questions.sqt,1,20 Feb 2026
"Of the literary characters listed here, tap only the ones created by Mark Twain.",multi_tap,"B,F",Jay Gatsby,Huckleberry Finn,Holden Caulfield,Atticus Finch,Scarlett O'Hara,Tom Sawyer,Quizsentials,,False,29 May 2025,Bonus Round - 10 Multi Tap Questions.sqt,2,28 Jun 2026
Tap only the North American sports leagues that feature both American and Canadian teams.,multi_tap,"A,C,D,E",NBA,NFL,MLB,MLS,NHL,CFL,Quizsentials,,False,29 May 2025,Bonus Round - 10 Multi Tap Questions.sqt,2,19 Feb 2026
Tap only the people born in Sweden.,multi_tap,"A,B,C,E",Greta Thunberg,Ingrid Bergman,Agnetha from ABBA,Marie Curie,PewDiePie,Johann Sebastian Bach,Quizsentials,,False,29 May 2025,Bonus Round - 10 Multi Tap Questions.sqt,4,25 May 2025
Tap only the American cities that have hosted the Summer Olympic Games.,multi_tap,"A,D",Atlanta,Miami,Dallas,Los Angeles,Chicago,Phoenix,Quizsentials,,False,29 May 2025,Bonus Round - 10 Multi Tap Questions.sqt,2,6 Mar 2026
Tap only the wars that took place in the 19th century.,multi_tap,"C,E,F",American Revolutionary War,Vietnam War,Crimean War,World War One,American Civil War,Napoleonic War,Quizsentials,,False,29 May 2025,Bonus Round - 10 Multi Tap Questions.sqt,2,13 May 2026
Tap only the roles that Prince regularly performed on his solo albums.,multi_tap,"A,B,C,D,E,F",Wrote the songs,Sang the songs,Played the instruments,Provided backing vocals,Arranged the songs,Produced the album,Quizsentials,,False,29 May 2025,Bonus Round - 10 Multi Tap Questions.sqt,1,29 May 2025
Tap only the continents that border the Indian Ocean.,multi_tap,"D,E,F",North America,South America,Europe,Africa,Asia,Australia,Quizsentials,,False,29 May 2025,Bonus Round - 10 Multi Tap Questions.sqt,2,9 Aug 2026
Tap only the words that appear in the titles of 'Indiana Jones' movies.,multi_tap,C,Cave,Covenant,Doom,Empire,Escape,Goblet,Quizsentials,,False,29 May 2025,Bonus Round - 10 Multi Tap Questions.sqt,1,29 May 2025
Tap only the recurring characters in the 'X Men' series.,multi_tap,"A,B,C,D",Pyro,Sabretooth,Phoenix,Storm,T'Challa,Uzman,Quizsentials,,False,12 Sep 2025,Bonus Round - 10 Multi Tap Questions.sqt,1,12 Sep 2025
Tap only the singles released by Billie Eilish.,multi_tap,"A,C,D,E",Lunch,"Good Luck, Babe!",Bad Guy,No Time to Die,What Was I Made For?,Pink Pony Club,Quizsentials,,False,12 Sep 2025,Bonus Round - 10 Multi Tap Questions.sqt,1,12 Sep 2025
Tap only the animals that have the ability to change their colour to match their environment.,multi_tap,"B,D,E",Adder,Chameleon,Zebra,Gray treefrog,Flounder (flat fish),Leopard,Quizsentials,,False,12 Sep 2025,Bonus Round - 10 Multi Tap Questions.sqt,1,12 Sep 2025
Tap only the fruits that grow on trees.,multi_tap,"A,D,E,F",Apple,Strawberry,Melon,Mango,Cherry,Orange,Quizsentials,,False,12 Sep 2025,Bonus Round - 10 Multi Tap Questions.sqt,1,12 Sep 2025
Tap only the web browsers.,multi_tap,"A,B,D,F",Firefox,Chrome,Waterdog,Safari,Bono,Edge,Quizsentials,,False,12 Sep 2025,Bonus Round - 10 Multi Tap Questions.sqt,1,12 Sep 2025
"Tap only the things that the caterpillar eats in Eric Carle's book, 'The Very Hungry Caterpillar'.",multi_tap,"A,C,E",Apple,Pizza,Chocolate cake,Insect poison,Green leaf,Chicken madras,Quizsentials,,False,12 Sep 2025,Bonus Round - 10 Multi Tap Questions.sqt,1,12 Sep 2025
"Of the 'House of the Dragon' characters listed here, tap only the ones with the last name Targaryen.",multi_tap,"C,D,E,F",Otto,Corlys,Aegon,Rhaenyra,Aemond,Daemon,Quizsentials,,False,12 Sep 2025,Bonus Round - 10 Multi Tap Questions.sqt,1,12 Sep 2025
Tap only the vehicles that have gone into outer space.,multi_tap,"C,D,E,F",Concorde,Lockheed SR-71 Blackbird,SpaceX Falcon Heavy,Saturn V,Space Shuttle Discovery,Tesla Roadster,Quizsentials,,False,12 Sep 2025,Bonus Round - 10 Multi Tap Questions.sqt,1,12 Sep 2025
Tap only the countries that span two continents.,multi_tap,"A,B,C,D,E",Azerbaijan,Georgia,Kazakhstan,Russia,Turkey,Hungary,Quizsentials,,False,12 Sep 2025,Bonus Round - 10 Multi Tap Questions.sqt,1,12 Sep 2025
Tap only the HBO original series.,multi_tap,"A,C,D,E",Euphoria,Desperate Housewives,The Sopranos,The White Lotus,Game of Thrones,WandaVision,Quizsentials,,False,20 Apr 2025,Bonus Round - 10 Multi Tap Questions.sqt,1,20 Apr 2025
Tap only the balls that typically weigh less than a tennis ball.,multi_tap,"A,C,D",Table tennis ball,Football,Golf ball,Squash ball,Volleyball ball,Baseball,Quizsentials,,False,20 Apr 2025,Bonus Round - 10 Multi Tap Questions.sqt,1,20 Apr 2025
"Of the instrument manufacturers listed here, tap the ones that are most notable for making guitars.",multi_tap,"A,B,C,E",Fender,Gibson,Ibanez,Ludwig,Rickenbacker,Steinway,Quizsentials,,False,20 Apr 2025,Bonus Round - 10 Multi Tap Questions.sqt,1,20 Apr 2025
Tap only the names of regions of the human brain.,multi_tap,"A,B",Frontal lobe,Temporal lobe,Rear lobe,Upper lobe,Lower lobe,Anterior lobe,Quizsentials,,False,20 Apr 2025,Bonus Round - 10 Multi Tap Questions.sqt,2,3 Apr 2026
"With regard to the multinational fast-food chain, tap only the countries that have NEVER had a McDonald's restaurant.",multi_tap,"A,B,C,F",Afghanistan,Libya,Nigeria,Thailand,Russia,Iraq,Quizsentials,,False,7 Nov 2025,Bonus Round - 10 Multi Tap Questions.sqt,1,7 Nov 2025
Tap only the words that are represented in the acronym 'RADAR'?,multi_tap,"A,C,D",And,Anti,Detection,Radio,Rapid,Repeating,Quizsentials,,False,7 Nov 2025,Bonus Round - 10 Multi Tap Questions.sqt,2,16 Feb 2025
"Of the drag queens listed here, tap only the ones that have won a series of the original American version of 'RuPaul's Drag Race'.",multi_tap,"B,D,E",Adore Delano,Bob the Drag Queen,Courtney Act,Nymphia Wind,Sasha Velour,Tempest DuJour,Quizsentials,,False,7 Nov 2025,Bonus Round - 10 Multi Tap Questions.sqt,1,7 Nov 2025
Tap only the countries that are at least partly covered by the Sahara desert.,multi_tap,"A,B,C,E,F",Tunisia,Sudan,Egypt,South Sudan,Algeria,Chad,Quizsentials,,False,7 Nov 2025,Bonus Round - 10 Multi Tap Questions.sqt,1,7 Nov 2025
Tap only the parts of the eye.,multi_tap,"B,C,D,F",Scapha,Cornea,Lens,Iris,Alveoli,Pupil,Quizsentials,,False,7 Nov 2025,Bonus Round - 10 Multi Tap Questions.sqt,1,7 Nov 2025
Tap only the languages that originate from Europe.,multi_tap,"A,D,F",Flemish,Navajo,Choctaw,Catalan,Muscogee,Romansh,Quizsentials,,False,7 Nov 2025,Bonus Round - 10 Multi Tap Questions.sqt,1,7 Nov 2025
Tap only the software used for creating music.,multi_tap,"B,C,E,F",Notepad++,Cubase,GarageBand,Dreamweaver,Pro Tools,Ableton Live,Quizsentials,,False,7 Nov 2025,Bonus Round - 10 Multi Tap Questions.sqt,1,7 Nov 2025
Tap only the songs that are in the musical 'Oliver!'.,multi_tap,"A,B,C",Consider Yourself,Food Glorious Food,Oom-Pah-Pah,America,Somewhere Over the Rainbow,I Know Him So Well,Quizsentials,,False,7 Nov 2025,Bonus Round - 10 Multi Tap Questions.sqt,1,7 Nov 2025
Tap only the musical instruments that typically have four strings.,multi_tap,"A,C,D,E",Viola,Flamenco guitar,Tenor banjo,Tenor guitar,Ukulele,Harp,Quizsentials,,False,6 Nov 2025,Bonus Round - 10 Multi Tap Questions.sqt,1,6 Nov 2025
Tap only the shapes with fewer than ten sides.,multi_tap,"A,B,D,E",Nonagon,Octagon,Dodecagon,Heptagon,Pentagon,Decagon,Quizsentials,,False,6 Nov 2025,Bonus Round - 10 Multi Tap Questions.sqt,1,6 Nov 2025
"Of the alcohol brands listed here, tap only the ones primarily known for their rum.",multi_tap,"D,E,F",Canada Club,Johnnie Walker,Jameson,Kraken,Sailor Jerry,Appleton Estate,Quizsentials,,False,6 Nov 2025,Bonus Round - 10 Multi Tap Questions.sqt,1,6 Nov 2025
Tap only the titles of movies that starred Andrew Garfield.,multi_tap,"B,C",Spider-Man,The Amazing Spider-Man,The Amazing Spider-Man 2,Spider-Man: Into the Spiderverse,Spider-Man: Homecoming,Spider-Man: Far From Home,Quizsentials,,False,6 Nov 2025,Bonus Round - 10 Multi Tap Questions.sqt,1,6 Nov 2025
"Of the conditions listed here, tap only the ones that primarily affect the lungs.",multi_tap,"C,D,E",Diabetes,Hepatitis,Asthma,Bronchitis,Emphysema,Cellulitis,Quizsentials,,False,6 Nov 2025,Bonus Round - 10 Multi Tap Questions.sqt,1,6 Nov 2025
Tap only the capital cities that share the same time zone as Paris.,multi_tap,"A,D,E,F",Madrid,Lisbon,Helsinki,Berlin,Amsterdam,Budapest,Quizsentials,,False,6 Nov 2025,Bonus Round - 10 Multi Tap Questions.sqt,1,6 Nov 2025
"Of these Olympic events, tap only the ones that are listed under the sport of 'Athletics' on the Olympics website.",multi_tap,"B,D,E",Fencing,Javelin throw,Triathlon,Marathon,Decathlon,Archery,Quizsentials,,False,6 Nov 2025,Bonus Round - 10 Multi Tap Questions.sqt,1,6 Nov 2025
Tap only the footballers that have played for both Liverpool and Real Madrid.,multi_tap,"A,D,E,F",Michael Owen,Steven Gerrard,Luis Suárez,Xabi Alonso,Steve McManaman,Nicolas Anelka,Quizsentials,,False,6 Nov 2025,Bonus Round - 10 Multi Tap Questions.sqt,2,23 Mar 2025
Tap only the gods associated with the sea.,multi_tap,"B,F",Sol,Neptune,Apollo,Helios,Dionysus,Poseidon,Quizsentials,,False,6 Nov 2025,Bonus Round - 10 Multi Tap Questions.sqt,1,6 Nov 2025
Tap only the films that feature the character Hannibal Lecter.,multi_tap,"A,C,D,F",Hannibal,Psycho,Red Dragon,The Silence of the Lambs,The Shining,Hannibal Rising,Quizsentials,,False,2 Mar 2025,Bonus Round - 10 Multi Tap Questions.sqt,1,2 Mar 2025
Tap only the non-metals.,multi_tap,"A,B,D,E",Helium,Xenon,Potassium,Carbon,Oxygen,Titanium,Quizsentials,,False,2 Mar 2025,Bonus Round - 10 Multi Tap Questions.sqt,3,27 Nov 2025
"Of the UFC stars listed here, tap only the ones from Russia.",multi_tap,"E,F",Stipe Miocic,Kamaru Usman,José Aldo,Belal Muhammad,Islam Makhachev,Khabib Nurmagomedov,Quizsentials,,False,2 Mar 2025,Bonus Round - 10 Multi Tap Questions.sqt,1,2 Mar 2025
Tap only the words you would hear in the chorus of the TLC song 'Waterfalls'.,multi_tap,"B,E,F",Puddles,Rivers,Oceans,Ponds,Waterfalls,Lakes,Quizsentials,,False,2 Mar 2025,Bonus Round - 10 Multi Tap Questions.sqt,3,14 May 2026
Tap only the football managers who have managed Manchester United.,multi_tap,"B,E,F",Roberto Mancini,José Mourinho,Guus Hiddink,Roy Hodgson,David Moyes,Ole Gunnar Solskjaer,Quizsentials,,False,2 Mar 2025,Bonus Round - 10 Multi Tap Questions.sqt,2,3 Oct 2025
Tap only the colours of rings on the Olympic flag.,multi_tap,"A,C,D,F",Blue,Brown,Green,Red,Purple,Black,Quizsentials,,False,27 Aug 2025,Bonus Round - 10 Multi Tap Questions.sqt,1,27 Aug 2025
Tap only the historical events that occurred AFTER George Washington became the first American president.,multi_tap,"C,D",Vikings invaded Britain,The Leaning Tower of Pisa was built,American Civil War,Florence Nightingale cared for wounded soldiers,Pocahontas got married,The Taj Mahal was built,Quizsentials,,False,27 Aug 2025,Bonus Round - 10 Multi Tap Questions.sqt,1,27 Aug 2025
"Of 'The Lord of the Rings' characters listed here, tap only the elves.",multi_tap,"D,E",Frodo,Gollum,Sauron,Elrond,Legolas,Gimli,Quizsentials,,False,27 Aug 2025,Bonus Round - 10 Multi Tap Questions.sqt,1,27 Aug 2025
Tap only the regular characters from the animated TV show 'Futurama'.,multi_tap,"A,B,D,F",Turanga Leela,Philip J. Fry,Roger,Professor Farnsworth,Groundskeeper Willie,Bender,Quizsentials,,False,27 Aug 2025,Bonus Round - 10 Multi Tap Questions.sqt,1,27 Aug 2025
Tap only the species that are now considered extinct.,multi_tap,"B,C,E",Komodo dragon,Dodo,Woolly mammoth,Tasmanian devil,Golden toad,Giant panda,Quizsentials,,False,27 Aug 2025,Bonus Round - 10 Multi Tap Questions.sqt,1,27 Aug 2025
"Of the women's footballers listed here, tap only the ones who have played for Spain.",multi_tap,"B,D",Alisha Lehmann,Alexia Putellas,Marta,Aitana Bonmatí,Megan Rapinoe,Alessia Russo,Quizsentials,,False,27 Aug 2025,Bonus Round - 10 Multi Tap Questions.sqt,2,28 Jun 2026
"Of the French words listed here, tap only the items of stationery.",multi_tap,"A,B,C,D,E,F",Stylo,Crayon,Règle,Gomme,Scissaux,Compas géométrique,Quizsentials,,False,27 Aug 2025,Bonus Round - 10 Multi Tap Questions.sqt,1,27 Aug 2025
"Of the cities listed here, tap only the ones that are capital cities of Southern Hemisphere countries.",multi_tap,"B,D",Cairo,Lima,Mexico City,Nairobi,Sydney,Tokyo,Quizsentials,,False,27 Aug 2025,Bonus Round - 10 Multi Tap Questions.sqt,1,27 Aug 2025
Tap only the girl groups whose line-ups comprised exactly five members when they released their debut albums.,multi_tap,"A,E",The Spice Girls,En Vogue,Destiny's Child,TLC,Fifth Harmony,The Pussycat Dolls,Quizsentials,,False,27 Aug 2025,Bonus Round - 10 Multi Tap Questions.sqt,1,27 Aug 2025
Tap only the Canadian cities that are further west than Toronto.,multi_tap,"B,E,F",Montreal,Vancouver,Halifax,Ottawa,Winnipeg,Edmonton,Quizsentials,,False,26 Aug 2025,Bonus Round - 10 Multi Tap Questions.sqt,1,26 Aug 2025
Tap only the actors who appeared in 'Pulp Fiction'.,multi_tap,"A,B,C,D,E,F",Harvey Keitel,Tim Roth,Samuel L Jackson,Christopher Walken,Bruce Willis,John Travolta,Quizsentials,,False,26 Aug 2025,Bonus Round - 10 Multi Tap Questions.sqt,1,26 Aug 2025
Tap only the members of TV's The Addams Family.,multi_tap,"A,B,D,F",Uncle Fester,Wednesday,Herman,Gomez,Eddie,Morticia,Quizsentials,,False,26 Aug 2025,Bonus Round - 10 Multi Tap Questions.sqt,1,26 Aug 2025
"Tap only synonyms of the word 'bright', according to Thesaurus.com.",multi_tap,"A,C,D,E,F",Dazzling,Dusky,Brilliant,Luminous,Glistening,Radiant,Quizsentials,,False,26 Aug 2025,Bonus Round - 10 Multi Tap Questions.sqt,1,26 Aug 2025
"Of the pastas listed here, tap only the tube-shaped ones.",multi_tap,"B,D,E",Spaghetti,Cannelloni,Farfalle,Rigatoni,Macaroni,Linguine,Quizsentials,,False,26 Aug 2025,Bonus Round - 10 Multi Tap Questions.sqt,1,26 Aug 2025
Tap only the titles of songs by Lady Gaga.,multi_tap,"A,E,F",Poker Face,"Thank U, Next",7 Rings,No Tears Left to Cry,Bad Romance,Always Remember Us This Way,Quizsentials,,False,26 Aug 2025,Bonus Round - 10 Multi Tap Questions.sqt,1,26 Aug 2025
Tap only the letters that are on the middle row of a standard QWERTY keyboard.,multi_tap,"D,E,F",Q,T,W,D,H,A,Quizsentials,,False,26 Aug 2025,Bonus Round - 10 Multi Tap Questions.sqt,1,26 Aug 2025
Tap only the things that Barcelona fans threw at Luis Figo on his return to the Camp Nou following his transfer to arch-rivals Real Madrid in the early 2000s.,multi_tap,"A,B,C,D,E",Plastic bottles,Glass whisky bottle,Cigarette lighters,Coins,A pig's head,A basketball,Quizsentials,,False,26 Aug 2025,Bonus Round - 10 Multi Tap Questions.sqt,2,25 Jun 2026
Tap only the types of fungi.,multi_tap,"B,C,E",Algae,Yeast,Mould,Moss,Mushroom,Coral,Quizsentials,,False,26 Aug 2025,Bonus Round - 10 Multi Tap Questions.sqt,1,26 Aug 2025
Tap only the movies that starred Margot Robbie.,multi_tap,"A,B,D",The Wolf of Wall Street,Barbie,Oppenheimer,The Suicide Squad,Dune,Godzilla vs Kong,Quizsentials,,False,29 Oct 2025,Bonus Round - 10 Multi Tap Questions.sqt,1,29 Oct 2025
Tap only the retail brands that were founded in Europe.,multi_tap,"A,B",Ikea,H&M,Gap,Yankee Candle,Ralph Lauren,Nike,Quizsentials,,False,29 Oct 2025,Bonus Round - 10 Multi Tap Questions.sqt,1,29 Oct 2025
"Of the pop stars listed here, tap only the ones that were born in the 21st century.",multi_tap,A,Tyla,Sabrina Carpenter,Dua Lipa,Charli XCX,Taylor Swift,Chappell Roan,Quizsentials,,False,29 Oct 2025,Bonus Round - 10 Multi Tap Questions.sqt,1,29 Oct 2025
"Of the weapons listed here, tap only the swords.",multi_tap,"C,F",Nunchaku,Flail,Katana,Halberd,Morningstar,Gladius,Quizsentials,,False,29 Oct 2025,Bonus Round - 10 Multi Tap Questions.sqt,1,29 Oct 2025
Tap only the Australian territories as opposed to Australian states.,multi_tap,"D,E",Queensland,Tasmania,Western Australia,Australian Capital Territory,Northern Territory,South Australia,Quizsentials,,False,29 Oct 2025,Bonus Round - 10 Multi Tap Questions.sqt,1,29 Oct 2025
Tap only the names of books of the Bible.,multi_tap,"B,C",Rachel,Ruth,Esther,Britney,Mary,Delilah,Quizsentials,,False,29 Oct 2025,Bonus Round - 10 Multi Tap Questions.sqt,1,29 Oct 2025
Tap only the footballers who were in Manchester City's 2023 Treble-winning squad.,multi_tap,"D,E,F",Vincent Kompany,David Silva,Sergio Aguero,Jack Grealish,Rodri,Riyad Mahrez,Quizsentials,,False,29 Oct 2025,Bonus Round - 10 Multi Tap Questions.sqt,1,29 Oct 2025
"Of the 'Star Trek' characters listed here, tap only the females.",multi_tap,"A,B,C,D,E,F",Seven of Nine,T'Pol,Uhura,Captain Janeway,Michael Burnham,Beverly Crusher,Quizsentials,,False,29 Oct 2025,Bonus Round - 10 Multi Tap Questions.sqt,1,29 Oct 2025
"Of the birds listed here, tap only the types of duck.",multi_tap,"C,D,E",Black Shumen,Silkie,Mallard,Teal,Merganser,Leghorn,Quizsentials,,False,29 Oct 2025,Bonus Round - 10 Multi Tap Questions.sqt,1,29 Oct 2025
Tap only the footballers who were in Manchester United's 1999 Treble-winning squad.,multi_tap,"A,C,D,E",David Beckham,Eric Cantona,Peter Schmeichel,Teddy Sheringham,Denis Irwin,Rio Ferdinand,Quizsentials,,False,28 Oct 2025,Bonus Round - 10 Multi Tap Questions.sqt,1,28 Oct 2025
Tap only the ingredients that are essential to a Caprese salad.,multi_tap,"C,D,E",Red onion,Lettuce,Tomato,Mozzarella,Basil,Olives,Quizsentials,,False,28 Oct 2025,Bonus Round - 10 Multi Tap Questions.sqt,1,28 Oct 2025
Tap only the countries that were fully or partially occupied by Napoleon's First French Empire?,multi_tap,"A,B,C",Russia,Italy,Spain,United Kingdom,Sweden,Iceland,Quizsentials,,False,28 Oct 2025,Bonus Round - 10 Multi Tap Questions.sqt,1,28 Oct 2025
Tap only the people who are currently in their 70s.,multi_tap,"A,B,C,E",King Charles III,Bruce Springsteen,Donald Trump,Rupert Murdoch,Arnold Schwarzenegger,Jack Nicklaus,Quizsentials,,False,28 Oct 2025,Bonus Round - 10 Multi Tap Questions.sqt,1,28 Oct 2025
Tap only the movies that Harry Styles has acted in.,multi_tap,"B,C,D",1917,Dunkirk,My Policeman,Don't Worry Darling,The Batman,X-Men: Dark Phoenix,Quizsentials,,False,28 Oct 2025,Bonus Round - 10 Multi Tap Questions.sqt,1,28 Oct 2025
Tap only the ingredients that went into this trifle in the 'Friends' episode entitled 'The One Where Ross Got High'.,multi_tap,"A,B,C,D,E,F",Bananas,Raspberries,Custard,Jam,Ladyfingers,Beef,Quizsentials,,False,28 Oct 2025,Bonus Round - 10 Multi Tap Questions.sqt,1,28 Oct 2025
Tap only the French cities that are further south than Paris.,multi_tap,"C,D,E,F",Lille,Le Havre,Marseille,Nice,Toulouse,Bordeaux,Quizsentials,,False,28 Oct 2025,Bonus Round - 10 Multi Tap Questions.sqt,1,28 Oct 2025
"Tap only the elements that occur naturally on Earth, as opposed to being synthetic elements.",multi_tap,D,Tennessine,Nihonium,Moscovium,Iron,Livermorium,Rutherfordium,Quizsentials,,False,28 Oct 2025,Bonus Round - 10 Multi Tap Questions.sqt,1,28 Oct 2025
"Of the following cities, tap only the ones that are the capital of their country.",multi_tap,"C,D",Barcelona,Milan,Berlin,Copenhagen,Kraków,Malmö,Quizsentials,,False,25 Mar 2025,Bonus Round - 10 Multi Tap Questions.sqt,2,10 Jun 2026
Tap only the names of James Bond adversaries.,multi_tap,"D,E",Hannibal Lecter,Hans Gruber,Agent Smith,Hugo Drax,Auric Goldfinger,Saruman,Quizsentials,,False,25 Mar 2025,Bonus Round - 10 Multi Tap Questions.sqt,1,25 Mar 2025
"Of these track and field athletics events, tap only the ones that are classed as field events.",multi_tap,"A,B,E,F",Javelin,Discus,100m hurdles,"3,000m steeplechase",Long jump,Pole vault,Quizsentials,,False,25 Mar 2025,Bonus Round - 10 Multi Tap Questions.sqt,1,25 Mar 2025
"Of these hit singles of the early 2020s, tap only those released by female artists.",multi_tap,"A,B,D,F",Say So,Anti-Hero,Blinding Lights,Drivers License,As It Was,Levitating,Quizsentials,,False,25 Mar 2025,Bonus Round - 10 Multi Tap Questions.sqt,2,10 Jun 2026
"Of these Italian football managers, tap only those who have won the Premier League title.",multi_tap,"A,C,D,F",Roberto Mancini,Gianluca Vialli,Claudio Ranieri,Carlo Ancelotti,Fabio Capello,Antonio Conte,Quizsentials,,False,25 Mar 2025,Bonus Round - 10 Multi Tap Questions.sqt,2,13 Nov 2025
"Of these capital cities, tap only the ones whose countries end in 'stan'.",multi_tap,"B,C,D,F",Ankara,Islamabad,Astana,Tashkent,Tehran,Kabul,Quizsentials,,False,21 Nov 2025,Bonus Round - 10 Multi Tap Questions.sqt,1,21 Nov 2025
"Of these former footballers, tap only the ones who were goalkeepers.",multi_tap,"A,B,D,E",Peter Shilton,Peter Schmeichel,Peter Crouch,David James,David Seaman,David O'Leary,Quizsentials,,False,21 Nov 2025,Bonus Round - 10 Multi Tap Questions.sqt,2,6 Apr 2025
Tap only the names of Sherlock Holmes short stories by Sir Arthur Conan Doyle.,multi_tap,"B,C,D,E",The Murders in the Rue Morgue,The Red-Headed League,The Adventure of the Six Napoleons,The Man with the Twisted Lip,The Adventure of the Speckled Band,The Purloined Letter,Quizsentials,,False,21 Nov 2025,Bonus Round - 10 Multi Tap Questions.sqt,1,21 Nov 2025
Tap only the wrestlers that are of Samoan descent.,multi_tap,"A,F",Rikishi,Big Show,The Undertaker,Cody Rhodes,Sheamus,Roman Reigns,Quizsentials,,False,21 Nov 2025,Bonus Round - 10 Multi Tap Questions.sqt,1,21 Nov 2025
Tap only the women in the Bible who met Jesus.,multi_tap,"A,C,E",The Virgin Mary,Eve,Mary Magdalene,Ruth,"Mary and Martha, the sisters of Lazarus","Sarah, Abraham's wife",Quizsentials,,False,21 Nov 2025,Bonus Round - 10 Multi Tap Questions.sqt,1,21 Nov 2025
Tap only the chemical compounds that have at least one molecule of oxygen in them.,multi_tap,"A,B,C,F",Ethanol,Carbon dioxide,Hydrogen peroxide,Hydrochloric acid,Propane,Nitric acid,Quizsentials,,False,21 Nov 2025,Bonus Round - 10 Multi Tap Questions.sqt,2,28 Feb 2025
Tap only the singles released by Rihanna.,multi_tap,"A,C,D,F",Shut Up and Drive,Be the One,Umbrella,We Found Love,New Rules,Diamonds,Quizsentials,,False,21 Nov 2025,Bonus Round - 10 Multi Tap Questions.sqt,1,21 Nov 2025
Tap only the synthetic elements that do NOT occur naturally on Earth.,multi_tap,"B,C",Phosphorus,Curium,Moscovium,Antimony,Boron,Arsenic,Quizsentials,,False,20 Nov 2025,Bonus Round - 10 Multi Tap Questions.sqt,1,20 Nov 2025
Tap only the islands that are larger than Ireland.,multi_tap,"A,B,D,E",Iceland,Cuba,Sicily,Greenland,Madagascar,Taiwan,Quizsentials,,False,20 Nov 2025,Bonus Round - 10 Multi Tap Questions.sqt,1,20 Nov 2025
"Of the rappers listed here, tap only the ones that released their debut album in the 2010s.",multi_tap,"A,D,E",Future,50 Cent,Nas,Travis Scott,Pusha T,Lil Wayne,Quizsentials,,False,20 Nov 2025,Bonus Round - 10 Multi Tap Questions.sqt,1,20 Nov 2025
"In astrology, tap only the water signs.",multi_tap,"B,D,F",Aries,Pisces,Sagittarius,Scorpio,Leo,Cancer,Quizsentials,,False,20 Nov 2025,Bonus Round - 10 Multi Tap Questions.sqt,2,20 Nov 2025
Tap only the titles of games in the 'Call of Duty' series.,multi_tap,"A,B,C",Modern Warfare,Black Ops,Warzone,Bad Company,2042,Global Offensive,Quizsentials,,False,20 Nov 2025,Bonus Round - 10 Multi Tap Questions.sqt,1,20 Nov 2025
"Of the animated Disney films listed here, tap only the ones that have been remade as live-action movies.",multi_tap,"C,D,E",The Sword in the Stone,Bambi,Beauty and the Beast,Cinderella,The Little Mermaid,The Aristocats,Quizsentials,,False,20 Nov 2025,Bonus Round - 10 Multi Tap Questions.sqt,1,20 Nov 2025
Tap only the companies that are subsidiaries of Amazon.,multi_tap,"A,C,D,E",IMDb,Facebook,Audible,Twitch,Whole Foods,Walmart,Quizsentials,,False,20 Nov 2025,Bonus Round - 10 Multi Tap Questions.sqt,2,4 Feb 2025
"Of these 'Oliver Twist' characters, tap only the children.",multi_tap,"C,D,E",Nancy,Fagin,Oliver,Artful Dodger,Charley Bates,Bill Sikes,Quizsentials,,False,20 Nov 2025,Bonus Round - 10 Multi Tap Questions.sqt,1,20 Nov 2025
Tap only the films with Kevin Bacon in the cast.,multi_tap,"A,B,C,F",X Men: First Class,National Lampoon's Animal House,JFK,Stand By Me,St Elmo's Fire,Friday the 13th,Quizsentials,,False,6 Apr 2025,Bonus Round - 10 Multi Tap Questions.sqt,1,6 Apr 2025
Tap only the animals that have years in the Chinese zodiac.,multi_tap,F,Hare,Buffalo,Elephant,Lion,Gorilla,Horse,Quizsentials,,False,6 Apr 2025,Bonus Round - 10 Multi Tap Questions.sqt,2,1 Feb 2026
Tap only the actors who appeared in the 1990 film 'Goodfellas'.,multi_tap,"A,B,C,E",Samuel L Jackson,Robert De Niro,Joe Pesci,Brad Pitt,Ray Liotta,Al Pacino,Quizsentials,,False,16 May 2025,Bonus Round - 10 Multi Tap Questions.sqt,1,16 May 2025
"Of these Formula One drivers, tap only those who have won the F1 World Drivers' Championship at least three times.",multi_tap,"B,C,E",Fernando Alonso,Lewis Hamilton,Sebastian Vettel,Lando Norris,Max Verstappen,Nico Rosberg,Quizsentials,,False,16 May 2025,Bonus Round - 10 Multi Tap Questions.sqt,1,16 May 2025
"Of these gangster films, tap only the ones directed by Martin Scorsese.",multi_tap,"C,D,E",Once Upon a Time in America,The Godfather,Goodfellas,Casino,The Irishman,The Untouchables,Quizsentials,,False,16 May 2025,Bonus Round - 10 Multi Tap Questions.sqt,1,16 May 2025
Tap only the brands that were founded in the 21st century.,multi_tap,"B,C,D",Red Bull,OpenAI,Airbnb,Spotify,Gucci,Boeing,Quizsentials,,False,16 May 2025,Bonus Round - 10 Multi Tap Questions.sqt,2,3 Apr 2026
Tap only the historical figures that were born in England.,multi_tap,"A,D,E",Queen Victoria,Prince Albert,Albert Einstein,Winston Churchill,Charles Darwin,Rudyard Kipling,Quizsentials,,False,16 May 2025,Bonus Round - 10 Multi Tap Questions.sqt,1,16 May 2025
Tap only the noble gases.,multi_tap,"A,B,E,F",Helium,Neon,Boron,Uranium,Radon,Krypton,Quizsentials,,False,15 Jun 2025,Bonus Round - 10 Multi Tap Questions.sqt,2,28 Apr 2026
Tap only the teams that have won the Six Nations rugby union tournament (not including pre-2000 when it was the Five Nations).,multi_tap,"A,B,C,F",England,France,Ireland,Italy,Scotland,Wales,Quizsentials,,False,15 Jun 2025,Bonus Round - 10 Multi Tap Questions.sqt,1,15 Jun 2025
"Of the popes listed here, tap only the ones that lived in the 21st century.",multi_tap,"C,E,F",Pius X,John Paul,John Paul II,Benedict XIV,Benedict XVI,Francis,Quizsentials,,False,15 Jun 2025,Bonus Round - 10 Multi Tap Questions.sqt,2,2 Jun 2026
Tap only the novels written by Leo Tolstoy.,multi_tap,"B,C",Crime and Punishment,War and Peace,Anna Karenina,The Brothers Karamazov,The Metamorphosis,Lolita,Quizsentials,,False,15 Jun 2025,Bonus Round - 10 Multi Tap Questions.sqt,2,21 Jul 2026
Tap only the ingredients commonly found in a Caesar salad.,multi_tap,"A,B,C,D,E,F",Anchovy,Worcestershire sauce,Garlic,Lemon juice,Egg yolk,Black pepper,Quizsentials,,False,15 Jun 2025,Bonus Round - 10 Multi Tap Questions.sqt,2,20 Jul 2026
Tap only the countries that the River Danube flows through.,multi_tap,"C,D,E,F",Spain,France,Germany,Hungary,Romania,Austria,Quizsentials,,False,15 Jun 2025,Bonus Round - 10 Multi Tap Questions.sqt,1,15 Jun 2025
Tap only the sprinters who are from the USA.,multi_tap,"B,C,D,F",Usain Bolt,Jesse Owens,Carl Lewis,Michael Johnson,Linford Christie,Tyson Gay,Quizsentials,,False,15 Jun 2025,Bonus Round - 10 Multi Tap Questions.sqt,1,15 Jun 2025
Tap only the characters from 'PAW Patrol'.,multi_tap,"A,C,D,F",Ryder,Boulder,Chase,Tracker,Husky,Marshall,Quizsentials,,False,15 Jun 2025,Bonus Round - 10 Multi Tap Questions.sqt,1,15 Jun 2025
Tap only the common computer file extensions used for audio.,multi_tap,"A,B,E",.mp3,.aiff,.txt,.png,.wav,.gif,Quizsentials,,False,6 Feb 2026,Bonus Round - 10 Multi Tap Questions.sqt,2,6 Feb 2026
"Of these names from Norse mythology, tap only the animals as opposed to gods.",multi_tap,"A,C,E",Fenrir,Baldr,Huginn,Heimdall,Tannsgrisnir,Frigg,Quizsentials,,False,6 Feb 2026,Bonus Round - 10 Multi Tap Questions.sqt,2,6 Feb 2026
Mathematics question: tap only the improper fractions?,multi_tap,"C,D",1/4,33/100,5/3,2/2,3/9,100/101,Quizsentials,,False,6 Feb 2026,Bonus Round - 10 Multi Tap Questions.sqt,1,6 Feb 2026
Tap only the phrases that relate to Newton's laws of motion.,multi_tap,"A,C,E",For every action there is an equal and opposite reaction,Energy can not be created or destroyed,Force = mass x acceleration,Voltage = current x resistance,An object at rest stays at rest and an object in motion stays in motion,Nothing is certain except death and taxes,Quizsentials,,False,6 Feb 2026,Bonus Round - 10 Multi Tap Questions.sqt,1,6 Feb 2026
"Of the bands listed here, tap only the ones that were founded in the 21st century.",multi_tap,"D,F",Maroon 5,Blink-182,Green Day,Imagine Dragons,Red Hot Chili Peppers,The 1975,Quizsentials,,False,6 Feb 2026,Bonus Round - 10 Multi Tap Questions.sqt,1,6 Feb 2026
Tap only the names of characters from the 1976 movie 'Bugsy Malone'.,multi_tap,"A,B,D",Baby Face,Cagey Joe,Cheeky Charlie,Dandy Dan,Fat Freddie,Ugly Betty,Quizsentials,,False,6 Feb 2026,Bonus Round - 10 Multi Tap Questions.sqt,1,6 Feb 2026
Tap only the names of weapons in 'Fortnite'.,multi_tap,"B,D",Spartan Laser,Thunder Burst SMG,Needler,Gatekeeper shotgun,Mangler,Brute Plasma Rifle,Quizsentials,,False,17 Oct 2025,Bonus Round - 10 Multi Tap Questions.sqt,1,17 Oct 2025
Tap only the Australian film stars.,multi_tap,"A,B,C,D,E,F",Hugh Jackman,Nicole Kidman,Guy Pearce,Margot Robbie,Heath Ledger,Chris Hemsworth,Quizsentials,,False,17 Oct 2025,Bonus Round - 10 Multi Tap Questions.sqt,1,17 Oct 2025
Tap only the murderers who have been the subject of a season in the Netflix drama series 'Monster'.,multi_tap,"B,F",Ted Bundy,Ed Gein,Jack the Ripper,Zodiac killer,John Wayne Gacy,Jeffrey Dahmer,Quizsentials,,False,17 Oct 2025,Bonus Round - 10 Multi Tap Questions.sqt,1,17 Oct 2025
Tap the sports that have seven players in play per team.,multi_tap,"E,F",Baseball,Beach volleyball,Ice hockey,Lacrosse,Netball,Water polo,Quizsentials,,False,17 Oct 2025,Bonus Round - 10 Multi Tap Questions.sqt,2,16 Mar 2025
Tap only the units of pressure.,multi_tap,"A,C,E",Pound per square inch,Ohm,Pascal,Candela,Bar,Siemens,Quizsentials,,False,17 Oct 2025,Bonus Round - 10 Multi Tap Questions.sqt,1,17 Oct 2025
Tap only the dishes that you would typically find on a Spanish tapas restaurant menu.,multi_tap,A,Patatas bravas,Moussaka,Risotto alla Milanese,Wonton soup,Khao soi,Vegetable biriani,Quizsentials,,False,17 Oct 2025,Bonus Round - 10 Multi Tap Questions.sqt,1,17 Oct 2025
Tap only the synonyms of the word 'candid' as listed on thesaurus.com.,multi_tap,"B,C,D",Reserved,Honest,Forthright,Sincere,Polite,Deceptive,Quizsentials,,False,17 Oct 2025,Bonus Round - 10 Multi Tap Questions.sqt,1,17 Oct 2025
Tap only the landmarks that were completed in the 20th century.,multi_tap,"B,D,F",Eiffel Tower,Sydney Opera House,Brandenburg Gate,Christ the Redeemer,Statue of Liberty,Empire State Building,Quizsentials,,False,17 Oct 2025,Bonus Round - 10 Multi Tap Questions.sqt,1,17 Oct 2025
Tap only the countries that were successfully invaded by Germany during the Second World War.,multi_tap,"A,B,E,F",France,Netherlands,United Kingdom,Spain,Poland,Belgium,Quizsentials,,False,17 Oct 2025,Bonus Round - 10 Multi Tap Questions.sqt,1,17 Oct 2025
Tap only the singers that collaborated on the version of 'Lady Marmalade' from the 2001 film 'Moulin Rouge'.,multi_tap,"A,B,F",Christina Aguilera,Pink,Kylie Minogue,Mary J Blige,Madonna,Lil' Kim,Quizsentials,,False,17 Oct 2025,Bonus Round - 10 Multi Tap Questions.sqt,1,17 Oct 2025
Tap only the names of basic stitches in knitting.,multi_tap,"A,E",Knit,Barman,Circle line,Airplane,Purl,Whopper,Quizsentials,,False,16 Oct 2025,Bonus Round - 10 Multi Tap Questions.sqt,1,16 Oct 2025
Tap only the animated film characters who wear glasses.,multi_tap,"A,B,F",Edna 'E' Mode,Carl Fredricksen,Lilo Pelekai,Woody (from Toy Story),Lord Farquaad,Doc (one of the Seven Dwarfs),Quizsentials,,False,16 Oct 2025,Bonus Round - 10 Multi Tap Questions.sqt,1,16 Oct 2025
Tap only the James Bond films that starred Daniel Craig.,multi_tap,"A,B,D,E",Skyfall,Casino Royale,For Your Eyes Only,No Time To Die,Quantum of Solace,Die Another Day,Quizsentials,,False,16 Oct 2025,Bonus Round - 10 Multi Tap Questions.sqt,1,16 Oct 2025
Tap only the German cities that are south of Berlin.,multi_tap,"B,C,D,E,F",Hamburg,Munich,Frankfurt,Dresden,Cologne,Stuttgart,Quizsentials,,False,16 Oct 2025,Bonus Round - 10 Multi Tap Questions.sqt,1,16 Oct 2025
Tap only the members of the band All Saints.,multi_tap,"A,B,D,F",Nicole Appleton,Natalie Appleton,Rachel Stevens,Shaznay Lewis,Melanie Brown,Melanie Blatt,Quizsentials,,False,16 Oct 2025,Bonus Round - 10 Multi Tap Questions.sqt,1,16 Oct 2025
Tap only the names that are typically used for male animals.,multi_tap,"A,B,C,D",Bull,Buck,Jack,Drake,Sow,Heifer,Quizsentials,,False,16 Oct 2025,Bonus Round - 10 Multi Tap Questions.sqt,1,16 Oct 2025
"Of the events listed here, tap only the ones that took place in the 1980s.",multi_tap,"A,C,D",Madonna releases her debut single,The original PlayStation is released,'He-Man and the Masters of the Universe' debuts on TV,Ronald Reagan becomes US president,The first Pokémon card is sold,Dolly the Sheep becomes the first mammal to be artificially cloned,Quizsentials,,False,16 Oct 2025,Bonus Round - 10 Multi Tap Questions.sqt,1,16 Oct 2025
Tap only the gods associated with the sun.,multi_tap,"B,C,D",Hades,Sol,Apollo,Helios,Persephone,Poseidon,Quizsentials,,False,16 Oct 2025,Bonus Round - 10 Multi Tap Questions.sqt,1,16 Oct 2025
Tap only the films starring Joaquin Phoenix.,multi_tap,"B,C,F",The Mummy,Parenthood,Walk The Line,Elvis,The Last Emperor,Joker,Quizsentials,,False,19 Aug 2025,Bonus Round - 10 Multi Tap Questions.sqt,1,19 Aug 2025
"Of the cartoon catchphrases listed here, tap only the ones used by Looney Tunes characters.",multi_tap,"D,E,F",Yabba-dabba-doo,Smarter than the average bear,Here I come to save the day,"What's up, doc?",I tawd I taw a puddy tat,You're despicable,Quizsentials,,False,19 Aug 2025,Bonus Round - 10 Multi Tap Questions.sqt,1,19 Aug 2025
Tap only the countries that border Spain.,multi_tap,"B,C,E",Italy,Portugal,Andorra,Switzerland,France,Croatia,Quizsentials,,False,19 Aug 2025,Bonus Round - 10 Multi Tap Questions.sqt,1,19 Aug 2025
"Of these phrases, tap only the ones associated with fishing.",multi_tap,"A,B,C,F",Back-cast,Jigging,Sinker,Purl,Backstitch,Freespool,Quizsentials,,False,19 Aug 2025,Bonus Round - 10 Multi Tap Questions.sqt,1,19 Aug 2025
Tap only the words that can follow 'sea' to make the name of a marine animal.,multi_tap,"A,B,C,D,E",Urchin,Horse,Cucumber,Otter,Snail,Rabbit,Quizsentials,,False,19 Aug 2025,Bonus Round - 10 Multi Tap Questions.sqt,1,19 Aug 2025
Biology question: tap only the stages of human development.,multi_tap,"B,D,F",Larva,Zygote,Spores,Embryo,Pupa,Foetus,Quizsentials,,False,19 Aug 2025,Bonus Round - 10 Multi Tap Questions.sqt,1,19 Aug 2025
Tap only the names of percussion instruments that can be found in a typical drum kit.,multi_tap,"A,C,E,F",Crash cymbals,Treehouse,Hi-hat,Kinkles,Floor tom,Kick drum,Quizsentials,,False,19 Aug 2025,Bonus Round - 10 Multi Tap Questions.sqt,1,19 Aug 2025
Tap only the words that are derived from acronyms (ie formed from initials and pronounced as a word).,multi_tap,"A,B,C,F",Laser,Asap,Scuba,Truck,Radio,Radar,Quizsentials,,False,19 Aug 2025,Bonus Round - 10 Multi Tap Questions.sqt,1,19 Aug 2025
Tap only the game shows that originated in the UK.,multi_tap,"A,B,E",The Weakest Link,The Chase,Deal or No Deal,The Price Is Right,Who Wants to Be a Millionaire?,Jeopardy!,Quizsentials,,False,18 Aug 2025,Bonus Round - 10 Multi Tap Questions.sqt,1,18 Aug 2025
Tap only the things that are closer to the Earth than the Moon is.,multi_tap,"A,B,E",Hubble Telescope,International Space Station,James Webb Space Telescope,Venus,Starlink satellites,The Sun,Quizsentials,,False,18 Aug 2025,Bonus Round - 10 Multi Tap Questions.sqt,1,18 Aug 2025
Tap only the names of people who were members of the Beatles.,multi_tap,"B,D,E",Keith,George,Mick,Paul,John,Ronnie,Quizsentials,,False,18 Aug 2025,Bonus Round - 10 Multi Tap Questions.sqt,1,18 Aug 2025
"Of these animals, tap only the canines.",multi_tap,"A,B,C,D,F",Wolf,Dingo,Fox,Coyote,Bear,Jackal,Quizsentials,,False,18 Aug 2025,Bonus Round - 10 Multi Tap Questions.sqt,1,18 Aug 2025
Tap only the US states that have a coast on the Atlantic Ocean.,multi_tap,"A,B,C,D,E,F",New York,Maine,Virginia,Georgia,South Carolina,Rhode Island,Quizsentials,,False,18 Aug 2025,Bonus Round - 10 Multi Tap Questions.sqt,1,18 Aug 2025
"Of the shows listed here, tap only the ones that are Apple TV originals.",multi_tap,"B,D,E",Stranger Things,Severance,Squid Game,Slow Horses,Shrinking,Single's Inferno,Quizsentials,,False,18 Aug 2025,Bonus Round - 10 Multi Tap Questions.sqt,1,18 Aug 2025
Tap only the German numbers.,multi_tap,"B,C,D,F",Dos,Drei,Vier,Sechs,Cinq,Zwei,Quizsentials,,False,18 Aug 2025,Bonus Round - 10 Multi Tap Questions.sqt,1,18 Aug 2025
Tap only the fairy tales that traditionally involve at least one animal as a main character.,multi_tap,"A,B,F",Goldilocks,Little Red Riding Hood,Hansel and Gretel,Rumpelstiltskin,Rapunzel,The Ugly Duckling,Quizsentials,,False,18 Aug 2025,Bonus Round - 10 Multi Tap Questions.sqt,1,18 Aug 2025
Tap only the flavours of Prime Energy drinks sold by KSI and Logan Paul.,multi_tap,"A,B,D,F",Cherry limeade,Dripsicle,Pomegranate,Dream pop,Cranberry,Original,Quizsentials,,False,18 Aug 2025,Bonus Round - 10 Multi Tap Questions.sqt,1,18 Aug 2025
Tap only the names of albums by the band 'Nirvana'.,multi_tap,"B,D,F",Lithium,In Utero,All Apologies,Nevermind,Heart-Shaped Box,Bleach,Quizsentials,,False,24 Jul 2025,Bonus Round - 10 Multi Tap Questions.sqt,1,24 Jul 2025
Tap only the evergreen trees.,multi_tap,"B,C,E",Birch,Fir,Spruce,Beech,Pine,Ash,Quizsentials,,False,24 Jul 2025,Bonus Round - 10 Multi Tap Questions.sqt,1,24 Jul 2025
"Of the Matt Damon movies listed here, tap only the ones that also star Ben Affleck.",multi_tap,"A,E,F",Good Will Hunting,The Bourne Identity,The Martian,The Talented Mr Ripley,Dogma,The Last Duel,Quizsentials,,False,24 Jul 2025,Bonus Round - 10 Multi Tap Questions.sqt,1,24 Jul 2025
"Of the modern slang words listed here, tap only the ones that can be used as verbs.",multi_tap,"A,B,D,E",Yeet,Stan,Pluh,Wig,Slay,Mid,Quizsentials,,False,24 Jul 2025,Bonus Round - 10 Multi Tap Questions.sqt,1,24 Jul 2025
Tap only the foods that are typically associated with Italy.,multi_tap,"A,B,C,F",Pasta,Minestrone soup,Tiramisu,Brioche,Paella,Panettone,Quizsentials,,False,24 Jul 2025,Bonus Round - 10 Multi Tap Questions.sqt,1,24 Jul 2025
"Of these video games, tap only the ones that are primarily racing games.",multi_tap,"B,C,E,F",Overwatch,Gran Turismo,Mario Kart,Genshin Impact,Forza Horizon,TrackMania,Quizsentials,,False,24 Jul 2025,Bonus Round - 10 Multi Tap Questions.sqt,1,24 Jul 2025
"Of the football managers listed here, tap only the ones that have managed Manchester United.",multi_tap,"B,C,E,F",Rafael Benítez,José Mourinho,Alex Ferguson,Mark Hughes,Ole Gunnar Solskaer,Louis van Gaal,Quizsentials,,False,24 Jul 2025,Bonus Round - 10 Multi Tap Questions.sqt,2,20 May 2026
"Of the cities listed here, tap only the ones in India.",multi_tap,"A,B,D,F",Hyderabad,Jaipur,Dhaka,Mumbai,Lahore,Delhi,Quizsentials,,False,24 Jul 2025,Bonus Round - 10 Multi Tap Questions.sqt,1,24 Jul 2025
"Of these people, tap only those who are/were famous for having red or ginger hair.",multi_tap,"B,D,F",Tom Brady,Geri Halliwell,MMA fighter Khabib Nurmagomedov,Aileen Quinn (who played Annie in the 1982 film 'Annie'),Princess Diana,Ed Sheeran,Quizsentials,,False,24 Jul 2025,Bonus Round - 10 Multi Tap Questions.sqt,1,24 Jul 2025
Tap only the cities that are in California.,multi_tap,"D,E,F",Santa Fe,San Antonio,Reno,San Diego,Sacramento,San Francisco,Quizsentials,,False,25 Jul 2025,Bonus Round - 10 Multi Tap Questions.sqt,1,25 Jul 2025
Tap only the Argentinean football managers.,multi_tap,"A,B,E",Marcelo Bielsa,Mauricio Pochettino,Luis Enrique,Unai Emery,Diego Simeone,Roberto Martínez,Quizsentials,,False,25 Jul 2025,Bonus Round - 10 Multi Tap Questions.sqt,2,21 May 2026
Tap only the names (or nicknames) of Vito Corleone's children in the 'Godfather' films.,multi_tap,"B,C,D,E",Mario,Michael,Fredo,Connie,Sonny,Vito Jnr,Quizsentials,,False,25 Jul 2025,Bonus Round - 10 Multi Tap Questions.sqt,1,25 Jul 2025
Tap only words that are similar in meaning to 'healthy'.,multi_tap,"A,D",Salubrious,Infirm,Feeble,Well,Ill,Ailing,Quizsentials,,False,25 Jul 2025,Bonus Round - 10 Multi Tap Questions.sqt,1,25 Jul 2025
Tap only the plants whose petals are or can be yellow.,multi_tap,"A,B,C,D,E,F",Dandelion,Rose,Buttercup,Daffodil,Chrysanthemum,Sunflower,Quizsentials,,False,25 Jul 2025,Bonus Round - 10 Multi Tap Questions.sqt,1,25 Jul 2025
Tap only sports that were available on the original 'Wii Sports' Nintendo game.,multi_tap,"A,B,E",Golf,Boxing,Archery,Basketball,Bowling,MMA,Quizsentials,,False,25 Jul 2025,Bonus Round - 10 Multi Tap Questions.sqt,1,25 Jul 2025
"Of the 'Severance' characters listed here, tap only the ones that have been ""severed"".",multi_tap,"B,D,E,F",Seth Milchick,Dylan George,Harmony Cobel,Helena Eagan,Mark Scout,Irving Bailiff,Quizsentials,,False,25 Jul 2025,Bonus Round - 10 Multi Tap Questions.sqt,1,25 Jul 2025
Tap only the names of real popes in the Catholic Church.,multi_tap,"A,B,C",Pope John,Pope Paul,Pope John Paul,Pope George,Pope Ringo,Pope George Ringo,Quizsentials,,False,25 Jul 2025,Bonus Round - 10 Multi Tap Questions.sqt,1,25 Jul 2025
Tap only the titles of albums by the British singer Adele.,multi_tap,"A,B,D,E",19,21,23,25,30,33,Quizsentials,,False,25 Jul 2025,Bonus Round - 10 Multi Tap Questions.sqt,1,25 Jul 2025
Tap only the international football teams that have been managed by Roberto Mancini.,multi_tap,"A,C",Saudi Arabia,Morocco,Italy,Argentina,Scotland,France,Quizsentials,,False,15 May 2026,Bonus Round - 10 Multi Tap Questions.sqt,2,22 Jul 2025
Tap only the leap years.,multi_tap,"A,C,D,F",2024,2022,2020,2012,2010,2008,Quizsentials,,False,15 May 2026,Bonus Round - 10 Multi Tap Questions.sqt,1,15 May 2026
"In astrology, tap the three air signs.",multi_tap,"A,C,D",Gemini,Leo,Libra,Aquarius,Cancer,Sagittarius,Quizsentials,,False,15 May 2026,Bonus Round - 10 Multi Tap Questions.sqt,1,15 May 2026
Tap only the names of Disney princesses?,multi_tap,"A,C,D,F",Jasmine,Diana,Ariel,Belle,Leia,Moana,Quizsentials,,False,15 May 2026,Bonus Round - 10 Multi Tap Questions.sqt,1,15 May 2026
Tap only the TV shows predominantly set in New York City.,multi_tap,"B,F",Better Call Saul,Girls,Schitt's Creek,Silicon Valley,House of Cards,Succession,Quizsentials,,False,15 May 2026,Bonus Round - 10 Multi Tap Questions.sqt,1,15 May 2026
Tap only the units of length that are longer than a metre.,multi_tap,"D,E,F",Yard,Foot,Inch,League,Rod,Chain,Quizsentials,,False,15 May 2026,Bonus Round - 10 Multi Tap Questions.sqt,2,4 Jul 2025
Tap only the European rivers.,multi_tap,"A,B,C",Danube,Rhine,Rhone,Missouri,Nile,Mekong,Quizsentials,,False,14 May 2026,Bonus Round - 10 Multi Tap Questions.sqt,2,4 Mar 2025
"Of the breads listed here, tap only the ones typically made without yeast.",multi_tap,"B,D,F",Ciabatta,Chapati,Baguette,Matzo,Bagel,Soda bread,Quizsentials,,False,14 May 2026,Bonus Round - 10 Multi Tap Questions.sqt,1,14 May 2026
Tap only the things that appear in the lyrics of 'The Sound of Music' song 'Do-Re-Mi'.,multi_tap,"A,B,C,D,E,F",A needle pulling thread,"A deer, a female deer",A name I call myself,A drink with jam and bread,A drop of golden sun,"A long, long way to run",Quizsentials,,False,14 May 2026,Bonus Round - 10 Multi Tap Questions.sqt,1,14 May 2026
"Of the 'Modern Family' characters listed here, tap only the ones who are children of Phil and Claire Dunphy.",multi_tap,"B,D,E",Manny,Haley,Lily,Alex,Luke,Gloria,Quizsentials,,False,14 May 2026,Bonus Round - 10 Multi Tap Questions.sqt,1,14 May 2026
Tap only the German football clubs from Bavaria.,multi_tap,"B,E",Borussia Dortmund,Bayern Munich,Borussia Mönchengladbach,Bayer Leverkusen,1860 Munich,Hamburger SV,Quizsentials,,False,14 May 2026,Bonus Round - 10 Multi Tap Questions.sqt,2,23 Jul 2025
Tap only the letters of the alphabet that are represented in the NATO phonetic alphabet by place names.,multi_tap,"A,B,C",I,Q,L,K,M,N,Quizsentials,,False,14 May 2026,Bonus Round - 10 Multi Tap Questions.sqt,1,14 May 2026
Tap only the characters from the 'Legend of Zelda' video game series.,multi_tap,"B,C,E",Doomfist,Link,Princess Zelda,Hazard,Ganon,Junker Queen,Quizsentials,,False,14 May 2026,Bonus Round - 10 Multi Tap Questions.sqt,1,14 May 2026
"Of these 2025 Ryder Cup players, tap only those who are English.",multi_tap,"A,C,F",Justin Rose,Russell Henley,Tommy Fleetwood,Justin Thomas,Harris English,Tyrrell Hatton,Quizsentials,,False,5 Apr 2026,Bonus Round - 10 Multi Tap Questions.sqt,1,5 Apr 2026
"Tap only the landmarks that are among the ten most visited in the world, according to the latest figures.",multi_tap,"A,B,D,E",The Forbidden City (Beijing),Eiffel Tower,Machu Picchu,Taj Mahal,St Peter's Basilica (Vatican City),Edinburgh Castle,Quizsentials,,False,5 Apr 2026,Bonus Round - 10 Multi Tap Questions.sqt,1,5 Apr 2026
Tap only the films that have won the Academy Award for Best Picture.,multi_tap,"B,D",Avengers: Infinity War,Oppenheimer,Star Wars: The Rise of Skywalker,Slumdog Millionaire,Despicable Me 3,Mamma Mia! Here We Go Again,Quizsentials,,False,5 Apr 2026,Bonus Round - 10 Multi Tap Questions.sqt,1,5 Apr 2026
Tap only the missing numbers that end in 9.,multi_tap,"B,C,D",When I'm __ (by The Beatles),The __ Steps (Hitchcock film),San Francisco __ers (NFL team),Summer of __ (by Brian Adams),All Too Well (__ Minute Version) (by Taylor Swift),Catch-__ (by Joseph Heller),Quizsentials,,False,5 Apr 2026,Bonus Round - 10 Multi Tap Questions.sqt,1,5 Apr 2026
Tap only the professional boxers as opposed to UFC fighters.,multi_tap,"C,E",Jon Jones,Anderson Silva,Daniel Dubois,José Aldo,Deontay Wilder,Tom Aspinall,Quizsentials,,False,5 Apr 2026,Bonus Round - 10 Multi Tap Questions.sqt,1,5 Apr 2026
"Of these cities, tap only the ones in Ireland.",multi_tap,"A,B,C,D,E,F",Cork,Dublin,Galway,Limerick,Waterford,Kilkenny,Quizsentials,,False,5 Apr 2026,Bonus Round - 10 Multi Tap Questions.sqt,1,5 Apr 2026
Tap only the real titles of books from the Bible.,multi_tap,"A,B,C,D,E,F",Judges,Revelation,Leviticus,Mark,Exodus,Psalms,Quizsentials,,False,26 Mar 2026,Bonus Round - 10 Multi Tap Questions.sqt,1,26 Mar 2026
Tap only the letters that are worth exactly three points in the standard English edition of Scrabble.,multi_tap,"A,C,F",M,L,B,W,O,P,Quizsentials,,False,26 Mar 2026,Bonus Round - 10 Multi Tap Questions.sqt,1,26 Mar 2026
Tap only the films starring Margot Robbie.,multi_tap,"B,C,F",Avatar: The Way of Water,Barbie,Once Upon a Time in Hollywood,Creed,Get Out,The Wolf of Wall Street,Quizsentials,,False,26 Mar 2026,Bonus Round - 10 Multi Tap Questions.sqt,1,26 Mar 2026
Tap only the real varieties of bat.,multi_tap,"A,C,D",Pipistrelle,Field,Hog-nosed,Vampire,Harvest,Kangaroo,Quizsentials,,False,26 Mar 2026,Bonus Round - 10 Multi Tap Questions.sqt,1,26 Mar 2026
Tap only the names of Kylie Jenner's kids.,multi_tap,"C,D",North,Psalm,Stormi,Aire,Reign,True,Quizsentials,,False,26 Mar 2026,Bonus Round - 10 Multi Tap Questions.sqt,1,26 Mar 2026
"Jack Antonoff, the singer in the band Bleachers, is also a renowned producer. Tap the artists he has produced music for.",multi_tap,"A,B,C,D,E,F",Taylor Swift,Lana Del Rey,Lorde,Kendrick Lamar,The 1975,Sabrina Carpenter,Quizsentials,,False,26 Mar 2026,Bonus Round - 10 Multi Tap Questions.sqt,1,26 Mar 2026
Tap only the countries that use a currency called the peso.,multi_tap,"C,D,E",Spain,Brazil,Argentina,Mexico,Philippines,Ecuador,Quizsentials,,False,26 Mar 2026,Bonus Round - 10 Multi Tap Questions.sqt,1,26 Mar 2026
"Of the wrestlers listed here, tap only the ones that were part of the D-Generation X stable.",multi_tap,"A,B,C,D",Triple H,Shawn Michaels,Chyna,X-Pac,Stone Cold Steve Austin,The Rock,Quizsentials,,False,26 Mar 2026,Bonus Round - 10 Multi Tap Questions.sqt,1,26 Mar 2026
"Of the cheeses listed here, tap only the ones that originate from France.",multi_tap,"A,F",Brie,Emmental,Gorgonzola,Gouda,Manchego,Roquefort,Quizsentials,,False,27 Mar 2026,Bonus Round - 10 Multi Tap Questions.sqt,2,11 May 2025
"Of these 1990s movies, tap only the ones that starred Michelle Pfeiffer.",multi_tap,"A,B,E",Dangerous Minds,Batman Returns,Sliding Doors,Hook,Up Close & Personal,Shakespeare in Love,Quizsentials,,False,27 Mar 2026,Bonus Round - 10 Multi Tap Questions.sqt,1,27 Mar 2026
Tap only the subtitles of 'Metal Gear Solid' games.,multi_tap,"A,B,D",Sons of Liberty,The Phantom Pain,The Room,Snake Eater,Downpour,The Short Message,Quizsentials,,False,27 Mar 2026,Bonus Round - 10 Multi Tap Questions.sqt,1,27 Mar 2026
"Of the 'Euphoria' characters listed here, tap only the ones who have dated Nate Jacobs.",multi_tap,"C,E",Rue,Lexi,Maddy,Kat,Cassie,Gia,Quizsentials,,False,27 Mar 2026,Bonus Round - 10 Multi Tap Questions.sqt,1,27 Mar 2026
"Of these celebrities, tap only the ones who have dated Taylor Swift.",multi_tap,"A,B,C,D,E,F",Joe Jonas,Travis Kelce,Harry Styles,Tom Hiddleston,John Mayer,Matty Healy,Quizsentials,,False,27 Mar 2026,Bonus Round - 10 Multi Tap Questions.sqt,1,27 Mar 2026
"Of these famous American places, tap only the ones either fully or partly in California.",multi_tap,"C,D,E,F",Everglades,Key West,Silicon Valley,Death Valley,Yosemite National Park,Sequoia National Park,Quizsentials,,False,27 Mar 2026,Bonus Round - 10 Multi Tap Questions.sqt,1,27 Mar 2026
Tap only the plays that were written by William Shakespeare.,multi_tap,"A,B,C,F",Hamlet,King Lear,Macbeth,Waiting for Godot,Oedipus Rex,Othello,Quizsentials,,False,27 Mar 2026,Bonus Round - 10 Multi Tap Questions.sqt,2,4 Mar 2025
Tap only the genuine names of poker hands.,multi_tap,"A,B,C,D,E,F",Straight,Straight flush,Three of a kind,Two pair,Four of a kind,Royal flush,Quizsentials,,False,27 Mar 2026,Bonus Round - 10 Multi Tap Questions.sqt,2,26 Feb 2026
Tap only the names of fictional schools from the world of TV.,multi_tap,"A,B,C,D,E,F",William McKinley High,Bayside High,Abbott Elementary,Nevermore Academy,East Highland,Degrassi High,Quizsentials,,False,2 Aug 2026,Bonus Round - 10 Multi Tap Questions.sqt,1,2 Aug 2026
Tap only the letters that appear twice in the name of the cheese mozzarella.,multi_tap,"B,C,F",O,Z,A,R,E,L,Quizsentials,,False,2 Aug 2026,Bonus Round - 10 Multi Tap Questions.sqt,1,2 Aug 2026
Tap only the antonyms of the word 'good'.,multi_tap,"C,D,F",Pleasant,Enjoyable,Bad,Horrid,Nice,Repulsive,Quizsentials,,False,2 Aug 2026,Bonus Round - 10 Multi Tap Questions.sqt,1,2 Aug 2026
"Of the TV shows listed here, tap only the political dramas.",multi_tap,"D,F",Unbreakable Kimmy Schmidt,Schitt's Creek,Atlanta,The West Wing,Big Mouth,House of Cards,Quizsentials,,False,2 Aug 2026,Bonus Round - 10 Multi Tap Questions.sqt,1,2 Aug 2026
"Of the Roman gods and goddesses listed here, tap only the ones whose Greek equivalent begins with the letter 'A'.",multi_tap,"C,D",Jupiter,Neptune,Venus,Mars,Pluto,Juno,Quizsentials,,False,2 Aug 2026,Bonus Round - 10 Multi Tap Questions.sqt,1,2 Aug 2026
Tap only the countries to have hosted the FIFA World Cup so far in the 21st century.,multi_tap,"B,C,D",England,Qatar,South Africa,Brazil,Australia,China,Quizsentials,,False,2 Aug 2026,Bonus Round - 10 Multi Tap Questions.sqt,1,2 Aug 2026
Tap the songs that were first released either on albums or as singles in the 1970s.,multi_tap,"A,C,D","Don't Stop Me Now, by Queen","Don't Stop the Music, by Rihanna","Don't Stop 'Til You Get Enough, by Michael Jackson","Don't Stop, by Fleetwood Mac","Don't Stop Believin', by Journey","Don't Stop, by 5 Seconds of Summer",Quizsentials,,False,2 Aug 2026,Bonus Round - 10 Multi Tap Questions.sqt,1,2 Aug 2026
Tap only the electric-type Pokémon.,multi_tap,"C,E",Bulbasaur,Charizard,Jolteon,Squirtle,Pikachu,Caterpie,Quizsentials,,False,2 Aug 2026,Bonus Round - 10 Multi Tap Questions.sqt,1,2 Aug 2026
Tap the three rules that you must follow when owning a Mogwai in the film 'Gremlins'.,multi_tap,"A,C,D",Do not expose the creature to light,Do not let it watch TV,Do not get it wet,Do not feed it after midnight,Do not let it get too hot,Do not let it mate,Quizsentials,,False,2 Aug 2026,Bonus Round - 10 Multi Tap Questions.sqt,1,2 Aug 2026
"Of these non-playable creatures from 'Minecraft', tap only the ones that are hostile to players.",multi_tap,"A,C",Creeper,Snow Golem,Zombie,Sulfur Cube,Pig,Bat,Quizsentials,,False,3 Aug 2026,Bonus Round - 10 Multi Tap Questions.sqt,1,3 Aug 2026
"Of these chemical elements, tap only the ones in which the missing letters are 'gen'.",multi_tap,"B,E,F",Io_,Hydro__,Sili__,Fluor__,Oxy__,Nitro__,Quizsentials,,False,3 Aug 2026,Bonus Round - 10 Multi Tap Questions.sqt,1,3 Aug 2026
"Of the mythical animals listed here, tap only the ones that were either slain or captured in the Labours of Hercules.",multi_tap,"B,C",Trojan horse,Nemean lion,Cretan bull,Pegasus,Minotaur of Crete,The Little Mermaid,Quizsentials,,False,3 Aug 2026,Bonus Round - 10 Multi Tap Questions.sqt,1,3 Aug 2026
Tap only the movies that are based on real-life events.,multi_tap,"A,C,E",Lincoln,The Dark Knight Rises,The Social Network,John Wick,Bohemian Rhapsody,Wreck-It Ralph,Quizsentials,,False,3 Aug 2026,Bonus Round - 10 Multi Tap Questions.sqt,1,3 Aug 2026
"Of these famous musicians, tap only those known for playing the drums.",multi_tap,"A,B,C,D,F",Keith Moon,Dave Grohl,Ringo Starr,Travis Barker,Brandon Flowers,Anderson .Paak,Quizsentials,,False,3 Aug 2026,Bonus Round - 10 Multi Tap Questions.sqt,1,3 Aug 2026
Tap the sports that typically feature exactly six players per team (not including substitutes etc).,multi_tap,"C,E",Basketball,Netball,Ice hockey,Polo,Volleyball,Quidditch,Quizsentials,,False,3 Aug 2026,Bonus Round - 10 Multi Tap Questions.sqt,1,3 Aug 2026
"Of the 'Parks and Recreation' characters listed here, tap only the ones who were in the first season.",multi_tap,"B,C,D,E",Jeremy Jamm,Donna Meagle,Leslie Knope,Ron Swanson,Tom Haverford,Chris Traegar,Quizsentials,,False,3 Aug 2026,Bonus Round - 10 Multi Tap Questions.sqt,1,3 Aug 2026
Tap only the countries that use the euro as their currency.,multi_tap,"A,D,E",Ireland,Scotland,Iceland,Netherlands,Finland,Switzerland,Quizsentials,,False,3 Aug 2026,Bonus Round - 10 Multi Tap Questions.sqt,2,25 May 2025
"Of these former Argentina footballers who have at least 80 caps, tap only the ones with the first name 'Diego'.",multi_tap,"C,D",Zanetti,De Paul,Simeone,Maradona,Agüero,Mascherano,Quizsentials,,False,3 Aug 2026,Bonus Round - 10 Multi Tap Questions.sqt,1,3 Aug 2026
Tap only the Destiny's Child songs.,multi_tap,"B,C,D",Crazy in Love,Soldier,"Bills, Bills, Bills",Say My Name,Baby Boy,Irreplaceable,Quizsentials,,False,15 Jan 2026,Bonus Round - 10 Multi Tap Questions.sqt,1,15 Jan 2026
Tap only the names of gangs that appear in the video game 'Red Dead Redemption 2'.,multi_tap,"A,D,E",Lemoyne Raiders,Armenian Mob,Voodoo Boys,O'Driscoll Boys,Skinner Brothers,Los Santos Vagos,Quizsentials,,False,15 Jan 2026,Bonus Round - 10 Multi Tap Questions.sqt,1,15 Jan 2026
Tap only the countries that currently have the pound as their currency.,multi_tap,"C,D,E",New Zealand,Canada,Egypt,Lebanon,United Kingdom,Belgium,Quizsentials,,False,15 Jan 2026,Bonus Round - 10 Multi Tap Questions.sqt,1,15 Jan 2026
Tap the sitcoms that debuted in the 1990s.,multi_tap,"C,D,E",How I Met Your Mother,Cheers,Frasier,Friends,Will & Grace,Brooklyn Nine-Nine,Quizsentials,,False,15 Jan 2026,Bonus Round - 10 Multi Tap Questions.sqt,1,15 Jan 2026
Tap only the movies Steven Spielberg is credited with directing.,multi_tap,"A,C,E",Raiders of the Lost Ark,Avatar,Saving Private Ryan,Back to the Future,Jurassic Park,Titanic,Quizsentials,,False,15 Jan 2026,Bonus Round - 10 Multi Tap Questions.sqt,1,15 Jan 2026
Tap only the novels in which the lead character is female.,multi_tap,"A,E,F",The Hunger Games,Life of Pi,The Great Gatsby,The Call of the Wild,The Color Purple,The Book Thief,Quizsentials,,False,15 Jan 2026,Bonus Round - 10 Multi Tap Questions.sqt,1,15 Jan 2026
Tap only the places that have an NFL team named after felines.,multi_tap,"A,B,C,D",Detroit,Cincinatti,Jacksonville,North Carolina,Las Vegas,Los Angeles,Quizsentials,,False,15 Jan 2026,Bonus Round - 10 Multi Tap Questions.sqt,1,15 Jan 2026
Tap only the elements that are among the five most abundant in seawater.,multi_tap,"A,D,F",Oxygen,Mercury,Tin,Hydrogen,Uranium,Chlorine,Quizsentials,,False,15 Jan 2026,Bonus Round - 10 Multi Tap Questions.sqt,1,15 Jan 2026
Tap only the cities whose NFL franchises are named after mammals.,multi_tap,"A,B,F",Miami,Detroit,Atlanta,Seattle,Philadelphia,Chicago,Quizsentials,,False,15 Jan 2026,Bonus Round - 10 Multi Tap Questions.sqt,1,15 Jan 2026
Tap only the landlock countries.,multi_tap,"A,D,F",Switzerland,Belgium,Albania,Hungary,Romania,Serbia,Quizsentials,,False,14 Jan 2026,Bonus Round - 10 Multi Tap Questions.sqt,1,14 Jan 2026
Tap only the books that are attributed to the correct author.,multi_tap,"A,B,E","Anna Karenina, by Leo Tolstoy","Don Quixote, by Miguel de Cervantes","Pride and Prejudice, by Charlotte Brontë","Lord of the Flies, by J.R.R. Tolkien","Brave New World, by Aldous Huxley","The Great Gatsby, by Charles Dickens",Quizsentials,,False,14 Jan 2026,Bonus Round - 10 Multi Tap Questions.sqt,1,14 Jan 2026
Tap the actresses who played Queen Elizabeth II in the Netflix series 'The Crown'.,multi_tap,"A,D,F",Claire Foy,Helena Bonham Carter,Samantha Bond,Olivia Colman,Helen Mirren,Imelda Staunton,Quizsentials,,False,14 Jan 2026,Bonus Round - 10 Multi Tap Questions.sqt,1,14 Jan 2026
Tap only the places that have an NFL team named after horses or people who typically ride horses.,multi_tap,"B,C,F",Arizona,Dallas,Denver,Tennessee,Green Bay,Indianapolis,Quizsentials,,False,14 Jan 2026,Bonus Round - 10 Multi Tap Questions.sqt,1,14 Jan 2026
Tap only the terms that refer to one of the eight main phases of the moon.,multi_tap,"B,C,E,F",Dark Moon,Waxing Crescent,New Moon,Strawberry Moon,Waxing Gibbous,Full Moon,Quizsentials,,False,14 Jan 2026,Bonus Round - 10 Multi Tap Questions.sqt,1,14 Jan 2026
Tap only the movies starring Harrison Ford.,multi_tap,"A,C,D,F",Raiders of The Lost Ark,Romancing the Stone,Apocalypse Now,Star Wars: Episode VI - Return of The Jedi,Star Wars: Episode III - Revenge of the Sith,The Fugitive,Quizsentials,,False,14 Jan 2026,Bonus Round - 10 Multi Tap Questions.sqt,1,14 Jan 2026
"Of the star signs listed here, tap only the ones that come in the first six months of a calendar year.",multi_tap,"A,B,D,F",Leo,Sagittarius,Aquarius,Scorpio,Gemini,Libra,Quizsentials,,False,14 Jan 2026,Bonus Round - 10 Multi Tap Questions.sqt,1,14 Jan 2026
Tap only the names of albums released by Britney Spears.,multi_tap,"A,B,D,F",Circus,Britney Jean,Stripped,Blackout,Liberation,Oops!... I Did It Again,Quizsentials,,False,14 Jan 2026,Bonus Round - 10 Multi Tap Questions.sqt,1,14 Jan 2026
"Of the websites listed here, tap only the ones that were launched before WhatsApp.",multi_tap,"A,D,F",Facebook,Instagram,TikTok,LinkedIn,Snapchat,Pinterest,Quizsentials,,False,14 Jan 2026,Bonus Round - 10 Multi Tap Questions.sqt,1,14 Jan 2026
Tap only the genuine varieties of mustard (as listed on Wikipedia).,multi_tap,"A,B,C,D,E,F",English,Spicy brown,Dijon,Yellow,Wholegrain,Sweet,Quizsentials,,False,27 Jul 2026,Bonus Round - 10 Multi Tap Questions.sqt,1,27 Jul 2026
Tap only the football managers who have managed Chelsea.,multi_tap,"A,B,C,E",José Mourinho,Enzo Maresca,Carlo Ancelotti,David Moyes,Frank Lampard,Arsène Wenger,Quizsentials,,False,27 Jul 2026,Bonus Round - 10 Multi Tap Questions.sqt,1,27 Jul 2026
Tap only the song titles in which the missing word is 'Baby'.,multi_tap,"B,C,F","Hollaback __, by Gwen Stefani","__ Got Back, by Sir Mix-A-Lot","...__ One More Time, by Britney Spears","__ on Fire, by Alicia Keys","Brown Eyed __, by Van Morrison","__ Shark, by Pinkfong",Quizsentials,,False,27 Jul 2026,Bonus Round - 10 Multi Tap Questions.sqt,1,27 Jul 2026
Tap only the countries where pigeons and/or doves are native.,multi_tap,"A,B,C,D,E,F",France,USA,South Africa,Australia,India,Brazil,Quizsentials,,False,27 Jul 2026,Bonus Round - 10 Multi Tap Questions.sqt,1,27 Jul 2026
Tap only the companies founded in Japan.,multi_tap,"B,D,E,F",Samsung,Sony,HP,Panasonic,Canon,Nintendo,Quizsentials,,False,27 Jul 2026,Bonus Round - 10 Multi Tap Questions.sqt,1,27 Jul 2026
Tap only the movies that star Al Pacino.,multi_tap,"A,C,D",The Godfather,Goodfellas,Scarface,Carlito's Way,The Untouchables,Pulp Fiction,Quizsentials,,False,27 Jul 2026,Bonus Round - 10 Multi Tap Questions.sqt,1,27 Jul 2026
"Of the TV show titles listed here, tap only the ones in which the missing word is a type of building.",multi_tap,"B,E",What We Do in the __,__ of Cards,Game of __,Sex and the __,Downton __,__ Galactica,Quizsentials,,False,27 Jul 2026,Bonus Round - 10 Multi Tap Questions.sqt,1,27 Jul 2026
"Of these parts of a plant, tap only the reproductive structures.",multi_tap,"A,B",Stamen,Pistil,Caulis,Taproot,Epidermis,Leaf,Quizsentials,,False,26 Jul 2026,Bonus Round - 10 Multi Tap Questions.sqt,1,26 Jul 2026
"Of the animals listed here, tap only the ones whose young are known as cubs.",multi_tap,"B,E",Goat,Lion,Dolphin,Monkey,Bear,Horse,Quizsentials,,False,26 Jul 2026,Bonus Round - 10 Multi Tap Questions.sqt,1,26 Jul 2026
Tap only the names of characters from the 'He-Man' and 'Masters of the Universe' franchise.,multi_tap,"C,F",Lion-O,Cheetara,Prince Adam,Tygra,Panthro,Skeletor,Quizsentials,,False,26 Jul 2026,Bonus Round - 10 Multi Tap Questions.sqt,1,26 Jul 2026
"Of the pastas listed here, tap only the long strings/strips.",multi_tap,"A,B,C,D",Spaghetti,Linguine,Tagliatelle,Fettuccine,Penne,Fusilli,Quizsentials,,False,26 Jul 2026,Bonus Round - 10 Multi Tap Questions.sqt,2,19 Jun 2025
Tap only the countries that have hosted the Winter Olympics.,multi_tap,"A,B,C,D,F",USA,Italy,China,Switzerland,United Kingdom,Canada,Quizsentials,,False,26 Jul 2026,Bonus Round - 10 Multi Tap Questions.sqt,1,26 Jul 2026
"Of the sports listed here, tap only the ones in which the ball is spherical.",multi_tap,"A,C,E,F",Golf,American football,Snooker,Rugby league,Squash,Table tennis,Quizsentials,,False,26 Jul 2026,Bonus Round - 10 Multi Tap Questions.sqt,1,26 Jul 2026
Tap only the Marvel movies that were released after 'Avengers: Endgame'.,multi_tap,"C,F",Doctor Strange,Thor: Ragnarok,Guardians of the Galaxy Vol. 3,Avengers: Infinity War,Captain America: The First Avenger,Deadpool & Wolverine,Quizsentials,,False,26 Jul 2026,Bonus Round - 10 Multi Tap Questions.sqt,1,26 Jul 2026
Tap only the singles by Adele.,multi_tap,"B,C,D,E,F",Proud Mary,Rolling in the Deep,Someone Like You,Hello,Set Fire to the Rain,Easy On Me,Quizsentials,,False,26 Jul 2026,Bonus Round - 10 Multi Tap Questions.sqt,1,26 Jul 2026
Tap only the countries whose capital city begins with the letter 'L'.,multi_tap,"A,B,E",England,Luxembourg,France,Belgium,Portugal,Norway,Quizsentials,,False,4 Feb 2025,Bonus Round - 10 Multi Tap Questions.sqt,2,22 Apr 2026
Tap only the Christmas movies that were released in the 1980s.,multi_tap,"C,D",Home Alone,It's a Wonderful Life,National Lampoon's Christmas Vacation,Scrooged,The Holiday,Elf,Quizsentials,,False,4 Feb 2025,Bonus Round - 10 Multi Tap Questions.sqt,1,4 Feb 2025
"Of the tennis players listed here, tap only the Americans.",multi_tap,"A,D,F",Venus Williams,Margaret Court,Ash Barty,Billie Jean King,Steffi Graf,Coco Gauff,Quizsentials,,False,4 Feb 2025,Bonus Round - 10 Multi Tap Questions.sqt,2,21 Jan 2026
"Tap only the North American terms for car parts, as opposed to terms used in the UK.",multi_tap,"A,B,D",Trunk,Windshield,Gear stick,Shifter,Windscreen,Boot,Quizsentials,,False,4 Feb 2025,Bonus Round - 10 Multi Tap Questions.sqt,1,4 Feb 2025
Tap only the non-fiction books.,multi_tap,"A,B,F","The Diary of a Young Girl, by Anne Frank","A Brief History of Time, by Stephen Hawking","Don Quixote, by Miguel Cervantes","Winnie-the-Pooh, by A.A. Milne","Dune, by Frank Herbert","How to Win Friends and Influence People, by Dale Carnegie",Quizsentials,,False,4 Feb 2025,Bonus Round - 10 Multi Tap Questions.sqt,2,27 Feb 2026
Tap only the first names of US First Ladies since Nancy Reagan.,multi_tap,"A,B,C,F",Michelle,Barbara,Jill,Margaret,Jackie,Laura,Quizsentials,,False,4 Feb 2025,Bonus Round - 10 Multi Tap Questions.sqt,2,2 Dec 2025
"The 'modalities' in western astrology are a way of linking different star signs by their characteristics. Tap the four that are in the 'mutable' modality, meaning they are flexible and adaptable.",multi_tap,"A,B,C,F",Virgo,Pisces,Gemini,Aries,Taurus,Sagittarius,Quizsentials,,False,16 Jun 2026,Bonus Round - 10 Multi Tap Questions.sqt,1,16 Jun 2026
Tap only the girls' names that feature in the titles of Beatles songs written by Lennon and McCartney.,multi_tap,"A,D,E",Eleanor,Jennifer,Maria,Penny,Prudence,Sigourney,Quizsentials,,False,16 Jun 2026,Bonus Round - 10 Multi Tap Questions.sqt,2,28 Mar 2025
"Of these Dan Brown novels, tap only the ones that have been adapted into movies.",multi_tap,"A,D,E",The Da Vinci Code,The Secret of Secrets,The Lost Symbol,Inferno,Angels & Demons,Digital Fortress,Quizsentials,,False,16 Jun 2026,Bonus Round - 10 Multi Tap Questions.sqt,1,16 Jun 2026
Tap only the TV shows that have dragons in them.,multi_tap,"A,F",Game of Thrones,The Lord of the Rings: The Rings of Power,Andor,The Last of Us,Stranger Things,The Dragon Prince,Quizsentials,,False,16 Jun 2026,Bonus Round - 10 Multi Tap Questions.sqt,1,16 Jun 2026
Tap only the names of Apple Mac operating systems.,multi_tap,"A,B,C,E,F",Yosemite,Mojave,Catalina,Kalahari,Monterey,Sonoma,Quizsentials,,False,16 Jun 2026,Bonus Round - 10 Multi Tap Questions.sqt,1,16 Jun 2026
Tap only the elements that make up a molecule of glucose.,multi_tap,"B,C,F",Iron,Carbon,Oxygen,Silicon,Magnesium,Hydrogen,Quizsentials,,False,16 Jun 2026,Bonus Round - 10 Multi Tap Questions.sqt,2,17 Jul 2025
Tap only the genuine types of rifle (as classified by action type).,multi_tap,"B,C,E,F",Jump-action,Bolt-action,Pump-action,Back-facing,Semi-automatic,Muzzle-loading,Quizsentials,,False,16 Jun 2026,Bonus Round - 10 Multi Tap Questions.sqt,1,16 Jun 2026
"Tap only the titles of Marvel movies, as opposed to Marvel TV shows.",multi_tap,"C,E,F",Wandavision,Loki,Thor,Ironheart,Iron Man,Doctor Strange,Quizsentials,,False,16 Jun 2026,Bonus Round - 10 Multi Tap Questions.sqt,1,16 Jun 2026
Tap only the films starring Kevin Costner.,multi_tap,"A,B,C,D,E,F",The Bodyguard,Field of Dreams,Waterworld,The Untouchables,Dances with Wolves,Robin Hood: Prince of Thieves,Quizsentials,,False,17 Jun 2026,Bonus Round - 10 Multi Tap Questions.sqt,2,10 Jun 2026
Tap only the names of rooms in the classic board game Cluedo.,multi_tap,"A,C,D",Ballroom,Bedroom,Billiard room,Kitchen,Bathroom,Downstairs toilet,Quizsentials,,False,17 Jun 2026,Bonus Round - 10 Multi Tap Questions.sqt,1,17 Jun 2026
Tap only the football teams that have been managed by Jose Mourinho.,multi_tap,"A,B,C,D,E,F",Inter Milan,Real Madrid,Tottenham Hotspur,AS Roma,Manchester United,Porto,Quizsentials,,False,17 Jun 2026,Bonus Round - 10 Multi Tap Questions.sqt,1,17 Jun 2026
"Of the beauty brands listed here, tap only the ones founded by pop stars.",multi_tap,"B,D",Hourglass,Fenty Beauty,Maybelline,Haus Labs,Lancôme,MAC Cosmetics,Quizsentials,,False,17 Jun 2026,Bonus Round - 10 Multi Tap Questions.sqt,1,17 Jun 2026
"Of the 'Big Bang Theory' characters listed here, tap only the ones who have worked at CalTech university.",multi_tap,"B,C,D,E",Penny,Sheldon,Howard,Raj,Amy,Stuart,Quizsentials,,False,17 Jun 2026,Bonus Round - 10 Multi Tap Questions.sqt,1,17 Jun 2026
"Of the car brands listed here, tap only the ones that are part of the Volkswagen Group.",multi_tap,"B,C,E,F",Ferrari,Lamborghini,Audi,Mercedes,Skoda,Seat,Quizsentials,,False,17 Jun 2026,Bonus Round - 10 Multi Tap Questions.sqt,1,17 Jun 2026
Tap only the 'Game of Thrones' characters that have the last name Stark.,multi_tap,"A,B,C,D",Eddard,Robb,Sansa,Arya,Tyrion,Brienne,Quizsentials,,False,23 Feb 2025,Bonus Round - 10 Multi Tap Questions.sqt,1,23 Feb 2025
Tap only the cities that have hosted the Summer Olympic Games.,multi_tap,"B,C,D,E,F",Manchester,Melbourne,Mexico City,Montreal,Moscow,Munich,Quizsentials,,False,23 Feb 2025,Bonus Round - 10 Multi Tap Questions.sqt,1,23 Feb 2025
Tap only the names of shades of red.,multi_tap,"A,B,E",Carmine,Cardinal,Cobalt,Cornsilk,Crimson,Cyan,Quizsentials,,False,23 Feb 2025,Bonus Round - 10 Multi Tap Questions.sqt,2,2 Dec 2025
Tap only the objects that are bigger than Earth's moon?,multi_tap,"B,D,E,F",Pluto,The Sun,International Space Station,Mercury,Venus,Jupiter,Quizsentials,,False,23 Feb 2025,Bonus Round - 10 Multi Tap Questions.sqt,2,18 Jan 2026
Tap only the novels written by Agatha Christie.,multi_tap,"B,C",The Tailor of Panama,Murder on the Orient Express,Death on the Nile,Our Man in Havana,A Passage to India,Wide Sargasso Sea,Quizsentials,,False,18 Mar 2026,Bonus Round - 10 Multi Tap Questions.sqt,1,18 Mar 2026
Tap only the people who have won the Academy Award for Best Actress.,multi_tap,"C,E,F",Sydney Sweeney,Judi Dench,Julia Roberts,Keira Knightley,Meryl Streep,Sandra Bullock,Quizsentials,,False,18 Mar 2026,Bonus Round - 10 Multi Tap Questions.sqt,1,18 Mar 2026
Tap only the countries that observe Greenwich Mean Time for at least part of the year.,multi_tap,"A,D,E,F",Iceland,France,Finland,United Kingdom,Ireland,Senegal,Quizsentials,,False,18 Mar 2026,Bonus Round - 10 Multi Tap Questions.sqt,1,18 Mar 2026
"Of these Oasis songs, tap only the ones that feature on their second album '(What's the Story) Morning Glory?'",multi_tap,"A,C,D",Roll With It,Shakermaker,Don't Look Back in Anger,She's Electric,Lyla,Stand By Me,Quizsentials,,False,18 Mar 2026,Bonus Round - 10 Multi Tap Questions.sqt,1,18 Mar 2026
"Of the pro wrestlers listed here, tap only the ones that have been members of the New Day.",multi_tap,"A,B,C",Kofi Kingston,Big E,Xavier Woods,Sheamus,The Miz,Seth Rollins,Quizsentials,,False,18 Mar 2026,Bonus Round - 10 Multi Tap Questions.sqt,1,18 Mar 2026
Tap only the teams that have been managed by Antonio Conte.,multi_tap,"A,B,C,D,F",Juventus,Chelsea,Napoli,Tottenham Hotspur,Paris Saint-Germain,Inter Milan,Quizsentials,,False,18 Mar 2026,Bonus Round - 10 Multi Tap Questions.sqt,2,12 Jun 2025
"Of these famous Dons, tap only the ones that are fictional.",multi_tap,"B,C,D,F",Don King,Don Quixote,Donald Duck,Don Corleone,Donald Trump,Donkey from Shrek,Quizsentials,,False,18 Mar 2026,Bonus Round - 10 Multi Tap Questions.sqt,2,18 Mar 2026
Tap only the units of mass.,multi_tap,"A,B,D,E",Ounce,Kilogram,Newton,Ton,Pound,Acre,Quizsentials,,False,18 Mar 2026,Bonus Round - 10 Multi Tap Questions.sqt,2,8 May 2025
Germany was split into East and West after the Second World War. Tap only the cities that were in East Germany.,multi_tap,"B,D",Hamburg,Leipzig,Dusseldorf,Dresden,Cologne,Stuttgart,Quizsentials,,False,19 Mar 2026,Bonus Round - 10 Multi Tap Questions.sqt,1,19 Mar 2026
Tap only the elements that are in a molecule of nitric acid.,multi_tap,"C,D,F",Nickel,Neon,Nitrogen,Hydrogen,Helium,Oxygen,Quizsentials,,False,19 Mar 2026,Bonus Round - 10 Multi Tap Questions.sqt,2,2 May 2025
Tap only the computer programming languages.,multi_tap,"A,B,C,D,E,F",Python,C#,PHP,JavaScript,BASIC,Java,Quizsentials,,False,19 Mar 2026,Bonus Round - 10 Multi Tap Questions.sqt,1,19 Mar 2026
Tap only the singles released by Drake.,multi_tap,"B,C,D",All the Stars,Hotline Bling,God's Plan,One Dance,King's Dead,Die Hard,Quizsentials,,False,19 Mar 2026,Bonus Round - 10 Multi Tap Questions.sqt,1,19 Mar 2026
"Of these plants, tap only the climbing plants.",multi_tap,"A,B,C,D,E,F",Clematis,Wisteria,Honeysuckle,Ivy,Virginia Creeper,Grapevine,Quizsentials,,False,19 Mar 2026,Bonus Round - 10 Multi Tap Questions.sqt,1,19 Mar 2026
Tap only the Brad Pitt movies.,multi_tap,"A,B,F",Fight Club,Ocean's Eleven,Mission: Impossible,Good Will Hunting,Forrest Gump,Mr & Mrs Smith,Quizsentials,,False,19 Mar 2026,Bonus Round - 10 Multi Tap Questions.sqt,1,19 Mar 2026
Tap only the animals that are native to Antarctica.,multi_tap,"A,D",Penguin,Arctic fox,Polar bear,Leopard seal,Camel,Reindeer,Quizsentials,,False,30 Sep 2025,Bonus Round - 10 Multi Tap Questions.sqt,1,30 Sep 2025
"Of the 'Ted Lasso' characters listed here, tap only the ones that have played for AFC Richmond.",multi_tap,"B,C,D",Ted Lasso,Roy Kent,Jamie Tartt,Sam Obisanya,Rupert Mannion,Trent Crimm,Quizsentials,,False,30 Sep 2025,Bonus Round - 10 Multi Tap Questions.sqt,1,30 Sep 2025
Tap only the European cities that are capital cities.,multi_tap,"A,C,F",Vienna,Brno,Bern,Salzburg,Antwerp,Amsterdam,Quizsentials,,False,30 Sep 2025,Bonus Round - 10 Multi Tap Questions.sqt,1,30 Sep 2025
Tap only the events that took place in the 2020s.,multi_tap,"C,E",UK's Brexit referendum,The killing of Osama Bin Laden,George Floyd protests,Arrest of Harvey Weinstein,Season 1 of 'Tiger King',Wedding of Prince Harry and Meghan Markle,Quizsentials,,False,30 Sep 2025,Bonus Round - 10 Multi Tap Questions.sqt,1,30 Sep 2025
Tap only the countries that have topped a Winter Olympic Games medal table.,multi_tap,"B,C,D",Great Britain,Norway,Canada,Germany,France,Japan,Quizsentials,,False,30 Sep 2025,Bonus Round - 10 Multi Tap Questions.sqt,1,30 Sep 2025
"Tap only the things that can potentially cause vasodilation, ie the widening of blood vessels in your body.",multi_tap,"A,C,D,E,F",Exercise,Cold weather,Drinking alcohol,Getting embarrassed,An infection,Getting into a hot bath,Quizsentials,,False,30 Sep 2025,Bonus Round - 10 Multi Tap Questions.sqt,1,30 Sep 2025
"Of these war films, tap only the ones that were about the First World War.",multi_tap,"B,E",Hacksaw Ridge,All Quiet on the Western Front,Platoon,Dunkirk,1917,American Sniper,Quizsentials,,False,30 Sep 2025,Bonus Round - 10 Multi Tap Questions.sqt,1,30 Sep 2025
Tap only the films starring Orlando Bloom.,multi_tap,"A,B,E",The Three Musketeers,Pirates of the Caribbean: Dead Man's Chest,Alice in Wonderland,Bullet Train,The Lord of the Rings: The Return of the King,Once Upon a Time... in Hollywood,Quizsentials,,False,30 Sep 2025,Bonus Round - 10 Multi Tap Questions.sqt,1,30 Sep 2025
Tap only the drinks classed as fortified wines.,multi_tap,"A,C,D,F",Port,Rum,Madeira,Sherry,Tequila,Vermouth,Quizsentials,,False,30 Sep 2025,Bonus Round - 10 Multi Tap Questions.sqt,1,30 Sep 2025
Tap only the names of heroes from Greek mythology.,multi_tap,"A,B,C,D,E",Heracles,Theseus,Odysseus,Achilles,Jason,Romulus,Quizsentials,,False,4 Dec 2025,Bonus Round - 10 Multi Tap Questions.sqt,1,4 Dec 2025
Tap only the Hellenic languages.,multi_tap,D,Russian,Turkish,Portuguese,Greek,Bulgarian,Slovak,Quizsentials,,False,4 Dec 2025,Bonus Round - 10 Multi Tap Questions.sqt,1,4 Dec 2025
"Of the Barcelona players listed here, tap only the ones who have played in the English Premier League.",multi_tap,"C,E",Lamine Yamal,Robert Lewandowski,Raphinha,Frenkie de Jong,Ferran Torres,Dani Olmo,Quizsentials,,False,4 Dec 2025,Bonus Round - 10 Multi Tap Questions.sqt,1,4 Dec 2025
"Of these war films, tap only the ones that were about the Vietnam War.",multi_tap,"B,C,D,F",The Bridge On the River Kwai,Platoon,The Deer Hunter,Full Metal Jacket,Saving Private Ryan,Apocalypse Now,Quizsentials,,False,4 Dec 2025,Bonus Round - 10 Multi Tap Questions.sqt,1,4 Dec 2025
"Of these top-level website domain name extensions, tap only the ones that are for European countries.",multi_tap,"A,C,D,F",.fr,.br,.de,.es,.cn,.fi,Quizsentials,,False,4 Dec 2025,Bonus Round - 10 Multi Tap Questions.sqt,1,4 Dec 2025
Tap only the countries that border South Africa.,multi_tap,"E,F",Somalia,Nigeria,Ethiopia,Ghana,Namibia,Zimbabwe,Quizsentials,,False,4 Dec 2025,Bonus Round - 10 Multi Tap Questions.sqt,1,4 Dec 2025
"Of the Kendrick Lamar singles listed here, tap only the ones that he released with SZA?",multi_tap,"A,D",All the Stars,King Kunta,Loyalty,Luther,Not Like Us,Humble,Quizsentials,,False,4 Dec 2025,Bonus Round - 10 Multi Tap Questions.sqt,1,4 Dec 2025
Tap only the people that have been named Time magazine's Person of the Year (or 'Man of the Year' as it was formerly known).,multi_tap,"A,B,C,F",Adolf Hitler,Greta Thunberg,Kamala Harris,Malcolm X,Margaret Thatcher,Taylor Swift,Quizsentials,,False,5 Dec 2025,Bonus Round - 10 Multi Tap Questions.sqt,2,28 Mar 2025
Tap only the names of the nativity characters the Three Wise Men.,multi_tap,"B,C,E",Baltar,Melchior,Caspar,Adama,Balthazar,Apollo,Quizsentials,,False,5 Dec 2025,Bonus Round - 10 Multi Tap Questions.sqt,2,5 Dec 2025
"Of the liqueurs listed here, tap only the ones that are orange flavoured.",multi_tap,"B,C,F",Amaretto,Cointreau,Grand Marnier,Midori,Tia Maria,Triple Sec,Quizsentials,,False,5 Dec 2025,Bonus Round - 10 Multi Tap Questions.sqt,2,25 Feb 2025
Tap only the words that appear in the lyrics of 'Believer' by Imagine Dragons.,multi_tap,"A,B,C",First,Second,Third,Fourth,Fifth,Sixth,Quizsentials,,False,5 Dec 2025,Bonus Round - 10 Multi Tap Questions.sqt,1,5 Dec 2025
"Of the horror films listed here, tap only the ones that feature zombies.",multi_tap,"A,D,E",28 Days Later,M3gan,The Purge,Dawn of the Dead,Army of the Dead,Misery,Quizsentials,,False,5 Dec 2025,Bonus Round - 10 Multi Tap Questions.sqt,1,5 Dec 2025
"Of the martial arts listed here, tap only the ones that originated in Japan.",multi_tap,"B,E",Kung fu,Judo,Taekwondo,Krav Maga,Karate,Capoeira,Quizsentials,,False,5 Dec 2025,Bonus Round - 10 Multi Tap Questions.sqt,1,5 Dec 2025
Tap only the colours that appear on the flag of India.,multi_tap,"B,D,E,F",Pink,White,Red,Saffron,Green,Blue,Quizsentials,,False,5 Dec 2025,Bonus Round - 10 Multi Tap Questions.sqt,1,5 Dec 2025
Tap only the words that are portmanteaus (ie words created by combining two other words).,multi_tap,"B,C,D,E",Lamp,Smog,Brunch,Spork,Motel,Sofa,Quizsentials,,False,5 Dec 2025,Bonus Round - 10 Multi Tap Questions.sqt,1,5 Dec 2025
"Of these famous people, tap only those who lived to an age of 90 or more.",multi_tap,"A,B,D,F",Katharine Hepburn,Angela Lansbury,Marlon Brando,Kirk Douglas,David Soul,James Earl Jones,Quizsentials,,False,5 Dec 2025,Bonus Round - 10 Multi Tap Questions.sqt,1,5 Dec 2025
Tap only the water-type Pokémon.,multi_tap,"B,E,F",Koffing,Blastoise,Voltorb,Haunter,Seadra,Magikarp,Quizsentials,,False,19 Jul 2026,Bonus Round - 10 Multi Tap Questions.sqt,1,19 Jul 2026
Tap only the TV shows that starred Jon Hamm.,multi_tap,C,Two and a Half Men,The Man in the High Castle,Mad Men,One-Punch Man,Man v. Food,The Six Million Dollar Man,Quizsentials,,False,19 Jul 2026,Bonus Round - 10 Multi Tap Questions.sqt,1,19 Jul 2026
Tap only the movies that are about baseball.,multi_tap,"A,C,D,F",Trouble with the Curve,He Got Game,Moneyball,Field of Dreams,Space Jam,Million Dollar Arm,Quizsentials,,False,19 Jul 2026,Bonus Round - 10 Multi Tap Questions.sqt,1,19 Jul 2026
Tap the only words that are anagrams of at least one other word in the list.,multi_tap,"A,B,C,E,F",Art,Raft,Rat,Car,Tar,Fart,Quizsentials,,False,19 Jul 2026,Bonus Round - 10 Multi Tap Questions.sqt,1,19 Jul 2026
"Of the chocolate brands listed here, tap only the ones that originated in Switzerland.",multi_tap,"A,B,E",Toblerone,Milka,Guylian,Hotel Chocolat,Lindt,Reese's,Quizsentials,,False,19 Jul 2026,Bonus Round - 10 Multi Tap Questions.sqt,1,19 Jul 2026
Tap only the religions that believe Jerusalem to be a holy city.,multi_tap,"A,E,F",Christianity,Buddhism,Sikhism,Hinduism,Islam,Judaism,Quizsentials,,False,19 Jul 2026,Bonus Round - 10 Multi Tap Questions.sqt,1,19 Jul 2026
Tap only the titles of Madonna singles.,multi_tap,"B,E",If I Could Turn Back Time,Material Girl,The Shoop Shoop Song (It's In His Kiss),"Gypsys, Tramps & Thieves",Vogue,Just Like Jesse James,Quizsentials,,False,19 Jul 2026,Bonus Round - 10 Multi Tap Questions.sqt,1,19 Jul 2026
"Of the Scottish footballers listed here, tap only the ones who made their international debut in the 2010s.",multi_tap,"B,C",Ally McCoist,Scott McTominay,John McGinn,Scott Brown,Jim Leighton,Ben Doak,Quizsentials,,False,19 Jul 2026,Bonus Round - 10 Multi Tap Questions.sqt,1,19 Jul 2026
Tap only the animals that have tails.,multi_tap,"A,C,E,F",Rat,Gorilla,Kangaroo,Koala,Beaver,Zebra,Quizsentials,,False,19 Jul 2026,Bonus Round - 10 Multi Tap Questions.sqt,1,19 Jul 2026
"Of the mythical creatures listed here, tap only the types of dragons, or dragon-like creatures.",multi_tap,"A,B,C",Wyvern,Drake,Wyrm,Kelpie,Phoenix,Harpy,Quizsentials,,False,19 Jul 2026,Bonus Round - 10 Multi Tap Questions.sqt,1,19 Jul 2026
Tap only the actors who had roles or cameos in the Vince Vaughn and Ben Stiller film 'Dodgeball'.,multi_tap,"A,B,F",Chuck Norris,David Hasselhoff,Mark Hamill,Jennifer Aniston,Clint Eastwood,William Shatner,Quizsentials,,False,24 Aug 2026,Bonus Round - 10 Multi Tap Questions.sqt,1,24 Aug 2026
Tap only the countries you would fly over if you travelled in a straight line from London to Cairo.,multi_tap,"B,E",Spain,France,Poland,Libya,Greece,Lebanon,Quizsentials,,False,24 Aug 2026,Bonus Round - 10 Multi Tap Questions.sqt,1,24 Aug 2026
Tap only the songs that contain an exclamation mark in their official title.,multi_tap,"A,B,C,D,F",Chappell Roan - HOT TO GO,Shania Twain - Man I Feel Like A Woman,The Beatles - Help,Outkast - Hey Ya,Michael Jackson - Jam,Taylor Swift - ME,Quizsentials,,False,24 Aug 2026,Bonus Round - 10 Multi Tap Questions.sqt,1,24 Aug 2026
"Of these animals, tap only the ones for which the specific term for a female is doe.",multi_tap,"A,B,C",Deer,Rabbit,Antelope,Wolf,Horse,Guinea pig,Quizsentials,,False,24 Aug 2026,Bonus Round - 10 Multi Tap Questions.sqt,1,24 Aug 2026
Tap only the football teams with whom Jose Mourinho has had at least two separate spells as manager.,multi_tap,"B,C,D",Inter Milan,Real Madrid,Chelsea,Benfica,Manchester United,Porto,Quizsentials,,False,24 Aug 2026,Bonus Round - 10 Multi Tap Questions.sqt,1,24 Aug 2026
Tap only the colours of rangers from the original 'Mighty Morphin Power Rangers'.,multi_tap,"B,C,D",Brown,Black,Red,Pink,Orange,Purple,Quizsentials,,False,24 Aug 2026,Bonus Round - 10 Multi Tap Questions.sqt,1,24 Aug 2026
"Of these '90s video games, tap only the 'side-scrollers' (ie where the game is viewed from the side with the screen moving left and right following the playable character).",multi_tap,"B,C",Spyro the Dragon,Rayman,Super Mario World,Super Mario 64,Grand Theft Auto,Doom,Quizsentials,,False,24 Aug 2026,Bonus Round - 10 Multi Tap Questions.sqt,1,24 Aug 2026
"Of the elements listed here, tap only the ones whose atomic number is a single digit.",multi_tap,"D,F",Silver,Gold,Tungsten,Hydrogen,Radium,Oxygen,Quizsentials,,False,24 Aug 2026,Bonus Round - 10 Multi Tap Questions.sqt,1,24 Aug 2026
Tap only the countries you would fly over if you travelled in a straight line from Dublin to Moscow.,multi_tap,"A,E",England,Austria,Ukraine,Switzerland,Latvia,France,Quizsentials,,False,25 Aug 2026,Bonus Round - 10 Multi Tap Questions.sqt,1,25 Aug 2026
Tap only the musicals that have music written by Andrew Lloyd Webber.,multi_tap,"A,C,D,F",Evita,Wicked,The Phantom of the Opera,Cats,Les Miserables,School of Rock,Quizsentials,,False,25 Aug 2026,Bonus Round - 10 Multi Tap Questions.sqt,1,25 Aug 2026
Tap only the products created or manufactured by Sony.,multi_tap,"A,B,E",PlayStation,Walkman,Power Glove,Dreamcast,Betamax,iPhone,Quizsentials,,False,25 Aug 2026,Bonus Round - 10 Multi Tap Questions.sqt,1,25 Aug 2026
"Tap only the solo singles by Beyoncé, as opposed to Destiny's Child songs.",multi_tap,"E,F",Survivor,Say My Name,"Bills, Bills, Bills","Independent Women, Part 1",Singles Ladies,Halo,Quizsentials,,False,25 Aug 2026,Bonus Round - 10 Multi Tap Questions.sqt,1,25 Aug 2026
Tap only the names of main characters from the Netflix series 'Wednesday'.,multi_tap,"A,B,C",Enid,Thing,Pugsley,Daphne,Hyacinth,Colin,Quizsentials,,False,25 Aug 2026,Bonus Round - 10 Multi Tap Questions.sqt,1,25 Aug 2026
"Of the animals listed here, tap only the ones smaller than a guinea pig.",multi_tap,"A,B",Pygmy shrew,Dormouse,Hare,Otter,Pug,Beaver,Quizsentials,,False,25 Aug 2026,Bonus Round - 10 Multi Tap Questions.sqt,1,25 Aug 2026
"Of these famous animals, tap only the ones that are/were real rather than fictional.",multi_tap,"A,B,C,D,E,F",Cecil the lion,Harambe the gorilla,Laika the space dog,Dolly the sheep,Punxsutawney Phil the groundhog,Seabiscuit the horse,Quizsentials,,False,23 Apr 2026,Bonus Round - 10 Multi Tap Questions.sqt,1,23 Apr 2026
Tap the nations who are in the top three in terms of most Tour de France race wins.,multi_tap,"B,C,D",Great Britain,Spain,France,Belgium,Australia,Netherlands,Quizsentials,,False,23 Apr 2026,Bonus Round - 10 Multi Tap Questions.sqt,1,23 Apr 2026
"Of the countries listed here, tap only the ones that are completely surrounded by one other country.",multi_tap,"B,C,E",Andorra,San Marino,Lesotho,Georgia,Vatican City,Suriname,Quizsentials,,False,23 Apr 2026,Bonus Round - 10 Multi Tap Questions.sqt,2,2 Feb 2025
Tap only the genuine titles in the Bridget Jones film series.,multi_tap,"A,B,E",Bridget Jones's Diary,Bridget Jones's Baby,Bridget Jones: The World's End,Bridget Jones's Breakdown,Bridget Jones: Mad About the Boy,Bridget Jones: Condemned to Tinder,Quizsentials,,False,23 Apr 2026,Bonus Round - 10 Multi Tap Questions.sqt,1,23 Apr 2026
Tap only the lines from the song 'How Much is that Doggy in the Window'.,multi_tap,"A,B,D",The one with the waggly tail,How much is that doggy in the window,The one with the hypoallergenic fur,I do hope that doggy's for sale,How much are the vet bills for doggy,I do hope he likes his new pet food,Quizsentials,,False,23 Apr 2026,Bonus Round - 10 Multi Tap Questions.sqt,1,23 Apr 2026
Tap only the models of Skoda.,multi_tap,"A,B,D",Fabia,Octavia,Passat,Citigo,Polo,Touareg,Quizsentials,,False,22 Apr 2026,Bonus Round - 10 Multi Tap Questions.sqt,1,22 Apr 2026
Tap only the films directed by Guy Ritchie.,multi_tap,"A,D,E,F",The Gentlemen,The Meg,Pulp Fiction,Snatch,RocknRolla,"Lock, Stock & Two Smoking Barrels",Quizsentials,,False,22 Apr 2026,Bonus Round - 10 Multi Tap Questions.sqt,1,22 Apr 2026
Tap only the names of the people who wrote the Canonical Gospels as found in the New Testament.,multi_tap,"A,B,D,E",John,Matthew,Peter,Mark,Luke,Barry,Quizsentials,,False,22 Apr 2026,Bonus Round - 10 Multi Tap Questions.sqt,2,11 May 2025
"Of these classic hit songs, tap only the ones by Billy Ocean.",multi_tap,"A,C,D,E,F",Love Really Hurts Without You,Fake,Caribbean Queen,Suddenly,"Get Outta My Dreams, Get into My Car","When the Going Gets Tough, the Tough Get Going",Quizsentials,,False,22 Apr 2026,Bonus Round - 10 Multi Tap Questions.sqt,1,22 Apr 2026
Tap only the Winter Olympic events in which participants wear ice skates.,multi_tap,"B,C",Curling,Ice dance,Ice hockey,Skeleton,Bobsleigh,Slalom,Quizsentials,,False,28 Jun 2026,Bonus Round - 10 Multi Tap Questions.sqt,1,28 Jun 2026
"Of the fabric patterns listed here, tap only the ones that are made from interlocking straight lines.",multi_tap,"B,C,D",Polka dot,Tartan,Plaid,Gingham,Paisley,Floral,Quizsentials,,False,28 Jun 2026,Bonus Round - 10 Multi Tap Questions.sqt,1,28 Jun 2026
Tap only the Canadian bands.,multi_tap,"D,E",The Black Keys,Simple Minds,The White Stripes,Arcade Fire,Sum 41,TLC,Quizsentials,,False,28 Jun 2026,Bonus Round - 10 Multi Tap Questions.sqt,1,28 Jun 2026
"Tap only the films that make up the Dollars Trilogy, also known as the Man with No Name Trilogy, directed by Sergio Leone.",multi_tap,"A,D,E",A Fistful of Dollars,"$10,000 Blood Money",True Grit,"The Good, the Bad and the Ugly",For a Few Dollars More,The Six Billion Dollar Man,Quizsentials,,False,28 Jun 2026,Bonus Round - 10 Multi Tap Questions.sqt,1,28 Jun 2026
"Of the insects listed here, tap only the ones with two pairs of wings.",multi_tap,"A,D,E,F",Butterfly,Mosquito,Housefly,Honey bee,Dragonfly,Grasshopper,Quizsentials,,False,28 Jun 2026,Bonus Round - 10 Multi Tap Questions.sqt,1,28 Jun 2026
Tap only the cities mentioned in the Bible.,multi_tap,"C,D,E",Cairo,Istanbul,Jerusalem,Rome,Philadelphia,New York,Quizsentials,,False,28 Jun 2026,Bonus Round - 10 Multi Tap Questions.sqt,1,28 Jun 2026
"Of the TV shows listed here, tap only the ones starring Kaley Cuoco.",multi_tap,C,How I Met Your Mother,Two and a Half Men,The Big Bang Theory,Brooklyn Nine-Nine,The Office (US),The Good Place,Quizsentials,,False,28 Jun 2026,Bonus Round - 10 Multi Tap Questions.sqt,1,28 Jun 2026
"Of the TV shows listed here, tap only the ones that typically release episodes on a weekly basis rather than releasing a full season or part of a season all at once.",multi_tap,"A,D,F",House of the Dragon,Bridgerton,Stranger Things,Severance,Squid Game,Euphoria,Quizsentials,,False,28 Jun 2026,Bonus Round - 10 Multi Tap Questions.sqt,1,28 Jun 2026
"Of these countries, tap only the ones whose rugby union teams perform a war dance before matches.",multi_tap,"B,C,D,E",Australia,New Zealand,Fiji,Samoa,Tonga,Japan,Quizsentials,,False,31 Aug 2025,Bonus Round - 10 Multi Tap Questions.sqt,2,10 Aug 2026
"Of the musicals listed here, tap only the ones that are 'jukebox musicals' (ie use a collection of songs originally by famous artists).",multi_tap,"A,E",Jersey Boys,Wicked,The Phantom of the Opera,The Lion King,Mamma Mia!,Cats,Quizsentials,,False,31 Aug 2025,Bonus Round - 10 Multi Tap Questions.sqt,1,31 Aug 2025
"Of the elements listed here, tap only the ones whose chemical symbols begin with an 'S'.",multi_tap,"A,D,E",Silicon,Silver,Sodium,Tin,Selenium,Arsenic,Quizsentials,,False,31 Aug 2025,Bonus Round - 10 Multi Tap Questions.sqt,1,31 Aug 2025
"According to the Wikipedia page headed 'Interpol', tap only the things that the name Interpol can refer to.",multi_tap,"A,B,C,D,E",An intergovernmental crime-fighting body,A New York post-punk revival band,A self-titled album,A 1957 film,A video game,A football team,Quizsentials,,False,31 Aug 2025,Bonus Round - 10 Multi Tap Questions.sqt,1,31 Aug 2025
Tap only the chains that sell Coca-Cola as opposed to Pepsi.,multi_tap,"B,C,D,E",KFC,McDonald's,Burger King,Five Guys,Subway,Pizza Hut,Quizsentials,,False,31 Aug 2025,Bonus Round - 10 Multi Tap Questions.sqt,1,31 Aug 2025
Tap only the countries that border Israel.,multi_tap,"A,D,E",Egypt,Iran,Yemen,Syria,Lebanon,Turkey,Quizsentials,,False,31 Aug 2025,Bonus Round - 10 Multi Tap Questions.sqt,1,31 Aug 2025
"In the New Testament of the Bible, Paul the Apostle is said to have written to several groups of people. Tap only the ones located in modern-day Greece.",multi_tap,"C,D,E",Romans,Galatians,Corinthians,Philippians,Thessalonians,Colossians,Quizsentials,,False,31 Aug 2025,Bonus Round - 10 Multi Tap Questions.sqt,1,31 Aug 2025
"Of the 'Star Wars' characters listed here, tap only the ones that have flown aboard the Millennium Falcon.",multi_tap,"C,D,E,F",Yoda,Darth Vader,Luke Skywalker,Princess Leia,Han Solo,Chewbacca,Quizsentials,,False,31 Aug 2025,Bonus Round - 10 Multi Tap Questions.sqt,1,31 Aug 2025
Tap only the 'Friends' characters that have brothers (including half-brothers).,multi_tap,"E,F",Joey,Ross,Rachel,Chandler,Monica,Phoebe,Quizsentials,,False,31 Aug 2025,Bonus Round - 10 Multi Tap Questions.sqt,1,31 Aug 2025
Tap only the countries that border Russia.,multi_tap,A,Kazakhstan,Uzbekistan,Turkmenistan,Tajikistan,Kyrgyzstan,Pakistan,Quizsentials,,False,17 Apr 2026,Bonus Round - 10 Multi Tap Questions.sqt,1,17 Apr 2026
Tap only the names of archangels recognised by the Catholic Church.,multi_tap,"A,C,F",Michael,Peter,Gabriel,Stephen,Lucifer,Uriel,Quizsentials,,False,17 Apr 2026,Bonus Round - 10 Multi Tap Questions.sqt,2,8 May 2025
Tap only the names of the main characters from the TV series 'Sex and the City'.,multi_tap,"B,C,E,F",Kristin,Carrie,Charlotte,Kim,Miranda,Samantha,Quizsentials,,False,17 Apr 2026,Bonus Round - 10 Multi Tap Questions.sqt,3,1 Jun 2025
"""Don't know much about history"" is the opening line to the Sam Cooke song 'Wonderful World'. Tap only the educational subjects that also get a mention in the lyrics?",multi_tap,"B,C,D,F",Sociology,French,Trigonometry,Geography,Gender Studies,Algebra,Quizsentials,,False,17 Apr 2026,Bonus Round - 10 Multi Tap Questions.sqt,1,17 Apr 2026
"Of these movies, tap only the ones that have won the Academy Award for Best Picture.",multi_tap,"A,B,E",No Country for Old Men,The Hurt Locker,The Social Network,Django Unchained,12 Years a Slave,La La Land,Quizsentials,,False,17 Apr 2026,Bonus Round - 10 Multi Tap Questions.sqt,1,17 Apr 2026
Tap only the football managers who have reached the semi-finals of this season's Champions League.,multi_tap,"B,D,E,F",Pep Guardiola,Vincent Kompany,Jose Mourinho,Mikel Arteta,Diego Simeone,Luis Enrique,Quizsentials,,False,17 Apr 2026,Bonus Round - 10 Multi Tap Questions.sqt,1,17 Apr 2026
"Of the 'Fortnite' weapons listed here, tap only the ones that are available as common rarity items.",multi_tap,"B,E,F",Minigun,Heavy Assault Rifle,Dragon's Breath Shotgun,Hand Cannon,Flint-Knock Pistol,Tactical Shotgun,Quizsentials,,False,17 Apr 2026,Bonus Round - 10 Multi Tap Questions.sqt,1,17 Apr 2026
Tap only the words that are types of pasta.,multi_tap,"A,C,D,E,F",Penne,Arborio,Rigatoni,Fusilli,Spaghetti,Orzo,Quizsentials,,False,17 Apr 2026,Bonus Round - 10 Multi Tap Questions.sqt,2,1 Jun 2025
Tap only the instruments that are in the brass family.,multi_tap,"C,D,E,F",Saxophone,Harmonica,Tuba,Euphonium,Cornet,Bugle,Quizsentials,,False,17 Apr 2026,Bonus Round - 10 Multi Tap Questions.sqt,1,17 Apr 2026
Tap only the Greek Gods.,multi_tap,"C,E,F",Jupiter,Neptune,Aphrodite,Juno,Ares,Hera,Quizsentials,,False,16 Apr 2026,Bonus Round - 10 Multi Tap Questions.sqt,2,2 May 2025
Tap only the names of buildings in New York City.,multi_tap,"A,B,C,D,E,F",Radio City Music Hall,Trump Building,St Patrick's Cathedral,Plaza Hotel,New York Times Building,Carnegie Hall,Quizsentials,,False,16 Apr 2026,Bonus Round - 10 Multi Tap Questions.sqt,1,16 Apr 2026
Tap only the actors and actresses who starred in the first 'High School Musical' movie.,multi_tap,"A,C,E",Vanessa Hudgens,Olivia Rodrigo,Zac Efron,Joshua Bassett,Ashley Tisdale,Dara Reneé,Quizsentials,,False,16 Apr 2026,Bonus Round - 10 Multi Tap Questions.sqt,1,16 Apr 2026
Tap the four items that feature on the Temu logo.,multi_tap,"A,D,E,F",Rocking horse,Table,Laptop,Bag,Stiletto shoe,Dress,Quizsentials,,False,16 Apr 2026,Bonus Round - 10 Multi Tap Questions.sqt,1,16 Apr 2026
"Of these running events, tap only the ones that are part of an Olympic heptathlon.",multi_tap,"B,C,E",100m,100m hurdles,200m,400m,800m,1500m,Quizsentials,,False,16 Apr 2026,Bonus Round - 10 Multi Tap Questions.sqt,1,16 Apr 2026
Tap only the musical instruments which typically have exactly four strings.,multi_tap,"A,B,E,F",Violin,Cello,Classical guitar,Sitar,Double bass,Bass guitar,Quizsentials,,False,16 Apr 2026,Bonus Round - 10 Multi Tap Questions.sqt,1,16 Apr 2026
Tap only the things that twins always share?,multi_tap,D,Blood type,Fingerprints,Clothes,Parents,Date of birth,Attitude,Quizsentials,,False,7 May 2026,Bonus Round - 10 Multi Tap Questions.sqt,1,7 May 2026
"Of the 'Succession' characters listed here, tap only the ones who are Logan Roy's children.",multi_tap,"C,D,E",Greg,Tom,Shiv,Roman,Kendall,Frank,Quizsentials,,False,7 May 2026,Bonus Round - 10 Multi Tap Questions.sqt,1,7 May 2026
"Tap only the words that, according to the Merriam-Webster Dictionary, are acceptable plural forms of the word 'buffalo'",multi_tap,"A,B,C",Buffalo,Buffalos,Buffaloes,Buffali,Buffalii,Bison,Quizsentials,,False,7 May 2026,Bonus Round - 10 Multi Tap Questions.sqt,1,7 May 2026
"Of the movies listed here, tap only the ones that won 10 or more Oscars.",multi_tap,"C,F",Avengers: Endgame,Back to the Future,Ben Hur,The Godfather,La La Land,Titanic,Quizsentials,,False,7 May 2026,Bonus Round - 10 Multi Tap Questions.sqt,1,7 May 2026
Tap only the board games that typically have black/dark brown playing pieces against white/cream playing pieces.,multi_tap,"A,D,F",Draughts,Connect Four,Mastermind,Chess,Guess Who?,Backgammon,Quizsentials,,False,7 May 2026,Bonus Round - 10 Multi Tap Questions.sqt,1,7 May 2026
Tap only the video games that were first released in the 2020s.,multi_tap,"A,B,C",Genshin Impact,Ghost of Tsushima,Elden Ring,Overwatch,GTA V,Apex Legends,Quizsentials,,False,7 May 2026,Bonus Round - 10 Multi Tap Questions.sqt,1,7 May 2026
"Of the retailers listed here, tap only the ones considered 'fast-fashion'.",multi_tap,"A,B",Shein,Zara,Burberry,Chanel,Tom Ford,Gucci,Quizsentials,,False,6 May 2026,Bonus Round - 10 Multi Tap Questions.sqt,1,6 May 2026
"Of the 'Planet of the Apes' movies listed here, tap only the ones released in the 21st century.",multi_tap,"A,B",Rise of the Planet of the Apes,Kingdom of the Planet of the Apes,Escape from the Planet of the Apes,Battle for the Planet of the Apes,Beneath the Planet of the Apes,Conquest of the Planet of the Apes,Quizsentials,,False,6 May 2026,Bonus Round - 10 Multi Tap Questions.sqt,1,6 May 2026
Tap only the countries in which 'Assassin's Creed' video games have been set.,multi_tap,"A,B,C,D,E,F",Japan,Iraq,United States,United Kingdom,France,Italy,Quizsentials,,False,6 May 2026,Bonus Round - 10 Multi Tap Questions.sqt,1,6 May 2026
Tap only the places that sent armies to fight in the Battle of Waterloo.,multi_tap,"B,D,F",Russia,Prussia,United States,United Kingdom,Ottoman Empire,France,Quizsentials,,False,6 May 2026,Bonus Round - 10 Multi Tap Questions.sqt,2,25 May 2025
"Of the 'Breaking Bad' characters listed here, tap only the relatives of Walter White.",multi_tap,"D,F",Jesse,Gus,Mike,Skyler,Todd,Walt Jr,Quizsentials,,False,6 May 2026,Bonus Round - 10 Multi Tap Questions.sqt,1,6 May 2026
"Of these famous quotes, tap only the ones from William Shakespeare.",multi_tap,"A,F","Double, double toil and trouble","I think, therefore I am",Do unto others as you'd have them do unto you,Curiouser and curiouser,"God bless us, everyone","To be, or not to be",Quizsentials,,False,10 Aug 2026,Bonus Round - 10 Multi Tap Questions.sqt,2,4 Jul 2025
"Of these actors from the 2025 movie 'Superman', tap only the ones who played superheroes.",multi_tap,"B,D,E,F",Nicholas Hoult,David Corenswet,Rachel Brosnahan,Nathan Fillion,Edi Gathegi,Milly Alcock,Quizsentials,,False,10 Aug 2026,Bonus Round - 10 Multi Tap Questions.sqt,1,10 Aug 2026
"Of the Olympic sports listed here, tap only the ones that typically take place indoors.",multi_tap,"A,B,C,D",Gymnastics,Fencing,Badminton,Table tennis,Skateboarding,Rugby Sevens,Quizsentials,,False,10 Aug 2026,Bonus Round - 10 Multi Tap Questions.sqt,1,10 Aug 2026
Tap only the animals that migrate over long distances.,multi_tap,"B,C,D",Ostrich,Blue whale,Monarch butterfly,Canada goose,Grizzly bear,Gorilla,Quizsentials,,False,10 Aug 2026,Bonus Round - 10 Multi Tap Questions.sqt,1,10 Aug 2026
Tap only the US presidents who were in power at some point in the 1990s.,multi_tap,"C,D",Jimmy Carter,Ronald Reagan,George H.W. Bush,Bill Clinton,George W. Bush,Barack Obama,Quizsentials,,False,10 Aug 2026,Bonus Round - 10 Multi Tap Questions.sqt,1,10 Aug 2026
Tap only the titles of Kanye West albums.,multi_tap,"A,B,C,D,E,F",My Beautiful Dark Twisted Fantasy,The College Dropout,The Life of Pablo,Jesus is King,Ye,Yeezus,Quizsentials,,False,10 Aug 2026,Bonus Round - 10 Multi Tap Questions.sqt,1,10 Aug 2026
"Of the TV characters listed here, tap only the ones who are children or babies.",multi_tap,"B,D",Barney from The Simpsons,Stewie from Family Guy,Steve from Blue's Clues,Dora the Explorer,Ned Stark from Game of Thrones,Saul Goodman from Breaking Bad,Quizsentials,,False,10 Aug 2026,Bonus Round - 10 Multi Tap Questions.sqt,1,10 Aug 2026
"Of the animals listed here, tap only the ones known to feed on the decomposing corpses of other animals.",multi_tap,"A,B,C,D,E,F",Vulture,Coyote,Blowfly,Fox,Carrion crow,Hyena,Quizsentials,,False,11 Aug 2026,Bonus Round - 10 Multi Tap Questions.sqt,1,11 Aug 2026
Tap only the First Ladies with a first name beginning with the letter 'M'.,multi_tap,"B,D",__ Reagan,__ Trump,__ Clinton,__ Obama,__ Bush (wife of George H.W. Bush),__ Bush (wife of George W. Bush),Quizsentials,,False,11 Aug 2026,Bonus Round - 10 Multi Tap Questions.sqt,1,11 Aug 2026
Tap only the superheroes that first appeared in comics before Spider-Man debuted in 1962.,multi_tap,"A,B,F",Captain America,Wonder Woman,Deadpool,Wolverine,Hellboy,Buck Rogers,Quizsentials,,False,11 Aug 2026,Bonus Round - 10 Multi Tap Questions.sqt,1,11 Aug 2026
"Of the video games listed here, tap only the multiplayer games.",multi_tap,"A,D",Rocket League,Hollow Knight: Silksong,God of War: Ragnarok,Fortnite,Hogwarts Legacy,Balatro,Quizsentials,,False,11 Aug 2026,Bonus Round - 10 Multi Tap Questions.sqt,1,11 Aug 2026
Tap only the TV shows that have starred Kim Kardashian.,multi_tap,"B,E",The West Wing,American Horror Story,Succession,Severance,All's Fair,The Handmaid's Tale,Quizsentials,,False,11 Aug 2026,Bonus Round - 10 Multi Tap Questions.sqt,1,11 Aug 2026
"Of the famous musicians listed here, tap only the ones who are known for being the lead singer in their band.",multi_tap,"D,E",Flea,Slash,Brian May,Sting,Mick Jagger,Ring Starr,Quizsentials,,False,11 Aug 2026,Bonus Round - 10 Multi Tap Questions.sqt,1,11 Aug 2026
"Of the movies listed here, tap only the ones that star Vin Diesel.",multi_tap,"A,C",The Chronicles of Riddick,The Manchurian Candidate,The Fast and the Furious,The Da Vinci Code,Rocky Balboa,Fight Club,Quizsentials,,False,16 Feb 2025,Bonus Round - 10 Multi Tap Questions.sqt,1,16 Feb 2025
"Of the tennis players listed here, tap only the ones born in Europe.",multi_tap,"D,E,F",Nick Kyrgios,Pete Sampras,Andre Agassi,Roger Federer,Novak Djokovic,Carlos Alcaraz,Quizsentials,,False,16 Feb 2025,Bonus Round - 10 Multi Tap Questions.sqt,2,8 Oct 2025
Tap only the models of Rolls-Royce.,multi_tap,"B,D,E",Cavatina,Corniche,Corona,Silver Cloud,Silver Shadow,Silver Stone,Quizsentials,,False,16 Feb 2025,Bonus Round - 10 Multi Tap Questions.sqt,1,16 Feb 2025
Tap only the letters that appear more than once in the name Mark Zuckerberg.,multi_tap,"B,C,E",Z,R,E,C,K,A,Quizsentials,,False,16 Feb 2025,Bonus Round - 10 Multi Tap Questions.sqt,2,6 Mar 2026
Tap only the alcoholic drinks that are typically less than 10% alcohol.,multi_tap,"A,B",Bud Light,Heineken,Cabernet Sauvignon,Southern Comfort,Jack Daniels,Smirnoff vodka,Quizsentials,,False,16 Feb 2025,Bonus Round - 10 Multi Tap Questions.sqt,2,27 Nov 2025
"Of the sports listed here, tap only the ones that typically take place indoors.",multi_tap,"A,B,C,F",Squash,Ten-pin bowling,Darts,Triathlon,Polo,Snooker,Quizsentials,,False,9 Aug 2026,Bonus Round - 10 Multi Tap Questions.sqt,1,9 Aug 2026
"Of the birds listed here, tap only the seabirds.",multi_tap,"C,D",Emu,Parrot,Herring gull,Albatross,Blue jay,Vulture,Quizsentials,,False,9 Aug 2026,Bonus Round - 10 Multi Tap Questions.sqt,1,9 Aug 2026
Tap only the movies that starred Christian Bale as Bruce Wayne.,multi_tap,"B,E,F",The Batman,Batman Begins,Batman Returns,Batman Forever,The Dark Knight,The Dark Knight Rises,Quizsentials,,False,9 Aug 2026,Bonus Round - 10 Multi Tap Questions.sqt,1,9 Aug 2026
"Of the mythological creatures listed here, tap only the types of bird.",multi_tap,C,Basilisk,Sphinx,Phoenix,Chimera,Gorgon,Golem,Quizsentials,,False,9 Aug 2026,Bonus Round - 10 Multi Tap Questions.sqt,1,9 Aug 2026
"Of the TV duos listed here, tap only the ones who at some point were romantically involved with each other.",multi_tap,"A,C",Ross and Rachel in Friends,Leslie Knope and Ron Swanson in Parks & Recreation,Jake and Amy in Brooklyn Nine-Nine,Walter White and Jesse Pinkman in Breaking Bad,Starsky & Hutch,Joel and Ellie in The Last of Us,Quizsentials,,False,9 Aug 2026,Bonus Round - 10 Multi Tap Questions.sqt,1,9 Aug 2026
Tap only the song titles in which the missing word is 'Beautiful'.,multi_tap,"A,B,C,D,E","__ Things, by Benson Boone","__ People, by Ed Sheeran","__ People, by Chris Brown","__ Girls, by Sean Kingston","__ Liar, by Beyoncé and Shakira","__ Boy, by Estelle and Kanye West",Quizsentials,,False,9 Aug 2026,Bonus Round - 10 Multi Tap Questions.sqt,1,9 Aug 2026
Tap only the things there are typically two of.,multi_tap,"B,C,D,F",Seats on a tricycle,Handles on a wheelbarrow,Wheels on a tandem bike,Handlebars on a tandem bike,Handlebar moustaches on a human,Seats on a tandem bike,Quizsentials,,False,4 Jun 2026,Bonus Round - 10 Multi Tap Questions.sqt,1,4 Jun 2026
"Of the 'Friends' guest stars listed here, tap only the ones who played relatives of Rachel.",multi_tap,"B,E",Freddie Prinze Jr,Reese Witherspoon,Brad Pitt,Winona Ryder,Christina Applegate,Anna Faris,Quizsentials,,False,4 Jun 2026,Bonus Round - 10 Multi Tap Questions.sqt,1,4 Jun 2026
Tap only the Looney Tunes characters originally voiced by Mel Blanc.,multi_tap,"A,B,C,D,E,F",Bugs Bunny,Daffy Duck,Tweety,Sylvester the Cat,Yosemite Sam,Foghorn Leghorn,Quizsentials,,False,4 Jun 2026,Bonus Round - 10 Multi Tap Questions.sqt,1,4 Jun 2026
Tap only the red wine grape varieties.,multi_tap,"A,B,C,E,F",Shiraz,Merlot,Gamay,Gavi,Cabernet Sauvignon,Malbec,Quizsentials,,False,4 Jun 2026,Bonus Round - 10 Multi Tap Questions.sqt,1,4 Jun 2026
"Of these Martin Scorsese films, tap only the ones that starred Leonardo DiCaprio.",multi_tap,"A,B,C,F",The Departed,Gangs of New York,Killers of the Flower Moon,Goodfellas,Casino,The Wolf of Wall Street,Quizsentials,,False,4 Jun 2026,Bonus Round - 10 Multi Tap Questions.sqt,1,4 Jun 2026
Tap only the movies that were directed by Steven Spielberg.,multi_tap,"A,B,D,F",Amistad,Close Encounters of the Third Kind,Gremlins,Jaws,Road to Perdition,Schindler's List,Quizsentials,,False,5 Jun 2026,Bonus Round - 10 Multi Tap Questions.sqt,1,5 Jun 2026
"Of the American sitcoms listed here, tap only the ones that had more than five seasons.",multi_tap,"A,B,E,F",Cheers,Friends,My Name is Earl,The Good Place,The Big Bang Theory,Frasier,Quizsentials,,False,5 Jun 2026,Bonus Round - 10 Multi Tap Questions.sqt,1,5 Jun 2026
Tap only the words that make other words if you add a K at the start.,multi_tap,"B,C,D,E",Noble,Nob,Not,Night,Nave,Nothing,Quizsentials,,False,5 Jun 2026,Bonus Round - 10 Multi Tap Questions.sqt,2,2 May 2025
"Of the star signs listed here, tap only the ones that are represented by a person or people.",multi_tap,"B,C",Cancer,Virgo,Gemini,Aries,Capricorn,Libra,Quizsentials,,False,5 Jun 2026,Bonus Round - 10 Multi Tap Questions.sqt,1,5 Jun 2026
Tap only the boxers who have fought Tyson Fury in a professional boxing match.,multi_tap,"A,B,C,D",Deontay Wilder,Derek Chisora,Wladimir Klitschko,Oleksandr Usyk,Anthony Joshua,Mike Tyson,Quizsentials,,False,5 Jun 2026,Bonus Round - 10 Multi Tap Questions.sqt,1,5 Jun 2026
"Of these 'Big Bang Theory' characters, tap only the ones who lived in the same apartment block in the first season.",multi_tap,"B,C,F",Howard,Leonard,Penny,Raj,Amy,Sheldon,Quizsentials,,False,5 Jun 2026,Bonus Round - 10 Multi Tap Questions.sqt,1,5 Jun 2026
"Of the places listed here, tap only the ones that are home to a Disney theme park.",multi_tap,"D,E,F",Barcelona,Brisbane,Dubai,Florida,Shanghai,Tokyo,Quizsentials,,False,5 Jun 2026,Bonus Round - 10 Multi Tap Questions.sqt,1,5 Jun 2026
Tap only the styles of skirt.,multi_tap,"A,B,E",Pencil,Bubble,Bowler,Wedge,A-Line,Scoop,Quizsentials,,False,23 Jun 2026,Bonus Round - 10 Multi Tap Questions.sqt,1,23 Jun 2026
Tap only the superheroes who are in the 2017 movie 'Justice League'.,multi_tap,"A,B,C,D,E,F",Superman,The Flash,Batman,Aquaman,Cyborg,Wonder Woman,Quizsentials,,False,23 Jun 2026,Bonus Round - 10 Multi Tap Questions.sqt,1,23 Jun 2026
Tap only the TV shows predominantly set in outer space.,multi_tap,"A,C,F",Battlestar Galactica,The A-Team,Star Trek: The Original Series,Knight Rider,House of the Dragon,Babylon 5,Quizsentials,,False,23 Jun 2026,Bonus Round - 10 Multi Tap Questions.sqt,1,23 Jun 2026
Tap only the countries in which the 'Kill Bill' movies are set.,multi_tap,"A,E,F",USA,Germany,Brazil,South Africa,Japan,China,Quizsentials,,False,23 Jun 2026,Bonus Round - 10 Multi Tap Questions.sqt,1,23 Jun 2026
"Of these members of the Kardashian-Jenner family, tap only the ones who do NOT have any children.",multi_tap,D,Kim,Rob,Khloe,Kendall,Kylie,Kourtney,Quizsentials,,False,28 Apr 2026,Bonus Round - 10 Multi Tap Questions.sqt,1,28 Apr 2026
Tap only the names of popular AI chatbots.,multi_tap,"A,C,E,F",Microsoft Copilot,Surfshark,ChatGPT,Nord,DeepSeek,Google Gemini,Quizsentials,,False,28 Apr 2026,Bonus Round - 10 Multi Tap Questions.sqt,1,28 Apr 2026
"Of these brands and businesses that were founded by Donald Trump, tap only the ones that are now defunct.",multi_tap,"A,B,C,D,E,F",Trump Vodka,Trump Steaks,Trump Mortgage,Trump University,Trump Natural Spring Water,Trump Productions,Quizsentials,,False,28 Apr 2026,Bonus Round - 10 Multi Tap Questions.sqt,1,28 Apr 2026
"The singer Little Richard was so named because of his small stature. Tap only the icons who were shorter than him, according to celebheights.com.",multi_tap,"B,C,E,F",John Wayne,James Brown,Marilyn Monroe,Elvis Presley,James Dean,Aretha Franklin,Quizsentials,,False,28 Apr 2026,Bonus Round - 10 Multi Tap Questions.sqt,1,28 Apr 2026
Tap only the people that played a Barbie in the 2023 movie 'Barbie'.,multi_tap,"C,D,E,F",Helen Mirren,America Ferrera,Kate McKinnon,Margot Robbie,Dua Lipa,Emma Mackey,Quizsentials,,False,28 Apr 2026,Bonus Round - 10 Multi Tap Questions.sqt,1,28 Apr 2026
Tap only the TV shows that premiered after the Covid lockdown.,multi_tap,"A,B,C,D,E,F",Severance,The Summer I Turned Pretty,Heated Rivalry,The Lord of the Rings: The Rings of Power,Wednesday,The Last of Us,Quizsentials,,False,28 Apr 2026,Bonus Round - 10 Multi Tap Questions.sqt,1,28 Apr 2026
"Of these famous racecourses, tap only the ones in the USA.",multi_tap,"A,B,C",Churchill Downs,Belmont Park,Kentucky Downs,Flemington,Longchamp,Happy Valley,Quizsentials,,False,13 Jul 2026,Bonus Round - 10 Multi Tap Questions.sqt,1,13 Jul 2026
"Of these German words for relatives, tap only the ones who are male.",multi_tap,"A,B,C,F",Vater,Neffe,Bruder,Schwester,Mutter,Onkel,Quizsentials,,False,13 Jul 2026,Bonus Round - 10 Multi Tap Questions.sqt,1,13 Jul 2026
"Of the snakes listed here, tap only the ones that are venomous.",multi_tap,"A,B,E,F",Rattlesnake,Death adder,Corn snake,Boa constrictor,Pit viper,King cobra,Quizsentials,,False,13 Jul 2026,Bonus Round - 10 Multi Tap Questions.sqt,1,13 Jul 2026
"Of these biblical figures, tap only the sons of Adam and Eve.",multi_tap,"A,B,F",Cain,Seth,Joseph,Moses,Methuselah,Abel,Quizsentials,,False,13 Jul 2026,Bonus Round - 10 Multi Tap Questions.sqt,1,13 Jul 2026
Tap only the singles by Beyoncé.,multi_tap,"A,B,C,D,F",Irreplaceable,Crazy In Love,Run the World (Girls),Love On Top,Dirrty,Texas Hold 'Em,Quizsentials,,False,13 Jul 2026,Bonus Round - 10 Multi Tap Questions.sqt,1,13 Jul 2026
"Of the Batman villains listed here, tap only the ones that featured in movies starring Michael Keaton in the title role.",multi_tap,"A,E",The Joker,The Riddler,The Scarecrow,Poison Ivy,The Penguin,Mr Freeze,Quizsentials,,False,13 Jul 2026,Bonus Round - 10 Multi Tap Questions.sqt,1,13 Jul 2026
"Of these former Spain footballers, tap only the ones who were in the squad that won the 2010 World Cup.",multi_tap,"A,B,C,D,E,F",Xavi,Iker Casillas,Gerard Piqué,David Villa,Andrés Iniesta,Sergio Ramos,Quizsentials,,False,13 Jul 2026,Bonus Round - 10 Multi Tap Questions.sqt,1,13 Jul 2026
"Of the TV shows listed here, tap only the ones in which one or more characters typically wield swords.",multi_tap,"C,D,E",Scrubs,Saved By the Bell,Game of Thrones,Shogun,Xena: Warrior Princess,Veep,Quizsentials,,False,13 Jul 2026,Bonus Round - 10 Multi Tap Questions.sqt,1,13 Jul 2026
Tap only the models of car manufactured by Jeep.,multi_tap,"A,D,E",Wrangler,Voyager,Navigator,Compass,Renegade,Adventurer,Quizsentials,,False,13 Jul 2026,Bonus Round - 10 Multi Tap Questions.sqt,1,13 Jul 2026
"Of these birds, tap only the ones with a black and white plumage.",multi_tap,"B,C,D",European robin,Emperor penguin,Atlantic puffin,Eurasian magpie,Eurasian chaffinch,Bald eagle,Quizsentials,,False,12 Jul 2026,Bonus Round - 10 Multi Tap Questions.sqt,1,12 Jul 2026
"Of these actors and actresses from the TV show 'Schitt's Creek', tap only the ones who played members of the Rose family.",multi_tap,"A,B,D,F",Eugene Levy,Catherine O'Hara,Emily Hampshire,Annie Murphy,Chris Elliott,Dan Levy,Quizsentials,,False,12 Jul 2026,Bonus Round - 10 Multi Tap Questions.sqt,1,12 Jul 2026
Tap only the religions that are practised by more than 10% of the population of the UK.,multi_tap,B,Paganism,Christianity,Islam,Judaism,Hinduism,Sikhism,Quizsentials,,False,12 Jul 2026,Bonus Round - 10 Multi Tap Questions.sqt,1,12 Jul 2026
Tap only the words that follow 'sun' to make products that protect your skin.,multi_tap,"A,C",Block,Bed,Screen,Spot,Rise,Dial,Quizsentials,,False,12 Jul 2026,Bonus Round - 10 Multi Tap Questions.sqt,1,12 Jul 2026
Tap the football clubs that include blue as one of the main colours on their traditional home kit.,multi_tap,"A,B,C,E",Lazio,Boca Juniors,Espanyol,Borussia Dortmund,Rangers,Inter Miami,Quizsentials,,False,12 Jul 2026,Bonus Round - 10 Multi Tap Questions.sqt,1,12 Jul 2026
"Of the movies listed here, tap only the ones directed by Francis Ford Coppola.",multi_tap,"A,D,E",The Godfather,The Departed,Mean Streets,Apocalypse Now,Bram Stoker's Dracula,Raging Bull,Quizsentials,,False,12 Jul 2026,Bonus Round - 10 Multi Tap Questions.sqt,1,12 Jul 2026
"With regard to tournaments, tap only the countries where golf's Majors take place.",multi_tap,"A,C",USA,Italy,United Kingdom,Germany,Australia,India,Quizsentials,,False,12 Jul 2026,Bonus Round - 10 Multi Tap Questions.sqt,1,12 Jul 2026
Tap only the novels that are written in a first-person narrative (ie from the perspective of a character).,multi_tap,"A,B,C,D,E,F",The Hunger Games,Moby-Dick,The Great Gatsby,The Catcher in the Rye,To Kill a Mockingbird,Twilight,Quizsentials,,False,12 Jul 2026,Bonus Round - 10 Multi Tap Questions.sqt,2,12 Jun 2025
Tap only the correct animal/baby animal combinations.,multi_tap,"B,C,D,E,F",Horse / mare,Fox / kit,Blue whale / calf,Rabbit / kitten,Deer / fawn,Goat / kid,Quizsentials,,False,12 Jul 2026,Bonus Round - 10 Multi Tap Questions.sqt,1,12 Jul 2026
Tap only the novels/series that are classed as 'romantasy' novels (blending romance and fantasy).,multi_tap,"A,B,C,D","A Court of Thorns and Roses, by Sarah J. Maas","Fourth Wing, by Rebecca Yarros","The Night Circus, by Erin Morgenstern","Divine Rivals, by Rebecca Ross","The Shadow of the Gods, by John Gwynne","Hopeless, by Colleen Hoover",Quizsentials,,False,13 Mar 2026,Bonus Round - 10 Multi Tap Questions.sqt,1,13 Mar 2026
Tap only the bands that have/had both male and female members.,multi_tap,"A,B,C",Fleetwood Mac,Paramore,ABBA,Coldplay,Bee Gees,Nirvana,Quizsentials,,False,13 Mar 2026,Bonus Round - 10 Multi Tap Questions.sqt,1,13 Mar 2026
"Of the wrestlers listed here, tap only the ones born in the USA.",multi_tap,"C,D,E,F",Shinsuke Nakamura,André the Giant,Kurt Angle,The Rock,Chris Jericho,John Cena,Quizsentials,,False,13 Mar 2026,Bonus Round - 10 Multi Tap Questions.sqt,1,13 Mar 2026
Tap only the actresses who made guest appearances in the sitcom 'Friends'.,multi_tap,"A,B,C,D,E,F",Julia Roberts,Reese Witherspoon,Susan Sarandon,Winona Ryder,Jennifer Coolidge,Brooke Shields,Quizsentials,,False,13 Mar 2026,Bonus Round - 10 Multi Tap Questions.sqt,1,13 Mar 2026
Tap only the names of time zones in the USA.,multi_tap,"A,B,D,E,F",Central,Eastern,Western,Pacific,Mountain,Alaska,Quizsentials,,False,13 Mar 2026,Bonus Round - 10 Multi Tap Questions.sqt,1,13 Mar 2026
Tap only the films starring Samuel L. Jackson.,multi_tap,"B,C,D,E",Suicide Squad,The Hitman's Bodyguard,Spider-Man: Far From Home,The Hateful Eight,Django Unchained,Men in Black,Quizsentials,,False,13 Mar 2026,Bonus Round - 10 Multi Tap Questions.sqt,1,13 Mar 2026
"Of the Shakespeare plays listed here, tap only the ones that are considered tragedies.",multi_tap,"A,D,F",Macbeth,A Midsummer Night's Dream,Much Ado About Nothing,Hamlet,Twelfth Night,Othello,Quizsentials,,False,16 Dec 2025,Bonus Round - 10 Multi Tap Questions.sqt,1,16 Dec 2025
Tap only the countries that have had a player win the rugby union World Player of the Year award (since the inaugural award in 2001).,multi_tap,"A,B,C,E,F",New Zealand,Ireland,England,Scotland,South Africa,France,Quizsentials,,False,16 Dec 2025,Bonus Round - 10 Multi Tap Questions.sqt,1,16 Dec 2025
Tap only the TV shows that Miley Cyrus has starred in.,multi_tap,"A,D",Hannah Montana,Euphoria,How I Met Your Mother,Black Mirror,Stranger Things,The Walking Dead,Quizsentials,,False,16 Dec 2025,Bonus Round - 10 Multi Tap Questions.sqt,1,16 Dec 2025
Tap only the names of Scottish islands.,multi_tap,"A,C,D,E",Skye,Lindisfarne,Arran,Barra,Islay,Sark,Quizsentials,,False,16 Dec 2025,Bonus Round - 10 Multi Tap Questions.sqt,1,16 Dec 2025
"Of the bands and artists listed here, tap only the ones who are known for covering their faces.",multi_tap,"C,F",Metallica,The Killers,Slipknot,Nickelback,Outkast,Daft Punk,Quizsentials,,False,16 Dec 2025,Bonus Round - 10 Multi Tap Questions.sqt,1,16 Dec 2025
Tap only the dishes you'd typically see on an Indian restaurant menu.,multi_tap,"A,B,C,E",Bhuna,Jalfrezi,Biryani,Chow mein,Rogan josh,Kung po,Quizsentials,,False,16 Dec 2025,Bonus Round - 10 Multi Tap Questions.sqt,1,16 Dec 2025
"Of the racing drivers listed here, tap only the ones that have raced in Formula One for Ferrari.",multi_tap,"B,C,D,F",Max Verstappen,Michael Schumacher,Sebastian Vettel,Fernando Alonso,Jenson Button,Charles Leclerc,Quizsentials,,False,16 Dec 2025,Bonus Round - 10 Multi Tap Questions.sqt,1,16 Dec 2025
Tap only the components of the musculoskeletal system in the human body.,multi_tap,"A,B,D,F",Bones,Muscles,Lungs,Tendons,Skin,Cartilage,Quizsentials,,False,16 Dec 2025,Bonus Round - 10 Multi Tap Questions.sqt,1,16 Dec 2025
Tap only the celebrities who gave birth in 2025.,multi_tap,"A,B,D",Rihanna,Jennifer Lawrence,Jennifer Lopez,Megan Fox,Taylor Swift,Margot Robbie,Quizsentials,,False,16 Dec 2025,Bonus Round - 10 Multi Tap Questions.sqt,1,16 Dec 2025
Tap only the US states that border California,multi_tap,"A,B,C",Arizona,Oregon,Nevada,Wyoming,Texas,Nebraska,Quizsentials,,False,28 Feb 2025,Bonus Round - 10 Multi Tap Questions.sqt,1,28 Feb 2025
"Of these 'Toy Story' characters, tap only the ones that were in the original movie.",multi_tap,"A,C,F",Woody,Jessie,Buzz Lightyear,Stinky Pete,Forky,Mr Potato Head,Quizsentials,,False,28 Feb 2025,Bonus Round - 10 Multi Tap Questions.sqt,1,28 Feb 2025
Tap only the models that were born in the USA.,multi_tap,"A,E,F",Cindy Crawford,Kate Moss,Heidi Klum,Elle Macpherson,Kendall Jenner,Bella Hadid,Quizsentials,,False,28 Feb 2025,Bonus Round - 10 Multi Tap Questions.sqt,2,10 Oct 2025
Tap only the athletics events that require participants to throw something.,multi_tap,"A,C,D,F",Discus,Pole vault,Shot put,Heptathlon,Triathlon,Decathlon,Quizsentials,,False,28 Feb 2025,Bonus Round - 10 Multi Tap Questions.sqt,1,28 Feb 2025
Tap only the singers who are Australian?,multi_tap,"A,B,C,D,E,F",Tones and I,Kylie Minogue,Tame Impala guy Kevin Parker,Sia,Jason Donovan,Nick Cave,Quizsentials,,False,28 Feb 2025,Bonus Round - 10 Multi Tap Questions.sqt,2,12 May 2026
Tap only the names of coffee drinks.,multi_tap,"A,B,D,E,F",Doppio,Cortado,Chai,Lungo,Macchiato,Mocha,Quizsentials,,False,28 Feb 2025,Bonus Round - 10 Multi Tap Questions.sqt,2,10 Dec 2025
"Of the countries listed here, tap only the island nations.",multi_tap,"A,C,D,F",Japan,China,Barbados,New Zealand,Canada,Cuba,Quizsentials,,False,17 Dec 2025,Bonus Round - 10 Multi Tap Questions.sqt,1,17 Dec 2025
Tap only the singles released by Lana Del Rey.,multi_tap,"B,C,D",Easy on Me,Video Games,Born to Die,Summertime Sadness,I Drink Wine,Rumour Has It,Quizsentials,,False,17 Dec 2025,Bonus Round - 10 Multi Tap Questions.sqt,1,17 Dec 2025
Tap only the genuine types of rifle (as categorised by usage).,multi_tap,"A,B,C,F",Sniper,Hunting,Assault,Running,Computerised,Target,Quizsentials,,False,17 Dec 2025,Bonus Round - 10 Multi Tap Questions.sqt,1,17 Dec 2025
"Of these TV shows, tap only the ones primarily set in hospitals.",multi_tap,"C,D,E",Will & Grace,Happy Days,ER,Grey's Anatomy,House,Breaking Bad,Quizsentials,,False,17 Dec 2025,Bonus Round - 10 Multi Tap Questions.sqt,1,17 Dec 2025
Tap only the names of characters from the TV show 'Euphoria'.,multi_tap,"B,C,D",Hanna Marin,Rue Bennett,Lexi Howard,Maddy Perez,Maya St Germain,Ella Montgomery,Quizsentials,,False,17 Dec 2025,Bonus Round - 10 Multi Tap Questions.sqt,1,17 Dec 2025
"Of the numbers listed here, tap only the ones in the Fibonacci sequence.",multi_tap,"A,B,C,E",1,2,3,4,5,6,Quizsentials,,False,17 Dec 2025,Bonus Round - 10 Multi Tap Questions.sqt,1,17 Dec 2025
Tap only the forces that are considered fundamental forces in physics.,multi_tap,"A,B,C,D",Strong interaction,Electromagnetism,Weak interation,Gravity,Friction,Centripetal force,Quizsentials,,False,17 Dec 2025,Bonus Round - 10 Multi Tap Questions.sqt,2,23 Mar 2025
Tap only the names of the personified emotions who feature in the 2015 film 'Inside Out'?,multi_tap,"A,B,C,D,F",Sadness,Anger,Joy,Disgust,Surprise,Fear,Quizsentials,,False,17 Dec 2025,Bonus Round - 10 Multi Tap Questions.sqt,1,17 Dec 2025
Tap only the horror movies that feature a witch.,multi_tap,"A,F",Weapons,The Ring,The Shining,The Grudge,Us,The Craft,Quizsentials,,False,21 Jan 2026,Bonus Round - 10 Multi Tap Questions.sqt,1,21 Jan 2026
Tap only the authors who are/were British.,multi_tap,"A,C,D,F",J.K. Rowling,Stephen King,John le Carré,Charles Dickens,Michael Crichton,Barbara Cartland,Quizsentials,,False,21 Jan 2026,Bonus Round - 10 Multi Tap Questions.sqt,1,21 Jan 2026
Tap only the singles released by Maroon 5.,multi_tap,"A,B,D,F",Payphone,Sugar,Best of You,Moves Like Jagger,Learn to Fly,This Love,Quizsentials,,False,21 Jan 2026,Bonus Round - 10 Multi Tap Questions.sqt,1,21 Jan 2026
"Of the islands listed here, tap only the ones that belong to France.",multi_tap,"A,B,D",Corsica,Tahiti,Sardinia,Martinique,Capri,Sicily,Quizsentials,,False,21 Jan 2026,Bonus Round - 10 Multi Tap Questions.sqt,1,21 Jan 2026
Tap only the characters from the kid's TV show 'LazyTown'.,multi_tap,"A,B,C,D,E,F",Bessie Busybody,Robbie Rotten,Stingy,Ziggy,Sportacus,Stephanie,Quizsentials,,False,21 Jan 2026,Bonus Round - 10 Multi Tap Questions.sqt,1,21 Jan 2026
Tap only the names of galaxies.,multi_tap,"A,C,D",Ursa Major III,Titan,Milky Way,Andromeda,Europa,Ganymede,Quizsentials,,False,21 Jan 2026,Bonus Round - 10 Multi Tap Questions.sqt,1,21 Jan 2026
"Of the TV shows listed here, tap only the ones that debuted in the 1990s.",multi_tap,"B,D,E,F",Stranger Things,Friends,Breaking Bad,Twin Peaks,Buffy the Vampire Slayer,The Fresh Prince of Bel-Air,Quizsentials,,False,21 Jan 2026,Bonus Round - 10 Multi Tap Questions.sqt,1,21 Jan 2026
Tap only the movies that were directed by Clint Eastwood.,multi_tap,"B,C,D,E",A Fistful of Dollars,Million Dollar Baby,Unforgiven,Gran Torino,American Sniper,Dirty Harry,Quizsentials,,False,20 Jan 2026,Bonus Round - 10 Multi Tap Questions.sqt,1,20 Jan 2026
Tap only the Christian religious days that come before Lent in any given year.,multi_tap,"A,E",Epiphany,Pentecost,Palm Sunday,Christmas Day,Shrove Tuesday,Good Friday,Quizsentials,,False,20 Jan 2026,Bonus Round - 10 Multi Tap Questions.sqt,1,20 Jan 2026
Tap only the countries that are among the top five producers of oil (petroleum) in the world.,multi_tap,"A,B,D,F",Canada,United States,India,Saudi Arabia,Qatar,Russia,Quizsentials,,False,20 Jan 2026,Bonus Round - 10 Multi Tap Questions.sqt,1,20 Jan 2026
Tap only the animals that are generally considered herbivores.,multi_tap,"A,B,D,E,F",Horses,Elephants,Polar bears,Giraffes,Rabbits,Cows,Quizsentials,,False,20 Jan 2026,Bonus Round - 10 Multi Tap Questions.sqt,1,20 Jan 2026
Tap only the names of characters from 'Family Guy' as opposed to 'The Simpsons'.,multi_tap,"B,C,D,E,F",Milhouse Van Houten,Brian Griffin,Adam West,Tricia Takanawa,Joe Swanson,Carter Pewterschmidt,Quizsentials,,False,20 Jan 2026,Bonus Round - 10 Multi Tap Questions.sqt,1,20 Jan 2026
Tap only the members of the Jonas Bothers.,multi_tap,"B,D,E",Paul,Joe,Mick,Kevin,Nick,Gary,Quizsentials,,False,20 Jan 2026,Bonus Round - 10 Multi Tap Questions.sqt,1,20 Jan 2026
Tap only the countries that have hosted the Summer Olympic Games.,multi_tap,"C,D,E",India,New Zealand,China,Japan,Mexico,Egypt,Quizsentials,,False,20 Jan 2026,Bonus Round - 10 Multi Tap Questions.sqt,2,3 Sep 2026
"Of the saws listed here, tap only the ones that have a rotating blade.",multi_tap,"B,D",Band saw,Circular saw,Jigsaw,Mitre saw,Coping saw,Hacksaw,Quizsentials,,False,21 May 2026,Bonus Round - 10 Multi Tap Questions.sqt,1,21 May 2026
"Of the animated shows listed here, tap only the ones that originated in Japan.",multi_tap,"B,C,F",Hazbin Hotel,JoJo's Bizarre Adventure,One Piece,The Amazing Digital Circus,Smiling Friend,Naruto,Quizsentials,,False,21 May 2026,Bonus Round - 10 Multi Tap Questions.sqt,1,21 May 2026
The 12 signs of the zodiac are split into four groups. Tap the names of those four groups.,multi_tap,"A,B,D,F",Fire signs,Earth signs,Sun signs,Air signs,Iron signs,Water signs,Quizsentials,,False,21 May 2026,Bonus Round - 10 Multi Tap Questions.sqt,1,21 May 2026
Tap only the James Bond films that starred Roger Moore.,multi_tap,"A,C,E,F",Octopussy,Goldfinger,The Spy Who Loved Me,From Russia With Love,Moonraker,Live and Let Die,Quizsentials,,False,21 May 2026,Bonus Round - 10 Multi Tap Questions.sqt,1,21 May 2026
"Of the comic book characters listed here, tap only the ones that appeared in the George Clooney movie 'Batman & Robin'.",multi_tap,"B,C,D,E",Catwoman,Mr Freeze,Batgirl,Poison Ivy,Bane,The Riddler,Quizsentials,,False,21 May 2026,Bonus Round - 10 Multi Tap Questions.sqt,1,21 May 2026
Tap only the types of electromagnetic radiation.,multi_tap,"A,B,D,E,F",Gamma rays,X-rays,Manta rays,Ultraviolet,Radio waves,Microwaves,Quizsentials,,False,20 May 2026,Bonus Round - 10 Multi Tap Questions.sqt,1,20 May 2026
Tap only the words that feature in the title of a 2003 book about punctuation written by Lynne Truss.,multi_tap,"A,C,D",Shoots,Showers,Eats,Leaves,Dies,Comma,Quizsentials,,False,20 May 2026,Bonus Round - 10 Multi Tap Questions.sqt,3,13 Apr 2025
"Of the handbags listed here, tap only the ones by Prada.",multi_tap,B,Cassette,Galleria,Constance,Bamboo 1947,Marmont,Tabby,Quizsentials,,False,20 May 2026,Bonus Round - 10 Multi Tap Questions.sqt,1,20 May 2026
Tap only the events that are part of an Olympic decathlon.,multi_tap,"A,D,E,F",Javelin,800m,Hammer throw,110m hurdles,Discus,Pole vault,Quizsentials,,False,20 May 2026,Bonus Round - 10 Multi Tap Questions.sqt,1,20 May 2026
"Of the James Bond actors listed here, tap only the ones born in England.",multi_tap,"A,D",Daniel Craig,Pierce Brosnan,Timothy Dalton,Roger Moore,George Lazenby,Sean Connery,Quizsentials,,False,20 May 2026,Bonus Round - 10 Multi Tap Questions.sqt,1,20 May 2026
"Of the TV shows listed here, tap only the ones that originally aired on a streaming service rather than a satellite, cable or terrestrial TV channel.",multi_tap,"C,F",Grey's Anatomy,The Last of Us,The Boys,Breaking Bad,Game of Thrones,Narcos,Quizsentials,,False,20 May 2026,Bonus Round - 10 Multi Tap Questions.sqt,1,20 May 2026
Tap only the last names that have been shared by UK prime ministers and US presidents.,multi_tap,"A,F",Johnson,MacDonald,Major,May,Washington,Wilson,Quizsentials,,False,20 May 2026,Bonus Round - 10 Multi Tap Questions.sqt,1,20 May 2026
Tap only the male 'Game of Thrones' characters.,multi_tap,"A,B,C,D,E",Jorah Mormont,Viserys Targaryen,The Hound,Bronn,Varys,Ser Brienne of Tarth,Quizsentials,,False,2 Sep 2026,Bonus Round - 10 Multi Tap Questions.sqt,1,2 Sep 2026
Tap only the names of chess openings.,multi_tap,"A,B",Queen's gambit,Sicilian defence,Norwegian scruple,Knave's attack,French barrage,Artillery strike,Quizsentials,,False,2 Sep 2026,Bonus Round - 10 Multi Tap Questions.sqt,1,2 Sep 2026
Tap only the song titles in which the missing word is 'down'.,multi_tap,"A,D,E,F","Sugar, We're Goin' __, by Fall Out Boy","The Only Way is __, by Yazz","__ Where We Belong, by Joe Cocker and Jennifer Warnes","__ Under, by Men at Work","__ with the Sickness, by Disturbed","__town, by Petula Clark",Quizsentials,,False,2 Sep 2026,Bonus Round - 10 Multi Tap Questions.sqt,1,2 Sep 2026
"As regards elected heads of government, tap only the countries that have had a female prime minister/president.",multi_tap,"B,D,E,F",Spain,United Kingdom,United States,Australia,New Zealand,India,Quizsentials,,False,2 Sep 2026,Bonus Round - 10 Multi Tap Questions.sqt,1,2 Sep 2026
Tap only the Matthew McConaughey movies.,multi_tap,"D,E",Zombieland,The Hunger Games,Now You See Me,Magic Mike,Interstellar,White Men Can't Jump,Quizsentials,,False,2 Sep 2026,Bonus Round - 10 Multi Tap Questions.sqt,1,2 Sep 2026
Tap only the video games released this year.,multi_tap,"B,D",Astro Bot,Forza Horizon 6,Balatro,007 First Light,Black Myth: Wukong,Indiana Jones and the Great Circle,Quizsentials,,False,3 Sep 2026,Bonus Round - 10 Multi Tap Questions.sqt,1,3 Sep 2026
"Of these Nirvana songs, tap only the ones that appear on the album 'Nevermind'.",multi_tap,"B,D,E",Heart-Shaped Box,Come As You Are,Pennyroyal Tea,Smells Like Teen Spirit,Lithium,All Apologies,Quizsentials,,False,3 Sep 2026,Bonus Round - 10 Multi Tap Questions.sqt,1,3 Sep 2026
"Of these films, tap only those that were adapted from books.",multi_tap,"A,B,C,E,F",Jurassic Park,The Princess Bride,Forrest Gump,The Emoji Movie,The Jungle Book,Goldfinger,Quizsentials,,False,3 Sep 2026,Bonus Round - 10 Multi Tap Questions.sqt,1,3 Sep 2026
Tap only the footballers who have scored in a UEFA Champions League final.,multi_tap,"A,B,C,E",Divock Origi,Rodri,Didier Drogba,Zlatan Ibrahimovic,Zinedine Zidane,Ronaldo (Brazilian),Quizsentials,,False,3 Sep 2026,Bonus Round - 10 Multi Tap Questions.sqt,1,3 Sep 2026
"Of these 'Friends' guest stars, tap only the ones whose characters dated Phoebe.",multi_tap,"A,D,E",Charlie Sheen,Gary Oldman,George Clooney,Sean Penn,Alec Baldwin,Bruce Willis,Quizsentials,,False,3 Sep 2026,Bonus Round - 10 Multi Tap Questions.sqt,1,3 Sep 2026
Tap only the video games franchises that released their first title before the year 2000.,multi_tap,"C,D,E",Call of Duty,Assassin's Creed,Super Mario Bros,Crash Bandicoot,Resident Evil,Halo,Quizsentials,,False,20 Mar 2026,Bonus Round - 10 Multi Tap Questions.sqt,1,20 Mar 2026
Tap only the catchphrases associated with the classic TV show 'The A-Team'.,multi_tap,"B,E",I know nothing!,I aint gettin' on no plane,Holy crap!,Is that your final answer?,I love it when a plan comes together,Let's be careful out there,Quizsentials,,False,20 Mar 2026,Bonus Round - 10 Multi Tap Questions.sqt,1,20 Mar 2026
Tap only the desserts that are typically served cold.,multi_tap,"C,D,F",Chocolate fondue,Bread pudding,No-bake cheesecake,Banana split,Hot fudge brownie,Sorbet,Quizsentials,,False,20 Mar 2026,Bonus Round - 10 Multi Tap Questions.sqt,2,8 May 2025
"Of these famous landmarks, tap only the ones that are over 1000 years old.",multi_tap,"B,D,E",Machu Picchu,Stonehenge,Notre-Dame de Paris,Pyramids of Giza,"The Colosseum, Rome","Saint Basil's Cathedral, Moscow",Quizsentials,,False,20 Mar 2026,Bonus Round - 10 Multi Tap Questions.sqt,1,20 Mar 2026
Tap only the things that a human ordinarily has only one of.,multi_tap,"C,F",Kidney,Big toe,Liver,Lung,Testicle,Date of birth,Quizsentials,,False,20 Mar 2026,Bonus Round - 10 Multi Tap Questions.sqt,1,20 Mar 2026
"Tap only the countries that participate in The Rugby Championship, the Southern Hemisphere's highest-ranked national rugby union tournament.",multi_tap,"C,D,E,F",Japan,Brazil,South Africa,New Zealand,Argentina,Australia,Quizsentials,,False,20 Mar 2026,Bonus Round - 10 Multi Tap Questions.sqt,2,20 Mar 2026
Tap only the singers that featured on the 2014 hit song 'Bang Bang'.,multi_tap,"A,C,D",Jessie J,Christina Aguilera,Ariana Grande,Nicki Minaj,Rihanna,Cardi B,Quizsentials,,False,20 Mar 2026,Bonus Round - 10 Multi Tap Questions.sqt,1,20 Mar 2026
Tap only the flowers that are or can be red.,multi_tap,"A,B,C,D,E,F",Poppy,Rose,Tulip,Begonia,Poinsettia,Chrysanthemum,Quizsentials,,False,20 Mar 2026,Bonus Round - 10 Multi Tap Questions.sqt,2,2 May 2025
Tap only the films that star BOTH Ben Affleck and Matt Damon.,multi_tap,"A,B,D,E",Good Will Hunting,Dogma,The Martian,The Last Duel,The Rip,Gone Girl,Quizsentials,,False,5 Aug 2026,Bonus Round - 10 Multi Tap Questions.sqt,1,5 Aug 2026
"Of the Charli XCX songs listed here, tap only the ones from the 2024 album 'Brat'.",multi_tap,"A,B,F",Guess,Apple,Party 4 U,Boom Clap,Speed Drive,Von Dutch,Quizsentials,,False,5 Aug 2026,Bonus Round - 10 Multi Tap Questions.sqt,1,5 Aug 2026
"Of the elements listed here, tap only the ones with a greater density than iron.",multi_tap,"D,E,F",Carbon,Oxygen,Neon,Platinum,Plutonium,Gold,Quizsentials,,False,5 Aug 2026,Bonus Round - 10 Multi Tap Questions.sqt,1,5 Aug 2026
Tap only the Brazilian footballers who were in the squad that won the 2002 FIFA World Cup.,multi_tap,"A,B,C,F",Ronaldo,Rivaldo,Ronaldinho,Robinho,Romário,Roberto Carlos,Quizsentials,,False,5 Aug 2026,Bonus Round - 10 Multi Tap Questions.sqt,1,5 Aug 2026
Tap only the products that Yamaha manufactures.,multi_tap,"A,B,C,D,E,F",Guitars,Pianos,Golf clubs,Shoes,Motorbikes,Drum kits,Quizsentials,,False,5 Aug 2026,Bonus Round - 10 Multi Tap Questions.sqt,1,5 Aug 2026
Tap only the types of potato.,multi_tap,"A,C,D,F",Maris Piper,Ailsa Craig,King Edward,Yukon Gold,Prince Andrew,French Fingerling,Quizsentials,,False,5 Aug 2026,Bonus Round - 10 Multi Tap Questions.sqt,1,5 Aug 2026
Tap only the characters that have been portrayed by John Krasinski (pictured) in film or television.,multi_tap,"A,B,C",Jim Halpert,Jack Ryan,Mr Fantastic,Jack Reacher,Iron Man,Ted Lasso,Quizsentials,,False,5 Aug 2026,Bonus Round - 10 Multi Tap Questions.sqt,1,5 Aug 2026
"Of the mythological creatures listed here, tap only the ones that have the body parts of two or more different creatures.",multi_tap,"B,C,F",Dryad,Griffin,Manticore,Gnome,Phoenix,Centaur,Quizsentials,,False,5 Aug 2026,Bonus Round - 10 Multi Tap Questions.sqt,1,5 Aug 2026
"Of the styles of hat listed here, tap only the ones that originated in the Americas.",multi_tap,"A,B,C,F",Panama hat,Cowboy hat,Sombrero,Fez,Bowler hat,Baseball cap,Quizsentials,,False,4 Aug 2026,Bonus Round - 10 Multi Tap Questions.sqt,1,4 Aug 2026
"Of these legendary cricketers, tap only those who played for the West Indies.",multi_tap,"B,D,E,F",Kapil Dev,Desmond Haynes,David Gower,Brian Lara,Curtley Ambrose,Malcolm Marshall,Quizsentials,,False,4 Aug 2026,Bonus Round - 10 Multi Tap Questions.sqt,1,4 Aug 2026
"Of these French dishes, tap only the ones that are typically served for dessert.",multi_tap,B,Coq au vin,Crème brûlée,Cassoulet,Ratatouille,Croque monsieur,Boeuf Bourguignon,Quizsentials,,False,4 Aug 2026,Bonus Round - 10 Multi Tap Questions.sqt,2,26 Jun 2025
Tap only the titles of Metallica songs.,multi_tap,"B,D",She Bangs,Master of Puppets,Livin' La Vida Loca,Enter Sandman,María,Shake Your Bon-Bon,Quizsentials,,False,4 Aug 2026,Bonus Round - 10 Multi Tap Questions.sqt,1,4 Aug 2026
Tap only the actors who star in the 2026 movie 'The Odyssey'.,multi_tap,"B,D",Ben Affleck,Matt Damon,Cillian Murphy,Tom Holland,Tom Hardy,Samuel L. Jackson,Quizsentials,,False,4 Aug 2026,Bonus Round - 10 Multi Tap Questions.sqt,1,4 Aug 2026
Tap only the animals that hunt in packs.,multi_tap,"A,C,D",Wolves,Bears,Lions,Killer whales,Bald eagles,Badgers,Quizsentials,,False,4 Aug 2026,Bonus Round - 10 Multi Tap Questions.sqt,1,4 Aug 2026
Tap only the TV shows that feature zombies.,multi_tap,"C,E",Chernobyl,Dopesick,Santa Clarita Diet,Narcos,The Walking Dead,Monster: The Ed Gein Story,Quizsentials,,False,4 Aug 2026,Bonus Round - 10 Multi Tap Questions.sqt,1,4 Aug 2026
Here are some work colleagues. Tap only the ones who went viral and lost their jobs after attending a Coldplay concert last year.,multi_tap,"C,F",A,B,C,D,E,F,Quizsentials,,False,13 Jan 2026,Bonus Round - 10 Multi Tap Questions.sqt,1,13 Jan 2026
"Of the websites listed here, tap only the ones that launched before Instagram.",multi_tap,"B,D,E",TikTok,Facebook,Temu,YouTube,Google,ChatGPT,Quizsentials,,False,13 Jan 2026,Bonus Round - 10 Multi Tap Questions.sqt,1,13 Jan 2026
Tap only the words that are in the lyrics of the 'Family Guy' theme tune.,multi_tap,"A,E,F",Rely,Deny,Why,Try,Cry,Guy,Quizsentials,,False,13 Jan 2026,Bonus Round - 10 Multi Tap Questions.sqt,1,13 Jan 2026
Tap only the words that would mean it was unpleasant with regard to discussing the weather.,multi_tap,"B,C,D,F",Mild,Biting,Muggy,Inclement,Clement,Torrid,Quizsentials,,False,13 Jan 2026,Bonus Round - 10 Multi Tap Questions.sqt,1,13 Jan 2026
Tap only the footballers who have worn the famous number 7 shirt at Manchester United.,multi_tap,"B,C,D,E,F",Mark Hughes,Eric Cantona,David Beckham,George Best,Cristiano Ronaldo,Bryan Robson,Quizsentials,,False,13 Jan 2026,Bonus Round - 10 Multi Tap Questions.sqt,1,13 Jan 2026
"Tap only the countries that are in the top ten in the world for beer consumption per capita (ie where people on average drink the most beer, according to Wikipedia's list).",multi_tap,"B,D,F",Mexico,Czech Republic,USA,Germany,United Kingdom,Ireland,Quizsentials,,False,13 Jan 2026,Bonus Round - 10 Multi Tap Questions.sqt,1,13 Jan 2026
Tap only the animals that have more than two eyes.,multi_tap,"A,B",Spider,Bumblebee,Seahorse,Orangutan,Great white shark,Four-eyed fish,Quizsentials,,False,13 Jan 2026,Bonus Round - 10 Multi Tap Questions.sqt,1,13 Jan 2026
Tap only the illnesses that affect the throat?,multi_tap,"A,B,E",Tonsillitis,Pharyngitis,Appendicitis,Diverticulitis,Laryngitis,Cystitis,Quizsentials,,False,13 Jan 2026,Bonus Round - 10 Multi Tap Questions.sqt,1,13 Jan 2026
Tap only the countries whose capital cities share the name of the country itself (for example Panama and Panama City).,multi_tap,"A,B,D",Kuwait,Mexico,Niger,Guatemala,Honduras,Estonia,Quizsentials,,False,13 Jan 2026,Bonus Round - 10 Multi Tap Questions.sqt,1,13 Jan 2026
"Of the DJs listed here, tap only the Europeans.",multi_tap,"A,C",David Guetta,Peggy Gou,Avicii,Steve Aoki,Skrillex,Marshmello,Quizsentials,,False,13 Jan 2026,Bonus Round - 10 Multi Tap Questions.sqt,1,13 Jan 2026
"Of these words, tap only the spellings that are predominantly used in British-English as opposed to American-English.",multi_tap,"B,C,E",Gray,Grey,Travelling,Traveling,Favour,Favor,Quizsentials,,False,9 Jun 2026,Bonus Round - 10 Multi Tap Questions.sqt,3,8 May 2025
Tap only the names of language-learning services.,multi_tap,"A,B,C",Duolingo,Rosetta Stone,Babbel,Kayak,Airbnb,Rome2Rio,Quizsentials,,False,9 Jun 2026,Bonus Round - 10 Multi Tap Questions.sqt,1,9 Jun 2026
Tap only the energy sources that are classed as renewable.,multi_tap,"A,C,F",Solar energy,Fossil fuel,Wind power,Nuclear fuel,Natural gas,Hydropower,Quizsentials,,False,9 Jun 2026,Bonus Round - 10 Multi Tap Questions.sqt,2,16 Jul 2025
Tap only the movies starring Kevin Costner.,multi_tap,"A,C,D,E",Dances with Wolves,Philadelphia,Field of Dreams,Swing Vote,Rumor Has It,Captain Phillips,Quizsentials,,False,9 Jun 2026,Bonus Round - 10 Multi Tap Questions.sqt,1,9 Jun 2026
"Of the 'Stranger Things' characters listed here, tap only the ones who appeared in all six seasons.",multi_tap,D,Barbara Holland,Eddie Munson,Robin Buckley,Dustin Henderson,Max Mayfield,Victor Creel,Quizsentials,,False,9 Jun 2026,Bonus Round - 10 Multi Tap Questions.sqt,1,9 Jun 2026
Tap only the countries whose official currency is called the dollar.,multi_tap,"A,C,E,F",Canada,Argentina,USA,Mexico,New Zealand,Australia,Quizsentials,,False,12 May 2026,Bonus Round - 10 Multi Tap Questions.sqt,2,25 Feb 2025
"Of the handbags listed here, tap only the ones that were considered 'it bags' in the '90s and early 2000s.",multi_tap,"A,B,D",Fendi Baguette,Dior Saddle Bag,Hermès Birkin,Balenciaga City,Telfar Shopping Bag,Bottega Veneta Cassette,Quizsentials,,False,12 May 2026,Bonus Round - 10 Multi Tap Questions.sqt,1,12 May 2026
Tap only the Anne Hathaway movies.,multi_tap,"C,E,F",The Princess Bride,A Cinderella Story,Ella Enchanted,Gravity,Interstellar,The Princess Diaries,Quizsentials,,False,12 May 2026,Bonus Round - 10 Multi Tap Questions.sqt,1,12 May 2026
"Of the wrestlers listed here, tap only the ones from the UK.",multi_tap,"A,E",Drew McIntyre,André the Giant,Ric Flair,Seth Rollins,The British Bulldog,The Undertaker,Quizsentials,,False,12 May 2026,Bonus Round - 10 Multi Tap Questions.sqt,1,12 May 2026
Tap only the subtitles of 'Pirates of the Caribbean' movies.,multi_tap,"B,D,E",Armada of the Damned,At World's End,Battle for Sunken Treasure,On Stranger Tides,The Curse of the Black Pearl,The Legend of Jack Sparrow,Quizsentials,,False,13 May 2026,Bonus Round - 10 Multi Tap Questions.sqt,1,13 May 2026
"Of the TV shows listed here, tap only the ones set in fictional towns or cities.",multi_tap,"B,C",How I Met Your Mother,Stranger Things,Family Guy,Ted Lasso,Atlanta,West Wing,Quizsentials,,False,13 May 2026,Bonus Round - 10 Multi Tap Questions.sqt,1,13 May 2026
"Of these famous swimmers, tap only the Americans.",multi_tap,"A,C,D,E,F",Michael Phelps,Ian Thorpe,Mark Spitz,Katie Ledecky,Jenny Thompson,Matt Biondi,Quizsentials,,False,13 May 2026,Bonus Round - 10 Multi Tap Questions.sqt,1,13 May 2026
"Tap only the words that, in most accents, are pronounced the same as at least one other word in the list.",multi_tap,"A,D,F",Wear,War,Wire,Where,Were,Ware,Quizsentials,,False,13 May 2026,Bonus Round - 10 Multi Tap Questions.sqt,1,13 May 2026
Tap only the members of Chris Hemsworth's family who featured alongside him in the film 'Thor: Love and Thunder'.,multi_tap,"A,B,C,D,E",Elsa Pataky (wife),Luke Hemsworth (brother),India Rose Hemsworth (daughter),Sasha Hemsworth (son),Tristan Hemsworth (son),Leonie Hemsworth (mother),Quizsentials,,False,13 May 2026,Bonus Round - 10 Multi Tap Questions.sqt,1,13 May 2026
Tap only the singers who have featured on a song by Calvin Harris.,multi_tap,"A,B,C,D",Rihanna,Dua Lipa,Ellie Goulding,Sam Smith,Beyoncé,Ed Sheeran,Quizsentials,,False,2 Apr 2026,Bonus Round - 10 Multi Tap Questions.sqt,2,2 Apr 2026
Tap only the countries that border the Strait of Hormuz.,multi_tap,"B,C",Iraq,Iran,Oman,Pakistan,Turkey,Egypt,Quizsentials,,False,2 Apr 2026,Bonus Round - 10 Multi Tap Questions.sqt,1,2 Apr 2026
"Of the video games listed here, tap only the ones in which combatants take turns to act or move, like you do in chess.",multi_tap,"B,D",Doom: The Dark Ages,Baldur's Gate 3,The Elder Scrolls V: Skyrim,Clair Obscure: Expedition 33,Helldivers 2,The Legend of Zelda: Tears of the Kingdom,Quizsentials,,False,2 Apr 2026,Bonus Round - 10 Multi Tap Questions.sqt,1,2 Apr 2026
"Of these films, tap only the ones classed as horror films.",multi_tap,"A,B,C,E",It,Slender Man,The Babadook,Rain Man,Speak No Evil,"See No Evil, Hear No Evil",Quizsentials,,False,2 Apr 2026,Bonus Round - 10 Multi Tap Questions.sqt,1,2 Apr 2026
"Of the birds listed here, tap only the ones that typically eat fish.",multi_tap,"A,B",Penguin,Puffin,Emu,Robin,Wren,Ostrich,Quizsentials,,False,2 Apr 2026,Bonus Round - 10 Multi Tap Questions.sqt,2,25 May 2025
"Of these current or former Premier League stars, tap only those who were born in Africa.",multi_tap,"A,C,E,F",Didier Drogba,Moisés Caicedo,Yaya Touré,Manuel Ugarte,Mo Salah,Jay-Jay Okocha,Quizsentials,,False,3 Apr 2026,Bonus Round - 10 Multi Tap Questions.sqt,2,26 Jun 2025
"Of the countries listed here, tap only the ones that border at least one country that begins with the letter 'M'.",multi_tap,"A,B,C,D,E",France,USA,Thailand,Algeria,China,Norway,Quizsentials,,False,3 Apr 2026,Bonus Round - 10 Multi Tap Questions.sqt,1,3 Apr 2026
Tap only the boy bands.,multi_tap,"A,B",NSYNC,One Direction,Destiny's Child,Eternal,TLC,Blackpink,Quizsentials,,False,3 Apr 2026,Bonus Round - 10 Multi Tap Questions.sqt,1,3 Apr 2026
"Of these famous sportsmen, tap only the ones best known for being in the UFC.",multi_tap,"A,C,D",Chuck Liddell,Andy Ruiz Jr,Georges St-Pierre,Michael Chandler,Canelo Álvarez,Alexander Povetkin,Quizsentials,,False,3 Apr 2026,Bonus Round - 10 Multi Tap Questions.sqt,1,3 Apr 2026
Tap only the cities that host annual international film festivals.,multi_tap,"A,B,C,D,E,F",Cannes,Park City,Venice,Busan,Toronto,Berlin,Quizsentials,,False,3 Apr 2026,Bonus Round - 10 Multi Tap Questions.sqt,1,3 Apr 2026
Tap only the music acts where the definitive lineup is or was a duo.,multi_tap,"A,B,C,F",OutKast,LMFAO,The White Stripes,HAIM,Beastie Boys,Pet Shop Boys,Quizsentials,,False,3 Apr 2026,Bonus Round - 10 Multi Tap Questions.sqt,1,3 Apr 2026
Tap only the cities that have a Major League Baseball franchise with the word 'Sox' in its name.,multi_tap,"C,D",New York,Los Angeles,Chicago,Boston,Cleveland,Milwaukee,Quizsentials,,False,11 Jun 2026,Bonus Round - 10 Multi Tap Questions.sqt,1,11 Jun 2026
Tap only the movies that starred Macaulay Culkin.,multi_tap,"B,D,E",The Sixth Sense,My Girl,A.I. Artificial Intelligence,The Pagemaster,Home Alone,Forrest Gump,Quizsentials,,False,11 Jun 2026,Bonus Round - 10 Multi Tap Questions.sqt,1,11 Jun 2026
Tap only the Olympic medals that Usain Bolt has won.,multi_tap,"A,D",100m gold,100m silver,100m bronze,200m gold,200m silver,200m bronze,Quizsentials,,False,11 Jun 2026,Bonus Round - 10 Multi Tap Questions.sqt,1,11 Jun 2026
Tap only the famous novels that are partly or fully set at sea.,multi_tap,"B,D,F",Don Quixote,Treasure Island,The Catcher in the Rye,Life of Pi,One Flew Over the Cuckoo's Nest,Moby-Dick,Quizsentials,,False,11 Jun 2026,Bonus Round - 10 Multi Tap Questions.sqt,2,11 May 2025
"In the world of manicures, tap only the real names used for different nail shapes?",multi_tap,"A,B,D,E,F",Round,Square,Urinal,Coffin,Lipstick,Stiletto,Quizsentials,,False,11 Jun 2026,Bonus Round - 10 Multi Tap Questions.sqt,1,11 Jun 2026
"Of the TV shows listed here, tap only the ones Steve Buscemi has acted in.",multi_tap,"C,D,E",Game of Thrones,Sex and the City,Boardwalk Empire,The Sopranos,Wednesday,Doctor Who,Quizsentials,,False,11 Jun 2026,Bonus Round - 10 Multi Tap Questions.sqt,1,11 Jun 2026
Tap only the English clubs that French striker Nicolas Anelka played for.,multi_tap,"A,B,C,D,E,F",Chelsea,Liverpool,Arsenal,West Bromwich Albion,Bolton Wanderers,Manchester City,Quizsentials,,False,11 Jun 2026,Bonus Round - 10 Multi Tap Questions.sqt,2,14 Aug 2025
"Of these bones, tap only the ones found in the human hand.",multi_tap,"A,C,D",Phalanx,Metatarsal,Metacarpal,Sesamoid,Radius,Ulna,Quizsentials,,False,11 Jun 2026,Bonus Round - 10 Multi Tap Questions.sqt,2,26 Jun 2025
Tap only the names of people who have been cast members on 'The Secret Lives of Mormon Wives'.,multi_tap,"B,E",Kyle Richards,Whitney Leavitt,Erika Jayne,Crystal Kung Minkoff,Taylor Frankie Paul,Rachel Zoe,Quizsentials,,False,11 Jun 2026,Bonus Round - 10 Multi Tap Questions.sqt,1,11 Jun 2026
"Tap only the video game series that were written by, or based on the works of, the author Tom Clancy.",multi_tap,"A,D,E",Splinter Cell,Sniper Elite,Call of Duty,Ghost Recon,Rainbow Six,Battlefield,Quizsentials,,False,10 Jun 2026,Bonus Round - 10 Multi Tap Questions.sqt,1,10 Jun 2026
"Of the celebrities listed here, tap only the ones who were members of the Hype House TikTok collective.",multi_tap,"B,C,D",Brent Rivera,Alex Warren,Avani Gregg,Chase Hudson,JoJo Siwa,Sophie Rain,Quizsentials,,False,10 Jun 2026,Bonus Round - 10 Multi Tap Questions.sqt,1,10 Jun 2026
"Of the Netflix series listed here, tap only the ones predominantly set in the UK.",multi_tap,C,Emily in Paris,Stranger Things,The Crown,Wednesday,The Witcher,Money Heist,Quizsentials,,False,10 Jun 2026,Bonus Round - 10 Multi Tap Questions.sqt,1,10 Jun 2026
Tap only the countries that border Mexico.,multi_tap,"A,F",United States,Cuba,Dominican Republic,Costa Rica,Colombia,Guatemala,Quizsentials,,False,20 Jul 2026,Bonus Round - 10 Multi Tap Questions.sqt,2,8 May 2025
Tap only the films that are about boxing.,multi_tap,"A,B,C,D,E,F",Creed,Rocky,The Fighter,Million Dollar Baby,Ali,Raging Bull,Quizsentials,,False,20 Jul 2026,Bonus Round - 10 Multi Tap Questions.sqt,1,20 Jul 2026
"Of the Netflix series listed here, tap only the ones based on real-life events.",multi_tap,"A,B",Narcos,Monster: The Jeffrey Dahmer Story,One Piece,Lost in Space,Emily in Paris,Wednesday,Quizsentials,,False,20 Jul 2026,Bonus Round - 10 Multi Tap Questions.sqt,1,20 Jul 2026
Tap only the places Jesus is said to have visited in the New Testament.,multi_tap,"A,C,E",Jerusalem,Rome,Sea of Galilee,Mecca,Egypt,America,Quizsentials,,False,20 Jul 2026,Bonus Round - 10 Multi Tap Questions.sqt,1,20 Jul 2026
Tap only the musicians who were in the band Kiss's classic 1970s era line-up.,multi_tap,"A,D,E,F",Ace Frehley,Steven Tyler,Joe Perry,Gene Simmons,Peter Criss,Paul Stanley,Quizsentials,,False,20 Jul 2026,Bonus Round - 10 Multi Tap Questions.sqt,1,20 Jul 2026
"Of these animals, tap only the ones that on average weigh more than a gorilla.",multi_tap,"B,C,D,E",Chimpanzee,Elephant,Hippopotamus,Polar bear,Giraffe,Cheetah,Quizsentials,,False,20 Jul 2026,Bonus Round - 10 Multi Tap Questions.sqt,1,20 Jul 2026
Tap only the Adidas shoes.,multi_tap,"A,B,E,F",Samba,Stan Smith,Air Max,Palermo,Superstar,Gazelle,Quizsentials,,False,20 Jul 2026,Bonus Round - 10 Multi Tap Questions.sqt,1,20 Jul 2026
"Of these former Italy footballers, tap only the ones who were in the squad that won the FIFA World Cup in 2006.",multi_tap,"A,B,E",Gianluigi Buffon,Francesco Totti,Roberto Baggio,Mario Balotelli,Andrea Pirlo,Paolo Maldini,Quizsentials,,False,20 Jul 2026,Bonus Round - 10 Multi Tap Questions.sqt,1,20 Jul 2026
Tap only the brands of Bourbon.,multi_tap,"A,C,E,F",Buffalo Trace,Smirnoff,Jim Beam,Jack Daniel's,Maker's Mark,Woodford Reserve,Quizsentials,,False,20 Jul 2026,Bonus Round - 10 Multi Tap Questions.sqt,1,20 Jul 2026
"Of these sets of letters, tap only the ones that can be followed by 'on' to make the name of a chemical element.",multi_tap,"A,B,C,D,E,F",SILIC,CARB,IR,ARG,XEN,NE,Quizsentials,,False,21 Jul 2026,Bonus Round - 10 Multi Tap Questions.sqt,1,21 Jul 2026
"Of the TV shows listed here, tap only the ones in which the lead characters are related.",multi_tap,"B,E","Ed, Edd, and Eddy",Rick and Morty,South Park,Scooby-Doo,Family Guy,Adventure Time,Quizsentials,,False,21 Jul 2026,Bonus Round - 10 Multi Tap Questions.sqt,1,21 Jul 2026
Tap only the seas surrounding Australia.,multi_tap,"D,E",Sargasso Sea,Black Sea,Yellow Sea,Coral Sea,Tasman Sea,Arabian Sea,Quizsentials,,False,21 Jul 2026,Bonus Round - 10 Multi Tap Questions.sqt,2,2 May 2025
Tap only the actors who played members of the Corleone family in 'The Godfather' movies.,multi_tap,"A,B,D,F",James Caan,Robert De Niro,Joe Pesci,Marlon Brando,Dustin Hoffman,Al Pacino,Quizsentials,,False,21 Jul 2026,Bonus Round - 10 Multi Tap Questions.sqt,1,21 Jul 2026
"Of these former footballers, tap only the Frenchmen.",multi_tap,"A,B,C",Robert Pires,Thierry Henry,Emmanuel Petit,Xabi Alonso,David Villa,Raúl,Quizsentials,,False,21 Jul 2026,Bonus Round - 10 Multi Tap Questions.sqt,1,21 Jul 2026
Tap only the drinks mentioned in the King James Version of the Bible.,multi_tap,D,Tea,Coffee,Ale,Wine,Lemonade,Cider,Quizsentials,,False,21 Jul 2026,Bonus Round - 10 Multi Tap Questions.sqt,1,21 Jul 2026
"Of the songs listed here, tap only the ones in which the missing color is 'Black'.",multi_tap,"B,C,D,E,F","__ Rain, by Prince","Paint It __, by The Rolling Stones","__ Velvet, by Alannah Myles","__bird, by The Beatles","__ Hole Sun, by Soundgarden","Welcome to the __ Parade, by My Chemical Romance",Quizsentials,,False,21 Jul 2026,Bonus Round - 10 Multi Tap Questions.sqt,1,21 Jul 2026
Tap only the examples of computer malware.,multi_tap,"A,C,D",Worm,Firewall,Trojan horse,Virus,Cache,Router,Quizsentials,,False,21 Jul 2026,Bonus Round - 10 Multi Tap Questions.sqt,1,21 Jul 2026
Tap only the actors and actresses who appeared in the 2023 film 'Oppenheimer'.,multi_tap,"A,D,E,F",Emily Blunt,Margot Robbie,Bradley Cooper,Cillian Murphy,Robert Downey Jr,Rami Malek,Quizsentials,,False,21 Jul 2026,Bonus Round - 10 Multi Tap Questions.sqt,1,21 Jul 2026
Tap only the movies that star Ryan Reynolds.,multi_tap,"C,F",Barbie,"Crazy, Stupid, Love",Deadpool,La La Land,Free Guy,The Nice Guys,Quizsentials,,False,2 Feb 2025,Bonus Round - 10 Multi Tap Questions.sqt,1,2 Feb 2025
"Of the Pokémon listed here, tap only the ones from Generation 1.",multi_tap,"A,D,F",Pikachu,Totodile,Rowlet,Squirtle,Sprigatito,Charmander,Quizsentials,,False,2 Feb 2025,Bonus Round - 10 Multi Tap Questions.sqt,1,2 Feb 2025
"Of the companies listed here, tap only the ones founded in Sweden.",multi_tap,"A,B,D,E",Saab,Spotify,Lego,Volvo,H&M,Nokia,Quizsentials,,False,2 Feb 2025,Bonus Round - 10 Multi Tap Questions.sqt,2,18 Nov 2025
"Of the famous people listed here, tap only those who were assassinated.",multi_tap,"A,C,D,E",Benazir Bhutto,Charles de Gaulle,John F. Kennedy,Indira Gandhi,Mahatma Gandhi,Winston Churchill,Quizsentials,,False,2 Feb 2025,Bonus Round - 10 Multi Tap Questions.sqt,2,3 Dec 2025
"Of the 'Harry Potter' movies listed here, tap only the ones in which Michael Gambon played Albus Dumbledore.",multi_tap,"C,D,E,F",The Philosopher's Stone,The Chamber of Secrets,The Prisoner of Azkaban,The Goblet of Fire,The Order of the Phoenix,The Half Blood Prince,Quizsentials,,False,25 Feb 2025,Bonus Round - 10 Multi Tap Questions.sqt,1,25 Feb 2025
"Of these celebrities, tap only the ones born outside of the USA.",multi_tap,"C,D",Mel Gibson,Bella Hadid,Elon Musk,Charlize Theron,Nicole Kidman,Barack Obama,Quizsentials,,False,25 Feb 2025,Bonus Round - 10 Multi Tap Questions.sqt,2,8 Oct 2025
Tap only the events that are celebrated in January.,multi_tap,"A,D,E",Martin Luther King Day,Canada Day,Valentine's Day,The Epiphany,Burn's Night,Longest Night,Quizsentials,,False,25 Feb 2025,Bonus Round - 10 Multi Tap Questions.sqt,1,25 Feb 2025
Tap only the pop stars that are British.,multi_tap,"A,B,C",Adele,Ed Sheeran,Harry Styles,Billie Eilish,Ariana Grande,Justin Bieber,Quizsentials,,False,25 Feb 2025,Bonus Round - 10 Multi Tap Questions.sqt,1,25 Feb 2025
"Of these 'Lord of the Rings' characters, tap only the ones that are in the first movie 'The Fellowship of the Ring'.",multi_tap,"B,C,E",Theoden,Aragorn,Saruman,Denethor,Galadriel,Treebeard,Quizsentials,,False,6 Jul 2026,Bonus Round - 10 Multi Tap Questions.sqt,1,6 Jul 2026
Tap only the animals that live in herds.,multi_tap,"B,C",Foxes,Deer,Elephants,Polar bears,Orangutans,Cougars,Quizsentials,,False,6 Jul 2026,Bonus Round - 10 Multi Tap Questions.sqt,1,6 Jul 2026
"Of these former Manchester United players, tap only the ones who were managed at some point by Sir Alex Ferguson.",multi_tap,"A,B,D,F",Wayne Rooney,David Beckham,Marouane Fellaini,Bryan Robson,Antony,Mark Hughes,Quizsentials,,False,6 Jul 2026,Bonus Round - 10 Multi Tap Questions.sqt,1,6 Jul 2026
"Tap only the mythological creatures, as opposed to real historical creatures.",multi_tap,"A,D,F",Kraken,Dodo,Sabre-toothed tiger,Unicorn,Pterodactyl,Wyvern,Quizsentials,,False,6 Jul 2026,Bonus Round - 10 Multi Tap Questions.sqt,1,6 Jul 2026
"Of the Marvel TV shows listed here, tap only the ones that originally aired on Disney+.",multi_tap,"D,E,F",Agents of S.H.I.E.L.D.,Legion,Cloak & Dagger,Wandavision,Loki,Ms Marvel,Quizsentials,,False,6 Jul 2026,Bonus Round - 10 Multi Tap Questions.sqt,1,6 Jul 2026
Tap only the names of common eye shadow finishes.,multi_tap,"A,B,E,F",Matte,Shimmer,Sullen,Liquid,Glitter,Satin,Quizsentials,,False,6 Jul 2026,Bonus Round - 10 Multi Tap Questions.sqt,1,6 Jul 2026
"Of the Netflix movies listed here, tap only the ones that are animated.",multi_tap,"C,D",The Kissing Booth,Red Notice,KPop Demon Hunters,The Sea Beast,Enola Holmes,Don't Look Up,Quizsentials,,False,6 Jul 2026,Bonus Round - 10 Multi Tap Questions.sqt,1,6 Jul 2026
Tap only the items that can be used as weapons in Mario Kart.,multi_tap,"A,B,D,E",Green shell,Banana,Water cannon,Red shell,Spiny shell,Spear,Quizsentials,,False,24 Apr 2026,Bonus Round - 10 Multi Tap Questions.sqt,1,24 Apr 2026
Tap only the characters who have been portrayed on film by Robert De Niro?,multi_tap,"B,C,E,F",Bernie Focker,Jake LaMotta,Travis Bickle,Jack Torrance,Rupert Pupkin,Vito Corleone,Quizsentials,,False,24 Apr 2026,Bonus Round - 10 Multi Tap Questions.sqt,1,24 Apr 2026
"Of the US states listed here, tap only the ones that border neither the ocean nor another country.",multi_tap,"A,B,C,D,E,F",Kansas,Colorado,Missouri,Nevada,South Dakota,Oklahoma,Quizsentials,,False,24 Apr 2026,Bonus Round - 10 Multi Tap Questions.sqt,2,24 Apr 2026
Tap only the characters from 'Grey's Anatomy'.,multi_tap,"D,E,F",John Carter,Doug Ross,Abby Lockhart,Derek Shepherd,Meredith Grey,Cristina Yang,Quizsentials,,False,24 Apr 2026,Bonus Round - 10 Multi Tap Questions.sqt,2,24 Apr 2026
"Of the movies listed here, tap only the ones that Elvis Presley starred in.",multi_tap,"B,D,F",West Side Story,Love Me Tender,Grease,Jailhouse Rock,The Blues Brothers,Viva Las Vegas,Quizsentials,,False,24 Apr 2026,Bonus Round - 10 Multi Tap Questions.sqt,1,24 Apr 2026
Tap only the albums that were released in the 2000s.,multi_tap,"D,F","All Eyez On Me, by 2pac","The Miseducation of Lauryn Hill, by Lauryn Hill","Illmatic, by Nas","Come Away With Me, by Norah Jones","Jagged Little Pill, bv Alanis Morissette","Back to Black, by Amy Winehouse",Quizsentials,,False,3 Dec 2025,Bonus Round - 10 Multi Tap Questions.sqt,1,3 Dec 2025
"Of these novels, tap only the ones by Jane Austen.",multi_tap,"A,B,D,F",Frederic & Elfrida,Pride and Prejudice,Jane Eyre,Mansfield Park,Wuthering Heights,Sense and Sensibility,Quizsentials,,False,3 Dec 2025,Bonus Round - 10 Multi Tap Questions.sqt,1,3 Dec 2025
Tap only the films starring Jake Gyllenhaal.,multi_tap,"B,D,F",Oppenheimer,Donnie Darko,Deadpool 2,Brokeback Mountain,The Martian,Nightcrawler,Quizsentials,,False,3 Dec 2025,Bonus Round - 10 Multi Tap Questions.sqt,1,3 Dec 2025
Tap only the events that feature in men's artistic gymnastics at the Olympics.,multi_tap,"A,B,C,D,E",Floor exercise,Pommel horse,Vault,Still rings,Parallel bars,Uneven bars,Quizsentials,,False,3 Dec 2025,Bonus Round - 10 Multi Tap Questions.sqt,1,3 Dec 2025
Tap only the countries in which they drive on the left hand side of the road.,multi_tap,"A,D",Australia,Brazil,Canada,Japan,Mexico,Russia,Quizsentials,,False,3 Dec 2025,Bonus Round - 10 Multi Tap Questions.sqt,1,3 Dec 2025
"Of the islands listed here, tap only the ones belonging to France.",multi_tap,"B,D",Sardinia,Corsica,Crete,Martinique,Madagascar,Corfu,Quizsentials,,False,2 Dec 2025,Bonus Round - 10 Multi Tap Questions.sqt,1,2 Dec 2025
Tap the things in cricket that the word 'wicket' can refer to.,multi_tap,"A,B,C",The pitch,The stumps and bails at one end,The dismissal of a batter,The boundary,The box that balls are kept in,A type of delivery,Quizsentials,,False,2 Dec 2025,Bonus Round - 10 Multi Tap Questions.sqt,1,2 Dec 2025
Tap only the music streaming services.,multi_tap,"B,C,E",Shopify,Spotify,Apple Music,Apple Musak,Deezer,Geezer,Quizsentials,,False,2 Dec 2025,Bonus Round - 10 Multi Tap Questions.sqt,1,2 Dec 2025
Tap only the Irish celebrities.,multi_tap,"C,D,E",Ewan McGregor,Gerard Butler,Brendan Gleeson,Pierce Brosnan,Sinéad O'Connor,Calvin Harris,Quizsentials,,False,2 Dec 2025,Bonus Round - 10 Multi Tap Questions.sqt,1,2 Dec 2025
Tap only the artists whose debut solo albums were released in the 2020s.,multi_tap,"B,C,F",Sabrina Carpenter,Olivia Rodrigo,Chappell Roan,Ariana Grande,Charli XCX,Ice Spice,Quizsentials,,False,2 Dec 2025,Bonus Round - 10 Multi Tap Questions.sqt,1,2 Dec 2025
Tap only the films that were directed by Martin Scorsese AND starred Robert De Niro.,multi_tap,"B,D,E,F",The Departed,The Irishman,The Godfather Part II,Goodfellas,Taxi Driver,Casino,Quizsentials,,False,2 Dec 2025,Bonus Round - 10 Multi Tap Questions.sqt,1,2 Dec 2025
Tap only the names of recurring characters in the 'X Men' series (either bad guys or good guys).,multi_tap,"A,B,C,D,F",Professor X,Beast,Wolverine,Rogue,Sinestro,Nightcrawler,Quizsentials,,False,2 Dec 2025,Bonus Round - 10 Multi Tap Questions.sqt,1,2 Dec 2025
Tap only the catchphrases associated with wrestling legend John Cena.,multi_tap,"A,B,D","Hustle, loyalty, respect",You can't see me!,Come on down!,Never give up!,I love it when a plan comes together,Bazinga!,Quizsentials,,False,6 Mar 2026,Bonus Round - 10 Multi Tap Questions.sqt,1,6 Mar 2026
"Of the internet celebrity animals listed here, tap only the ones that are dogs.",multi_tap,"B,E,F",Moo deng,Jiffpom,Pesto,Harambe,Doug the pug,Tuna melts my heart,Quizsentials,,False,6 Mar 2026,Bonus Round - 10 Multi Tap Questions.sqt,2,18 Apr 2025
Tap only the foods whose traditional recipes are suitable for vegetarians.,multi_tap,"A,B,E",Sauerkraut,Falafel,Black pudding,Haggis,Lentil soup,Shepherd's pie,Quizsentials,,False,6 Mar 2026,Bonus Round - 10 Multi Tap Questions.sqt,2,18 Apr 2025
"Of the rappers listed here, tap only the ones who died in their 20s.",multi_tap,"A,B,C,D,E,F",Mac Miller,Pop Smoke,Lil Peep,Notorious B.I.G.,XXXTentacion,2Pac,Quizsentials,,False,6 Mar 2026,Bonus Round - 10 Multi Tap Questions.sqt,1,6 Mar 2026
"Tap only the countries that are on the northern coast of Africa, bordering the Mediterranean Sea.",multi_tap,"A,B,D,E,F",Morocco,Egypt,Sudan,Libya,Algeria,Tunisia,Quizsentials,,False,6 Mar 2026,Bonus Round - 10 Multi Tap Questions.sqt,1,6 Mar 2026
Tap only the words that are pronounced the same as another word on the list.,multi_tap,"A,C,D,E,F",Rein,Easel,Isle,Aisle,Rain,Reign,Quizsentials,,False,23 Aug 2026,Bonus Round - 10 Multi Tap Questions.sqt,1,23 Aug 2026
"Of the film titles listed here, tap only the ones in which the missing colour is 'Red'.",multi_tap,"B,E",The __ Mile,The Hunt for __ October,__ Hawk Down,Fried __ Tomatoes,__ Riding Hood,__ Jasmine,Quizsentials,,False,23 Aug 2026,Bonus Round - 10 Multi Tap Questions.sqt,1,23 Aug 2026
Tap only the names of characters from 'Brooklyn Nine-Nine'.,multi_tap,"B,C,D,E",Dana Scully,Amy Santiago,Raymond Holt,Charles Boyle,Rosa Diaz,Fox Mulder,Quizsentials,,False,23 Aug 2026,Bonus Round - 10 Multi Tap Questions.sqt,1,23 Aug 2026
Tap only the song titles in which the missing word is 'Star'.,multi_tap,"A,B,D","__gazing, by Myles Smith","__boy, by The Weeknd","__flower, by Post Malone","__ships, by Nicki Minaj","__roof, by Nicky Youre","__light, by Kali Uchis",Quizsentials,,False,23 Aug 2026,Bonus Round - 10 Multi Tap Questions.sqt,1,23 Aug 2026
"Of the chemical symbols listed here, tap only the ones whose corresponding element begins with a vowel.",multi_tap,E,Sn,Au,Hg,Ne,Fe,Zn,Quizsentials,,False,23 Aug 2026,Bonus Round - 10 Multi Tap Questions.sqt,1,23 Aug 2026
Tap only the cities that are the capital of a country beginning with the letter 'L'.,multi_tap,"B,D",Astana,Riga,Nairobi,Beirut,Bishkek,Pristina,Quizsentials,,False,23 Aug 2026,Bonus Round - 10 Multi Tap Questions.sqt,1,23 Aug 2026
Tap only the subtitles of video games in the 'Grand Theft Auto' series.,multi_tap,"B,E",New Vegas,Vice City,Wild Hunt,New Horizons,San Andreas,Breath of the Wild,Quizsentials,,False,23 Aug 2026,Bonus Round - 10 Multi Tap Questions.sqt,1,23 Aug 2026
"Of these alcoholic drink brands, tap only the ones that are liqueurs.",multi_tap,"B,C,E,F",Jack Daniel's,Jägermeister,Cointreau,Bacardi,Disaronno,Southern Comfort,Quizsentials,,False,23 Aug 2026,Bonus Round - 10 Multi Tap Questions.sqt,1,23 Aug 2026
"Of these musicians, tap only the ones from Africa.",multi_tap,"A,D",Burna Boy,Bad Bunny,J Balvin,Tyla,Karol G,Rosé,Quizsentials,,False,17 Aug 2026,Bonus Round - 10 Multi Tap Questions.sqt,1,17 Aug 2026
Tap only the people who appeared in the 2023 movie 'Barbie'.,multi_tap,"A,C,D,F",Dua Lipa,Emma Stone,Margot Robbie,Ryan Gosling,Jennifer Lawrence,Will Ferrell,Quizsentials,,False,17 Aug 2026,Bonus Round - 10 Multi Tap Questions.sqt,1,17 Aug 2026
"Of the mythological figures listed here, tap only the ones who were in the Trojan War.",multi_tap,"B,D",Thor,Achilles,Heracles,Odysseus,Anubis,Medusa,Quizsentials,,False,17 Aug 2026,Bonus Round - 10 Multi Tap Questions.sqt,1,17 Aug 2026
Tap only the TV shows created or co-created by Seth MacFarlane.,multi_tap,"A,B,C,E",Family Guy,The Orville,The Cleveland Show,Futurama,American Dad,Rick and Morty,Quizsentials,,False,17 Aug 2026,Bonus Round - 10 Multi Tap Questions.sqt,1,17 Aug 2026
"Of the scientists listed here, tap only the ones known for their major discoveries in physics.",multi_tap,"A,C,D",Albert Einstein,Dmitri Mendeleev,Isaac Newton,Stephen Hawking,Gregor Mendel,Charles Darwin,Quizsentials,,False,17 Aug 2026,Bonus Round - 10 Multi Tap Questions.sqt,1,17 Aug 2026
"Of these popular YouTube videos, tap only the ones released before 2010.",multi_tap,"A,C",Charlie Bit My Finger,Despacito,Sneezing Baby Panda,Damn Daniel,Baby Shark Dance,Gangnam Style,Quizsentials,,False,17 Aug 2026,Bonus Round - 10 Multi Tap Questions.sqt,1,17 Aug 2026
Tap only the words that can be followed by 'knife' to make the name of a kitchen utensil.,multi_tap,"A,B,C,D",Bread,Fish,Boning,Paring,Tea,Demitasse,Quizsentials,,False,17 Aug 2026,Bonus Round - 10 Multi Tap Questions.sqt,1,17 Aug 2026
"Tap only the song titles in which the missing word is 'Mind', as opposed to 'Body'.",multi_tap,"A,B,C","Where is My __?, by Pixies","Read My __, by Killers","Let Me Blow Ya __, by Eve","Rock Your __, by Justin Timberlake","Touch My __, by Mariah Carey","Your __ is a Wonderland, by John Mayer",Quizsentials,,False,17 Aug 2026,Bonus Round - 10 Multi Tap Questions.sqt,1,17 Aug 2026
Tap only the musicians who are in Metallica.,multi_tap,"A,C,F",Kirk Hammett,Dave Grohl,James Hetfield,Fred Durst,Flea,Lars Ulrich,Quizsentials,,False,16 Aug 2026,Bonus Round - 10 Multi Tap Questions.sqt,1,16 Aug 2026
Tap only the names of Microsoft software.,multi_tap,"A,D,E",Teams,Sheets,Gmail,Office,Outlook,FaceTime,Quizsentials,,False,16 Aug 2026,Bonus Round - 10 Multi Tap Questions.sqt,1,16 Aug 2026
Tap only the TV shows that star Jenna Ortega.,multi_tap,"C,D",Stranger Things,Euphoria,Wednesday,You,Severance,The Boys,Quizsentials,,False,16 Aug 2026,Bonus Round - 10 Multi Tap Questions.sqt,1,16 Aug 2026
Tap only the movies that starred Sylvester Stallone.,multi_tap,"B,C,E,F",Predator,Demolition Man,Rambo,The Terminator,Rocky,Cliffhanger,Quizsentials,,False,16 Aug 2026,Bonus Round - 10 Multi Tap Questions.sqt,1,16 Aug 2026
Barack Obama was 49 years old when he became US president. Tap only the presidents who were younger than him when they were inaugurated.,multi_tap,"B,C",Donald Trump,John F. Kennedy,Bill Clinton,Joe Biden,Richard Nixon,Dwight D. Eisenhower,Quizsentials,,False,16 Aug 2026,Bonus Round - 10 Multi Tap Questions.sqt,1,16 Aug 2026
"Of the religions listed here, tap only the ones that are practised by more than 10% of the population of India.",multi_tap,"A,D",Hinduism,Sikhism,Buddhism,Islam,Christianity,Judaism,Quizsentials,,False,16 Aug 2026,Bonus Round - 10 Multi Tap Questions.sqt,1,16 Aug 2026
"Popular on TikTok, US singer-songwriter Role Model frequently goes viral for bringing celebrities on stage to sing his song 'Sally, When the Wine Runs Out'. Tap only the celebrities who have taken part.",multi_tap,"A,B,C,D,E,F",Lewis Capaldi,Olivia Rodrigo,Troye Sivan,Natalie Portman,Niall Horan,Charli XCX,Quizsentials,,False,10 Apr 2026,Bonus Round - 10 Multi Tap Questions.sqt,1,10 Apr 2026
"In the traditional versions of these fairy tales, tap only the ones that involve a witch.",multi_tap,"C,E",Jack and the Beanstalk,Rumpelstiltskin,Hansel and Gretel,Little Red Riding Hood,Rapunzel,Goldilocks,Quizsentials,,False,10 Apr 2026,Bonus Round - 10 Multi Tap Questions.sqt,1,10 Apr 2026
Tap only the actors who have portrayed boxers in at least one film.,multi_tap,"A,B,C,D,E,F",Mark Wahlberg,Sylvester Stallone,Robert De Niro,Michael B. Jordan,Jake Gyllenhaal,Will Smith,Quizsentials,,False,10 Apr 2026,Bonus Round - 10 Multi Tap Questions.sqt,1,10 Apr 2026
Tap only the countries that share a land border with just one other country.,multi_tap,"A,B,E",Ireland,South Korea,Greece,Mexico,Portugal,Netherlands,Quizsentials,,False,10 Apr 2026,Bonus Round - 10 Multi Tap Questions.sqt,1,10 Apr 2026
"Of these Oscar winners, tap only those who have been guest stars or voiced characters in 'The Simpsons'.",multi_tap,"A,B,C,D,E,F",Mel Gibson,Meryl Streep,Elizabeth Taylor,Elton John,Reese Witherspoon,Dustin Hoffman,Quizsentials,,False,1 May 2026,Bonus Round - 10 Multi Tap Questions.sqt,1,1 May 2026
Tap only the films starring Steve Carell.,multi_tap,"C,D,E,F",Yes Man,Dumb and Dumber To,Anchorman: The Legend of Ron Burgundy,The 40-Year-Old Virgin,Evan Almighty,Anchorman 2: The Legend Continues,Quizsentials,,False,1 May 2026,Bonus Round - 10 Multi Tap Questions.sqt,1,1 May 2026
Tap only the people who have been a part of MrBeast's Beast Gang.,multi_tap,"A,B,C,D,E,F",Chandler Hallow,Karl Jacobs,Nolan Hansen,Jake the Viking,Tyler Conklin,Tareq Salameh,Quizsentials,,False,1 May 2026,Bonus Round - 10 Multi Tap Questions.sqt,1,1 May 2026
Tap only the names of models of car produced by SEAT.,multi_tap,"A,B,C,D,E,F",Ateca,Ibiza,Leon,Toledo,Alhambra,Tarraco,Quizsentials,,False,1 May 2026,Bonus Round - 10 Multi Tap Questions.sqt,1,1 May 2026
"Of these wrestlers and former wrestlers, tap only the ones who were born in the USA.",multi_tap,"B,C,D",Andre the Giant,Triple H,Dwayne 'The Rock' Johnson,Big Show,Sheamus,Drew McIntyre,Quizsentials,,False,1 May 2026,Bonus Round - 10 Multi Tap Questions.sqt,1,1 May 2026
"Of these European countries, tap only the ones that have territories outside of the continent of Europe.",multi_tap,"A,B,C,D,E",United Kingdom,France,Denmark,Netherlands,Spain,Germany,Quizsentials,,False,8 Apr 2026,Bonus Round - 10 Multi Tap Questions.sqt,1,8 Apr 2026
"Of the singers listed here, tap only the ones that first found fame in a band or group.",multi_tap,"A,C,D,F",Justin Timberlake,Madonna,Beyoncé,Harry Styles,Billie Eilish,Sting,Quizsentials,,False,8 Apr 2026,Bonus Round - 10 Multi Tap Questions.sqt,1,8 Apr 2026
Tap only the things that could happen if you leave a metal fork in the microwave when you're reheating food?,multi_tap,"B,C,D,F",The fork will melt,It might start a fire,The food won't be evenly heated,The microwave might be damaged,The food will taste more peppery,Sparks might fly in the microwave,Quizsentials,,False,8 Apr 2026,Bonus Round - 10 Multi Tap Questions.sqt,2,1 Jun 2025
Tap only the movies that starred both Tom Hanks and Meg Ryan.,multi_tap,"A,E,F",Sleepless in Seattle,The Money Pit,When Harry Met Sally,City of Angels,You've Got Mail,Joe Versus the Volcano,Quizsentials,,False,8 Apr 2026,Bonus Round - 10 Multi Tap Questions.sqt,1,8 Apr 2026
Tap only the letters that appear twice or more in the name of the actor David Hasselhoff.,multi_tap,"A,B,E,F",A,D,I,E,F,H,Quizsentials,,False,8 Apr 2026,Bonus Round - 10 Multi Tap Questions.sqt,2,16 Mar 2025
Tap only the titles of games in the 'Legend of Zelda' series.,multi_tap,"A,D,E,F",Ocarina of Time,Wild Hunt,Assassins of Kings,Breath of the Wild,Tears of the Kingdom,Skyward Sword,Quizsentials,,False,8 Apr 2026,Bonus Round - 10 Multi Tap Questions.sqt,1,8 Apr 2026
"Of the US states listed here, tap only the ones that are considered to be in the Midwest?",multi_tap,"B,D,E,F",Oklahoma,Kansas,Tennessee,Illinois,Indiana,Michigan,Quizsentials,,False,8 Apr 2026,Bonus Round - 10 Multi Tap Questions.sqt,1,8 Apr 2026
"Of the types of glassware listed here, tap only the ones that typically have a stem?",multi_tap,"A,B,F",Champagne flute,Martini glass,Highball,Beer stein,Shot glass,Brandy glass,Quizsentials,,False,8 Apr 2026,Bonus Round - 10 Multi Tap Questions.sqt,1,8 Apr 2026
Tap only the common computer file extensions used for simple or formatted text.,multi_tap,"B,C",.mp1,.txt,.doc,.wma,.mp2,.mov,Quizsentials,,False,9 Apr 2026,Bonus Round - 10 Multi Tap Questions.sqt,1,9 Apr 2026
Tap only the names of birds.,multi_tap,"A,B,D",Nightingale,Nightjar,Nightcrawler,Nighthawk,Nightshade,Nightnurse,Quizsentials,,False,9 Apr 2026,Bonus Round - 10 Multi Tap Questions.sqt,1,9 Apr 2026
"Of the capital cities listed here, tap only the ones whose corresponding country begins with a vowel.",multi_tap,"A,C,D",Tallinn,Prague,Vienna,Tirana,Amsterdam,Bucharest,Quizsentials,,False,9 Apr 2026,Bonus Round - 10 Multi Tap Questions.sqt,1,9 Apr 2026
"Of these war films, tap only the ones that were about World War Two.",multi_tap,"A,B,D,E,F",The Bridge On the River Kwai,The Great Escape,Apocalypse Now,Where Eagles Dare,Saving Private Ryan,Inglourious Basterds,Quizsentials,,False,9 Apr 2026,Bonus Round - 10 Multi Tap Questions.sqt,1,9 Apr 2026
"Tap only the things you're supposed to ""blame it on"" in the chorus of a famous song by The Jacksons.",multi_tap,E,Women,The sunshine,The moonlight,The good times,The boogie,The government,Quizsentials,,False,9 Apr 2026,Bonus Round - 10 Multi Tap Questions.sqt,1,9 Apr 2026
"Of the beauty brands listed here, tap only the ones founded before the year 2000.",multi_tap,"A,D,F",Elizabeth Arden,Rare Beauty,Nudestix,Max Factor,Fenty Beauty,Maybelline,Quizsentials,,False,3 Jun 2026,Bonus Round - 10 Multi Tap Questions.sqt,1,3 Jun 2026
Tap only the celebrities that use their real first name as their stage name.,multi_tap,"B,C,D,E",Rihanna,Beyoncé,Zendaya,Adele,Shakira,Drake,Quizsentials,,False,3 Jun 2026,Bonus Round - 10 Multi Tap Questions.sqt,2,23 Mar 2025
"Of the 'Parks and Recreation' characters listed here, tap only the ones who dated Ann Perkins.",multi_tap,"B,D,F",Ben Wyatt,Tom Haverford,Ron Swanson,Andy Dwyer,Jerry Gergich,Mark Brendanawicz,Quizsentials,,False,3 Jun 2026,Bonus Round - 10 Multi Tap Questions.sqt,1,3 Jun 2026
Tap only the balls that are known as the 'baulk colours' in snooker.,multi_tap,"A,C,F",Yellow,Black,Brown,Pink,Blue,Green,Quizsentials,,False,3 Jun 2026,Bonus Round - 10 Multi Tap Questions.sqt,1,3 Jun 2026
Tap only the planets that NASA has reportedly landed spacecraft on.,multi_tap,"B,F",Jupiter,Mars,Mercury,Saturn,Uranus,Venus,Quizsentials,,False,3 Jun 2026,Bonus Round - 10 Multi Tap Questions.sqt,1,3 Jun 2026
"Of these fictional vehicles, tap only the ones with two wheels.",multi_tap,C,Mystery Machine,Lightning McQueen,Batman's Batpod,Doc Brown's DeLorean,Herbie,Hogwarts Express,Quizsentials,,False,3 Jun 2026,Bonus Round - 10 Multi Tap Questions.sqt,1,3 Jun 2026
Tap only the authors who are best known for whodunits.,multi_tap,D,Margaret Atwood,Charles Dickens,JK Rowling,Agatha Christie,Stephen King,Jane Austen,Quizsentials,,False,3 Jun 2026,Bonus Round - 10 Multi Tap Questions.sqt,1,3 Jun 2026
Tap only the US states that have a coast on the Gulf of Mexico (aka the Gulf of America).,multi_tap,"A,B,C,D,E",Texas,Mississippi,Florida,Louisiana,Alabama,Georgia,Quizsentials,,False,3 Jun 2026,Bonus Round - 10 Multi Tap Questions.sqt,2,23 Mar 2025
Tap only the films starring Benedict Cumberbatch.,multi_tap,"A,C,D,E,F",Doctor Strange,Sherlock Holmes,The Imitation Game,The Hobbit: The Desolation of Smaug,Star Trek Into Darkness,War Horse,Quizsentials,,False,2 Jun 2026,Bonus Round - 10 Multi Tap Questions.sqt,1,2 Jun 2026
"Of these handbags, tap only the ones made by Gucci.",multi_tap,"A,C,F",Jackie,Baguette,Diana,Kelly,First,Bamboo 1947,Quizsentials,,False,2 Jun 2026,Bonus Round - 10 Multi Tap Questions.sqt,1,2 Jun 2026
"Of the sitcoms listed here, tap the ones that are in a mockumentary style format and feature characters talking directly to camera.",multi_tap,"A,B,C,E",Modern Family,The Office,Parks and Recreation,Brooklyn Nine-Nine,Abbott Elementary,How I Met Your Mother,Quizsentials,,False,2 Jun 2026,Bonus Round - 10 Multi Tap Questions.sqt,1,2 Jun 2026
Tap only the homophones.,multi_tap,"C,E",Break and broken,Beach and bleach,Bean and been,Bad and worse,Genes and jeans,Farther and further,Quizsentials,,False,2 Jun 2026,Bonus Round - 10 Multi Tap Questions.sqt,1,2 Jun 2026
Tap only the names that feature in the NATO phonetic alphabet.,multi_tap,"C,D",Oliver,Simon,Mike,Romeo,Norman,Chandler,Quizsentials,,False,2 Jun 2026,Bonus Round - 10 Multi Tap Questions.sqt,1,2 Jun 2026
Tap only the cities whose NFL franchises have an alliterative name.,multi_tap,"D,F",Dallas,Chicago,Denver,Buffalo,New Orleans,Jacksonville,Quizsentials,,False,2 Jun 2026,Bonus Round - 10 Multi Tap Questions.sqt,2,31 May 2026
"Tap the tennis tournaments that are played on hard courts, as opposed to grass or clay.",multi_tap,"B,D,F",French Open,US Open,Italian Open,Australian Open,Wimbledon,ATP Finals,Quizsentials,,False,2 Jun 2026,Bonus Round - 10 Multi Tap Questions.sqt,1,2 Jun 2026
"Of the Disney+ shows listed here, tap only the ones in the 'Star Wars' universe.",multi_tap,"A,D",Andor,Moon Knight,Secret Invasion,The Book of Boba Fett,Hawkeye,Wonder Man,Quizsentials,,False,2 Jun 2026,Bonus Round - 10 Multi Tap Questions.sqt,1,2 Jun 2026
"Of these Premier League legends, tap only the ones who played for France.",multi_tap,"A,B,D,E",Thierry Henry,Patrick Vieira,Gianfranco Zola,Eric Cantona,David Ginola,David Silva,Quizsentials,,False,2 Jun 2026,Bonus Round - 10 Multi Tap Questions.sqt,2,6 Aug 2025
"Of these British royal consorts (spouse of the monarch), tap only the ones who held the position during the 20th century.",multi_tap,"A,D",Prince Philip,Prince Albert,Queen Camilla,Queen Elizabeth (the Queen Mother),Queen Adelaide,Queen Wilhelmina,Quizsentials,,False,19 May 2026,Bonus Round - 10 Multi Tap Questions.sqt,1,19 May 2026
Tap only the animals that are known to be able to run at 50mph or faster.,multi_tap,"A,D,E",Cheetahs,Humans,Elephants,Pronghorn antelopes,Wildebeests,Jackals,Quizsentials,,False,19 May 2026,Bonus Round - 10 Multi Tap Questions.sqt,1,19 May 2026
"Released between 1937 and 1940, tap the titles of Disney's first three animated films.",multi_tap,"A,D,E",Snow White and the Seven Dwarfs,Bambi,Cinderella,Pinocchio,Fantasia,The Lion King,Quizsentials,,False,19 May 2026,Bonus Round - 10 Multi Tap Questions.sqt,1,19 May 2026
Tap only the colours of the five Olympic rings.,multi_tap,"A,B,C,D,F",Blue,Yellow,Black,Green,Purple,Red,Quizsentials,,False,19 May 2026,Bonus Round - 10 Multi Tap Questions.sqt,1,19 May 2026
"Of the conflicts listed here, tap only the ones in which the United States and Great Britain were enemies.",multi_tap,"D,F",World War One,World War Two,Korean War,War of 1812,Gulf War,American Revolutionary War,Quizsentials,,False,19 May 2026,Bonus Round - 10 Multi Tap Questions.sqt,1,19 May 2026
"Of the footwear brands listed here, tap only the ones considered high-end or luxury.",multi_tap,"B,D",Skechers,Jimmy Choo,Crocs,Christian Louboutin,Birkenstock,UGG,Quizsentials,,False,19 May 2026,Bonus Round - 10 Multi Tap Questions.sqt,1,19 May 2026
"Of these TV shows, tap only the ones that starred Steve Carrell.",multi_tap,F,Young Sheldon,Atlanta,Schitt's Creek,Veep,Arrested Development,The Office (US),Quizsentials,,False,19 May 2026,Bonus Round - 10 Multi Tap Questions.sqt,1,19 May 2026
"In western astrology, the star signs are split into three 'modalities'. Tap the four that are in the 'cardinal' modality, meaning they are leaders or trailblazers.",multi_tap,"B,C,E,F",Sagittarius,Capricorn,Libra,Gemini,Cancer,Aries,Quizsentials,,False,19 May 2026,Bonus Round - 10 Multi Tap Questions.sqt,1,19 May 2026
"Of the famous writers listed here, tap only the ones born in Ireland.",multi_tap,"A,B,E,F",Sally Rooney,James Joyce,George Orwell,Rudyard Kipling,Oscar Wilde,Bram Stoker,Quizsentials,,False,18 Jan 2026,Bonus Round - 10 Multi Tap Questions.sqt,1,18 Jan 2026
"Of these metals, tap only the ones that are among the ten most reactive in the reactivity series.",multi_tap,"B,C,D",Platinum,Potassium,Sodium,Calcium,Gold,Lead,Quizsentials,,False,18 Jan 2026,Bonus Round - 10 Multi Tap Questions.sqt,1,18 Jan 2026
Tap only the countries that border Egypt.,multi_tap,"D,E",Ethiopia,Uganda,Morocco,Sudan,Libya,Chad,Quizsentials,,False,18 Jan 2026,Bonus Round - 10 Multi Tap Questions.sqt,1,18 Jan 2026
Tap only the names of Kim Kardashian's daughters.,multi_tap,"B,E",Khloé,Chicago,Kandi,Apple,North,Maureen,Quizsentials,,False,18 Jan 2026,Bonus Round - 10 Multi Tap Questions.sqt,1,18 Jan 2026
Tap only the names of Tom Cruise characters.,multi_tap,"A,B,D,F",Charlie Babbitt,Ethan Hunt,Jack Slater,Jerry Maguire,Jim Lovell,Ron Kovic,Quizsentials,,False,18 Jan 2026,Bonus Round - 10 Multi Tap Questions.sqt,1,18 Jan 2026
Tap only the albums that were released in the '80s.,multi_tap,"A,C,D,E","Thriller, by Michael Jackson","What's Going On, by Marvin Gaye","Hysteria, by Def Leppard","Graceland, by Paul Simon","Purple Rain, by Prince","Hunky Dory, by David Bowie",Quizsentials,,False,18 Jan 2026,Bonus Round - 10 Multi Tap Questions.sqt,1,18 Jan 2026
Tap only the songs that were released by Prince.,multi_tap,"A,B,D,E",Purple Rain,Raspberry Beret,Another One Bites the Dust,The Most Beautiful Girl in the World,Sign O The Times,Dirty Diana,Quizsentials,,False,18 Jan 2026,Bonus Round - 10 Multi Tap Questions.sqt,1,18 Jan 2026
"Of these French words for relatives, tap only the ones who are male.",multi_tap,"B,C,D",Soeur,Frère,Oncle,Neveu,Tante,Mère,Quizsentials,,False,15 Jul 2026,Bonus Round - 10 Multi Tap Questions.sqt,1,15 Jul 2026
"Of these 'Superman' characters, tap only the ones who are known for working at the Daily Planet newspaper.",multi_tap,"A,B,D,F",Clark Kent,Lois Lane,Lex Luthor,Jimmy Olsen,Martha Kent,Perry White,Quizsentials,,False,15 Jul 2026,Bonus Round - 10 Multi Tap Questions.sqt,1,15 Jul 2026
"Of these TV shows, tap only the ones that feature the lead character's name in the title.",multi_tap,"B,C,D,F",Santa Clarita Diet,Grey's Anatomy,House,Columbo,Westworld,Knight Rider,Quizsentials,,False,15 Jul 2026,Bonus Round - 10 Multi Tap Questions.sqt,1,15 Jul 2026
Tap only the coffee drinks that are typically served hot.,multi_tap,"C,D,E",Frappé,Frappuccino,Cappuccino,Mocha,Cortado,Espresso martini,Quizsentials,,False,15 Jul 2026,Bonus Round - 10 Multi Tap Questions.sqt,2,13 Jun 2025
"Of the football leagues listed here, tap only the ones Cristiano Ronaldo has played in.",multi_tap,"A,C,D,E",Serie A (Italy),Ligue 1 (France),Premier League (England),Saudi Pro League (Saudi Arabia),LaLiga (Spain),MLS (USA/Canada),Quizsentials,,False,15 Jul 2026,Bonus Round - 10 Multi Tap Questions.sqt,1,15 Jul 2026
Tap only the names of martial arts.,multi_tap,"B,D,F",Origami,Taekwondo,Bonsai,Kung Fu,Cribbage,Karate,Quizsentials,,False,15 Jul 2026,Bonus Round - 10 Multi Tap Questions.sqt,1,15 Jul 2026
"Of the songs listed here, tap only the ones by Fall Out Boy.",multi_tap,"A,B","Sugar, We're Goin' Down","This Ain't a Scene, It's an Arms Race",All the Small Things,I Miss You,What's My Age Again?,Adam's Song,Quizsentials,,False,15 Jul 2026,Bonus Round - 10 Multi Tap Questions.sqt,1,15 Jul 2026
Tap only the religions that were founded in Asia.,multi_tap,"A,B,C,D,E,F",Hinduism,Buddhism,Sikhism,Islam,Judaism,Taoism,Quizsentials,,False,15 Jul 2026,Bonus Round - 10 Multi Tap Questions.sqt,1,15 Jul 2026
"Of these Australian animals, tap only the ones that typically weigh less than a koala.",multi_tap,"D,E",Saltwater crocodile,Emu,Red kangaroo,Lesser long-eared bat,Sugar glider,Dingo,Quizsentials,,False,15 Jul 2026,Bonus Round - 10 Multi Tap Questions.sqt,1,15 Jul 2026
Tap only the events that happened after the outbreak of Covid-19.,multi_tap,"A,B,E",PS5 and Xbox Series X were released,'Wednesday' began airing on Netflix,Arnold Schwarzenegger replaced Donald Trump on 'The Apprentice',Leonardo DiCaprio won his first Oscar,US withdrew all troops from Afghanistan,Michael Phelps won his 23rd and final Olympic gold,Quizsentials,,False,28 Aug 2026,Bonus Round - 10 Multi Tap Questions.sqt,1,28 Aug 2026
"Of the TV shows listed here, tap only the ones predominantly set in the UK.",multi_tap,A,Slow Horses,Severance,A Knight of the Seven Kingdoms,The Queen's Gambit,The Boys,Yellowjackets,Quizsentials,,False,28 Aug 2026,Bonus Round - 10 Multi Tap Questions.sqt,1,28 Aug 2026
Tap only the names of Hawaiian islands.,multi_tap,"A,C,D",Hawaii,Samoa,Maui,Oahu,Tahiti,Iwo Jima,Quizsentials,,False,28 Aug 2026,Bonus Round - 10 Multi Tap Questions.sqt,2,13 Jun 2025
Tap only the films that are about the Second World War.,multi_tap,"A,C",The Eagle Has Landed,The French Connection,Inglourious Basterds,1917,Platoon,The Lighthouse,Quizsentials,,False,28 Aug 2026,Bonus Round - 10 Multi Tap Questions.sqt,1,28 Aug 2026
Tap only the subtitles of video games in 'The Elder Scrolls' series.,multi_tap,"B,D",Expedition 33,Skyrim,Ragnarok,Oblivion,Valhalla,The Third Age,Quizsentials,,False,28 Aug 2026,Bonus Round - 10 Multi Tap Questions.sqt,1,28 Aug 2026
"Of the historical TV shows listed here, tap only the ones primarily set in Europe.",multi_tap,"B,D",Shogun,Vikings,Marco Polo,The Last Kingdom,Roots,John Adams,Quizsentials,,False,28 Aug 2026,Bonus Round - 10 Multi Tap Questions.sqt,1,28 Aug 2026
Tap only the names of furniture items.,multi_tap,"A,B,C,D,E,F",Chauffeuse,Bergère,Commode,Armoire,Chaise Longue,Secrétaire,Quizsentials,,False,28 Aug 2026,Bonus Round - 10 Multi Tap Questions.sqt,1,28 Aug 2026
Tap only the real breeds of dog.,multi_tap,"A,C,D",Border Collie,Hill Collie,Rough Collie,Bearded Collie,Tibetan Collie,Giant Collie,Quizsentials,,False,25 Jun 2026,Bonus Round - 10 Multi Tap Questions.sqt,1,25 Jun 2026
Tap only the mythological creatures that have the legs of a human.,multi_tap,A,Minotaur,Faun,Centaur,Sphinx,Pegasus,Cockatrice,Quizsentials,,False,25 Jun 2026,Bonus Round - 10 Multi Tap Questions.sqt,1,25 Jun 2026
"Of the TV duos listed here, tap only the ones who at some point hooked up or were romantically involved.",multi_tap,"A,B,E",Sculder and Mully in The X Files,Mike and Eleven in Stranger Things,Fred and Velma in Scooby-Doo,Cagney and Lacey,Jon Snow and Daenerys in Game of Thrones,Joey and Phoebe in Friends,Quizsentials,,False,25 Jun 2026,Bonus Round - 10 Multi Tap Questions.sqt,1,25 Jun 2026
Tap only the films starring Will Smith.,multi_tap,"A,B,C,F",Suicide Squad,Men in Black 3,Emancipation,The Avengers,Thor,I Am Legend,Quizsentials,,False,25 Jun 2026,Bonus Round - 10 Multi Tap Questions.sqt,1,25 Jun 2026
Tap only the Sony-owned brands.,multi_tap,"A,C,E",Bravia,Galaxy,Vaio,Chrome,PlayStation,Xbox,Quizsentials,,False,25 Jun 2026,Bonus Round - 10 Multi Tap Questions.sqt,1,25 Jun 2026
Tap only the words that can follow 'eye' to make the names of cosmetic products.,multi_tap,"B,F",Milk,Liner,Fudge,Filling,Holes,Shadow,Quizsentials,,False,25 Jun 2026,Bonus Round - 10 Multi Tap Questions.sqt,1,25 Jun 2026
"Of the NFL teams listed here, tap only the ones in which the missing word begins with a 'B'.",multi_tap,"C,D,E",San __ 49ers,__ Texans,Green __ Packers,__ Bills,Tampa Bay __,__ Bengals,Quizsentials,,False,24 Jun 2026,Bonus Round - 10 Multi Tap Questions.sqt,1,24 Jun 2026
Tap only the fairy tales that traditionally feature a big bad wolf.,multi_tap,"C,D",Hansel and Gretel,The Ugly Duckling,Little Red Riding Hood,The Three Little Pigs,Jack and the Beanstalk,Goldilocks and the Three Bears,Quizsentials,,False,24 Jun 2026,Bonus Round - 10 Multi Tap Questions.sqt,1,24 Jun 2026
Tap only the items that are mentioned in the King James Version of the Bible.,multi_tap,"B,D",Flannel,Towel,Shampoo,Soap,Hairdryer,Toothbrush,Quizsentials,,False,24 Jun 2026,Bonus Round - 10 Multi Tap Questions.sqt,1,24 Jun 2026
Tap only the wedding anniversaries that correspond to a multiple of 10 years.,multi_tap,"D,E",Silver,Lace,Paper,Gold,Diamond,Wood,Quizsentials,,False,24 Jun 2026,Bonus Round - 10 Multi Tap Questions.sqt,1,24 Jun 2026
Tap only the words that are more often than not spelt differently in American English.,multi_tap,"A,B,D,E",Rumour,Archaeology,Television,Customise,Spelt,Advertise,Quizsentials,,False,24 Jun 2026,Bonus Round - 10 Multi Tap Questions.sqt,2,25 May 2025
"Of the dog breeds listed here, tap only the ones in which the missing word is 'Bull'?",multi_tap,"C,E",West Highland __ Terrier,English __ Spaniel,Staffordshire __ Terrier,Chesapeake __ Retriever,American Pit __ Terrier,West __ Laika,Quizsentials,,False,24 Jun 2026,Bonus Round - 10 Multi Tap Questions.sqt,1,24 Jun 2026
Tap only the versions of Barbie that featured in the 2023 film 'Barbie'.,multi_tap,"A,B,C,D,F",Lawyer Barbie,Weird Barbie,Dr Barbie,Journalist Barbie,Soccer Barbie,Mermaid Barbie,Quizsentials,,False,24 Jun 2026,Bonus Round - 10 Multi Tap Questions.sqt,1,24 Jun 2026
"Of the US TV shows listed here, tap only the police procedural shows.",multi_tap,"C,E",The Dukes of Hazzard,Seinfeld,Criminal Minds,Dawson's Creek,Hill Street Blues,Boy Meets World,Quizsentials,,False,24 Jun 2026,Bonus Round - 10 Multi Tap Questions.sqt,1,24 Jun 2026
Tap only the people who have fought Jake Paul in the boxing ring.,multi_tap,"A,C,E,F",Tommy Fury,Tyson Fury,Mike Tyson,KSI,Nate Diaz,Anthony Joshua,Quizsentials,,False,26 May 2026,Bonus Round - 10 Multi Tap Questions.sqt,1,26 May 2026
Tap only the names of main characters from the first season of 'The Walking Dead'.,multi_tap,A,Rick,Conrad,Moira,Alan,Jeffrey,Sheryl,Quizsentials,,False,26 May 2026,Bonus Round - 10 Multi Tap Questions.sqt,1,26 May 2026
Tap only the fictional characters who are typically seen with long hair.,multi_tap,"A,C,D,E,F",Rapunzel,Homer Simpson,Gandalf,Ariel,Cousin Itt,Rubeus Hagrid,Quizsentials,,False,26 May 2026,Bonus Round - 10 Multi Tap Questions.sqt,1,26 May 2026
Tap only the names of star constellations.,multi_tap,"A,B,D,F",Ursa Major,Orion,Sirius,Taurus,Venus,Gemini,Quizsentials,,False,26 May 2026,Bonus Round - 10 Multi Tap Questions.sqt,2,12 Jun 2025
Science question: tap only the terms for distinct parts of a shadow.,multi_tap,"B,C,D",Umbro,Umbra,Penumbra,Anteumbra,Preumbra,Transumbra,Quizsentials,,False,26 May 2026,Bonus Round - 10 Multi Tap Questions.sqt,1,26 May 2026
"Of these handbags, tap the ones produced by the French company Hermès.",multi_tap,"B,E",Baguette,Birkin,Classic Flap,Jackie,Kelly,Speedy,Quizsentials,,False,26 May 2026,Bonus Round - 10 Multi Tap Questions.sqt,1,26 May 2026
Tap only the video games in the 'Soulsborne' subgenre.,multi_tap,"A,C",Elden Ring,Mario Kart,Dark Souls,Grand Theft Auto,Minecraft,Pac-Man,Quizsentials,,False,27 May 2026,Bonus Round - 10 Multi Tap Questions.sqt,1,27 May 2026
Tap only the actors who starred in the Tarantino film 'Inglourious Basterds'.,multi_tap,"B,D,E,F",Bruce Willis,Brad Pitt,Tim Roth,Michael Fassbender,Eli Roth,Christoph Waltz,Quizsentials,,False,27 May 2026,Bonus Round - 10 Multi Tap Questions.sqt,1,27 May 2026
"Of the musicians listed here, tap only the ones that famously played drums.",multi_tap,"B,C,D,E",Axl Rose,Ringo Starr,Dave Grohl,Keith Moon,Travis Barker,Eric Clapton,Quizsentials,,False,27 May 2026,Bonus Round - 10 Multi Tap Questions.sqt,2,16 Mar 2025
"Of the breads listed here, tap only the ones that originated in Europe.",multi_tap,"D,F",Cornbread,Naan,Pita,Focaccia,Baozi (Bao buns),Baguette,Quizsentials,,False,27 May 2026,Bonus Round - 10 Multi Tap Questions.sqt,1,27 May 2026
"Of the movies listed here, tap only the ones that Tom Hanks acted in.",multi_tap,"A,C,D,F",Captain Phillips,Captain Corelli's Mandolin,Castaway,Forrest Gump,Ghost,Joe Versus the Volcano,Quizsentials,,False,27 May 2026,Bonus Round - 10 Multi Tap Questions.sqt,1,27 May 2026
Tap only the real names of Pokémon games.,multi_tap,"A,C,D,F",Pokémon Red,Pokémon Pink,Pokémon Yellow,Pokémon Silver,Pokémon Brown,Pokémon Blue,Quizsentials,,False,27 May 2026,Bonus Round - 10 Multi Tap Questions.sqt,1,27 May 2026
"With regard to the Premier League's official Fantasy Football competition, tap only the players who cost more than £10m at the start of the current season.",multi_tap,"C,E",Cole Palmer,Florian Wirtz,Erling Haaland,Bukayo Saka,Bruno Fernandes,Dominic Solanke,Quizsentials,,False,4 Sep 2026,Bonus Round - 10 Multi Tap Questions.sqt,1,4 Sep 2026
Tap only the 'Friends' characters who were single at the end of the final series.,multi_tap,C,Pheobe,Chandler,Joey,Monica,Rachel,Ross,Quizsentials,,False,4 Sep 2026,Bonus Round - 10 Multi Tap Questions.sqt,1,4 Sep 2026
"Of the bands listed here, tap only the ones in which the missing number is an odd number.",multi_tap,"A,C,D",Maroon __,Blink-__,__ Inch Nails,Grand Master Flash and the Furious __,__ Non Blondes,__ Seconds to Mars,Quizsentials,,False,4 Sep 2026,Bonus Round - 10 Multi Tap Questions.sqt,1,4 Sep 2026
"Tap only the TV shows that starred Alyson Hannigan, pictured here.",multi_tap,"D,E",Breaking Bad,The West Wing,Cheers,Buffy the Vampire Slayer,How I Met Your Mother,Yellowstone,Quizsentials,,False,4 Sep 2026,Bonus Round - 10 Multi Tap Questions.sqt,1,4 Sep 2026
"Going by how they are typically depicted, tap only the mythological creatures that can fly.",multi_tap,"B,C,D,E",Werewolf,Dragon,Pegasus,Griffin,Harpy,Mermaid,Quizsentials,,False,4 Sep 2026,Bonus Round - 10 Multi Tap Questions.sqt,2,17 Jul 2025
Tap only the Japanese video game companies.,multi_tap,"A,D,E",Nintendo,Activision Blizzard,Ubisoft,Konami,Bandai Namco,Epic Games,Quizsentials,,False,4 Sep 2026,Bonus Round - 10 Multi Tap Questions.sqt,1,4 Sep 2026
"Of the apostles listed here, tap only the ones who were fishermen.",multi_tap,"A,C,D,E",Peter,Judas,Andrew,James,John,Matthew,Quizsentials,,False,4 Sep 2026,Bonus Round - 10 Multi Tap Questions.sqt,1,4 Sep 2026
"Of the cocktails listed here, tap only the ones that are typically fizzy.",multi_tap,"C,D,E",Manhattan,Martini,Cuba Libre,Dark and Stormy,Mimosa,Tequila Sunrise,Quizsentials,,False,4 Sep 2026,Bonus Round - 10 Multi Tap Questions.sqt,2,16 Jul 2025
"Of these rappers, tap only the female ones.",multi_tap,"A,B,C,D,E,F",Lil' Kim,Rah Digga,Ice Spice,Sexyy Red,GloRilla,Doechii,Quizsentials,,False,30 Nov 2025,Bonus Round - 10 Multi Tap Questions.sqt,1,30 Nov 2025
Tap only the films that originated as stage plays or musicals.,multi_tap,"B,C,E,F",La La Land,West Side Story,Dear Evan Hansen,Bohemian Rhapsody,Wicked,Jersey Boys,Quizsentials,,False,30 Nov 2025,Bonus Round - 10 Multi Tap Questions.sqt,1,30 Nov 2025
"Of these wines, tap only the ones from France.",multi_tap,"A,C,D,F",Champagne,Rioja,Bordeaux,Burgundy,Asti,Châteauneuf-du-Pape,Quizsentials,,False,30 Nov 2025,Bonus Round - 10 Multi Tap Questions.sqt,1,30 Nov 2025
Tap only the names of characters from the 'Red Dead' series of video games.,multi_tap,"B,C,E,F",Michael De Santa,Arthur Morgan,Bill Williamson,Tommy Vercetti,John Marston,Dutch van der Linde,Quizsentials,,False,30 Nov 2025,Bonus Round - 10 Multi Tap Questions.sqt,1,30 Nov 2025
Tap only the basketball players who have won the NBA MVP award more than once.,multi_tap,"A,B,C,D,E,F",LeBron James,Nikola Jokić,Giannis Antetokounmpo,Tim Duncan,Michael Jordan,Stephen Curry,Quizsentials,,False,30 Nov 2025,Bonus Round - 10 Multi Tap Questions.sqt,1,30 Nov 2025
Tap only the seas that border Africa.,multi_tap,"A,B,C",Mediterranean Sea,Red Sea,Arabian Sea,Baltic Sea,Bering Sea,Coral Sea,Quizsentials,,False,30 Nov 2025,Bonus Round - 10 Multi Tap Questions.sqt,1,30 Nov 2025
"Of the horror movies listed here, tap only the ones that feature vampires.",multi_tap,"B,C,D",Midsommar,Sinners,The Lost Boys,30 Days of Night,Get Out,It,Quizsentials,,False,15 Mar 2026,Bonus Round - 10 Multi Tap Questions.sqt,1,15 Mar 2026
Tap only the names of golfers as opposed to tennis players.,multi_tap,"C,E",Alexander Zverev,Jannik Sinner,Xander Schauffele,Holger Rune,Jon Rahm,Jack Draper,Quizsentials,,False,15 Mar 2026,Bonus Round - 10 Multi Tap Questions.sqt,1,15 Mar 2026
"Of these cities, tap only the ones in South America.",multi_tap,"A,C,E,F",Santiago,Johannesburg,São Paulo,Nairobi,Buenos Aires,Lima,Quizsentials,,False,15 Mar 2026,Bonus Round - 10 Multi Tap Questions.sqt,1,15 Mar 2026
"Of the hit songs listed here, tap only the ones that feature Justin Bieber.",multi_tap,"A,D,E","Cold Water, by Major Lazer","Give It to Me, by Timbaland","Love Sex Magic, by Ciara","I'm the One, by DJ Khaled","Stay, by The Kid Laroi","Ayo Technology, by 50 Cent",Quizsentials,,False,15 Mar 2026,Bonus Round - 10 Multi Tap Questions.sqt,1,15 Mar 2026
"Of these Asian countries, tap only the ones with a larger population than Japan.",multi_tap,"A,F",India,Thailand,Iran,Sri Lanka,Mongolia,China,Quizsentials,,False,15 Mar 2026,Bonus Round - 10 Multi Tap Questions.sqt,1,15 Mar 2026
Tap only the poker hands that would beat a full house.,multi_tap,"B,E,F",Straight,Straight flush,Three of a kind,Flush,Four of a kind,Royal flush,Quizsentials,,False,10 Dec 2025,Bonus Round - 10 Multi Tap Questions.sqt,1,10 Dec 2025
"Of these countries, tap only the ones whose flags comprise a red horizontal band above or below a white horizontal band.",multi_tap,"A,C,E",Poland,Nigeria,Indonesia,Peru,Monaco,Morocco,Quizsentials,,False,10 Dec 2025,Bonus Round - 10 Multi Tap Questions.sqt,1,10 Dec 2025
Tap only the names of members of The Jackson 5.,multi_tap,"A,B,D,F",Jackie,Jermaine,Marvin,Michael,Samuel L.,Tito,Quizsentials,,False,10 Dec 2025,Bonus Round - 10 Multi Tap Questions.sqt,1,10 Dec 2025
Tap only the major Romance languages that are descended directly from Latin.,multi_tap,"C,F",German,Polish,Romanian,Hungarian,Serbo-Croatian,Portuguese,Quizsentials,,False,10 Dec 2025,Bonus Round - 10 Multi Tap Questions.sqt,1,10 Dec 2025
Tap only the names of characters from 'The Lord of the Rings'.,multi_tap,"B,C,D,F",Spock,Boromir,Gandalf,Gimli,Groot,Legolas,Quizsentials,,False,10 Dec 2025,Bonus Round - 10 Multi Tap Questions.sqt,1,10 Dec 2025
Tap only the British former tennis players.,multi_tap,"C,F",Rene Lacoste,Jimmy Connors,Fred Perry,Andy Roddick,Pat Cash,Tim Henman,Quizsentials,,False,27 Jan 2026,Bonus Round - 10 Multi Tap Questions.sqt,1,27 Jan 2026
"Tap only the groups that have, or have had, a main lineup consisting of both men and women.",multi_tap,"B,D,F",HAIM,The Black Eyed Peas,Fifth Harmony,Paramore,The Bangles,Garbage,Quizsentials,,False,27 Jan 2026,Bonus Round - 10 Multi Tap Questions.sqt,1,27 Jan 2026
Tap only the elements that are among the five most abundant in the average human body.,multi_tap,"A,C,D,E",Oxygen,Barium,Carbon,Hydrogen,Nitrogen,Iodine,Quizsentials,,False,27 Jan 2026,Bonus Round - 10 Multi Tap Questions.sqt,1,27 Jan 2026
Tap only the shapes with more than ten sides.,multi_tap,"A,B,F",Hendecagon,Hexadecagon,Heptagon,Nonagon,Hexagon,Tridecagon,Quizsentials,,False,27 Jan 2026,Bonus Round - 10 Multi Tap Questions.sqt,1,27 Jan 2026
Tap only the countries that the Andes mountain range runs through.,multi_tap,"A,B,E,F",Argentina,Bolivia,Mexico,Panama,Venezuela,Chile,Quizsentials,,False,27 Jan 2026,Bonus Round - 10 Multi Tap Questions.sqt,1,27 Jan 2026
Tap only the actors who have portrayed James Bond on film.,multi_tap,"A,B,C,D,F",Sean Connery,George Lazenby,Roger Moore,David Niven,Michael Caine,Pierce Brosnan,Quizsentials,,False,27 Jan 2026,Bonus Round - 10 Multi Tap Questions.sqt,1,27 Jan 2026
Tap only the characters from 'Friends' that Ross married.,multi_tap,"B,E,F",Charlie,Rachel,Julie,Susan,Carol,Emily,Quizsentials,,False,27 Jan 2026,Bonus Round - 10 Multi Tap Questions.sqt,1,27 Jan 2026
Tap only the plays written by Oscar Wilde.,multi_tap,"A,B,D",The Importance of Being Earnest,Lady Windermere's Fan,The Elephant Man,An Ideal Husband,The Mousetrap,A Streetcar Named Desire,Quizsentials,,False,27 Jan 2026,Bonus Round - 10 Multi Tap Questions.sqt,1,27 Jan 2026
Tap only the singles released by Shakira.,multi_tap,"A,C,E",She Wolf,Havana,"Whenever, Wherever",I'm Like a Bird,Hips Don't Lie,Say It Right,Quizsentials,,False,27 Jan 2026,Bonus Round - 10 Multi Tap Questions.sqt,1,27 Jan 2026
Tap only the members of Robin Hood's merry men?,multi_tap,"A,C,D,F",Will Scarlet,Geoffrey of Monmouth,Little John,Friar Tuck,Guy of Warwick,Much the Miller's Son,Quizsentials,,False,26 Jun 2025,Bonus Round - 10 Multi Tap Questions.sqt,1,26 Jun 2025
"From this list of 'Lord of the Rings' characters, tap only the ones that are hobbits.",multi_tap,"A,B,C,D,F",Bilbo,Fatty,Samwise,Peregrin,Radagast,Rosie,Quizsentials,,False,26 Jun 2025,Bonus Round - 10 Multi Tap Questions.sqt,1,26 Jun 2025
"Of these women that appear to have two first names, tap only the ones who are primarily musicians.",multi_tap,"D,E,F",Mary Shelley,Anne Frank,Theresa May,Nina Simone,Carly Simon,Debbie Harry,Quizsentials,,False,26 Jun 2025,Bonus Round - 10 Multi Tap Questions.sqt,1,26 Jun 2025
Tap only the distances that are the lengths of track and field athletics races at the Summer Olympic Games.,multi_tap,"A,B,D,F",200m,400m,1000m,1500m,2000m,5000m,Quizsentials,,False,26 Jun 2025,Bonus Round - 10 Multi Tap Questions.sqt,1,26 Jun 2025
Tap only the instruments that are used to represent characters in the Prokofiev musical composition 'Peter and the Wolf'.,multi_tap,"B,C,D,E",Piccolo,Flute,Oboe,Clarinet,Bassoon,Saxophone,Quizsentials,,False,27 Jun 2025,Bonus Round - 10 Multi Tap Questions.sqt,1,27 Jun 2025
"Of the TV shows listed here, tap only the ones that premiered AFTER the first season of 'Game of Thrones'.",multi_tap,"B,E",Breaking Bad,The White Lotus,Mad Men,The Wire,Severance,The Sopranos,Quizsentials,,False,27 Jun 2025,Bonus Round - 10 Multi Tap Questions.sqt,1,27 Jun 2025
Tap only the Greek islands.,multi_tap,"B,C,E,F",Capri,Crete,Rhodes,Corsica,Kos,Corfu,Quizsentials,,False,27 Jun 2025,Bonus Round - 10 Multi Tap Questions.sqt,1,27 Jun 2025
"Of the movie characters listed here, tap only the ones considered the villain in their film.",multi_tap,"B,C,F",Ellen Ripley,Hans Gruber,Michael Myers,Philip Marlowe,Rooster Cogburn,Sauron,Quizsentials,,False,27 Jun 2025,Bonus Round - 10 Multi Tap Questions.sqt,1,27 Jun 2025
Tap only the albums released by Taylor Swift.,multi_tap,"B,C,E,F",Teenage Dream,Red,1989,Prism,Evermore,The Tortured Poets Department,Quizsentials,,False,17 Jul 2025,Bonus Round - 10 Multi Tap Questions.sqt,1,17 Jul 2025
Tap only the countries that have a circle on their flag.,multi_tap,"A,B,D",Japan,Brazil,Germany,Bangladesh,Canada,Ukraine,Quizsentials,,False,17 Jul 2025,Bonus Round - 10 Multi Tap Questions.sqt,1,17 Jul 2025
"Of the cocktails listed here, tap only the ones that typically have gin in them.",multi_tap,"A,E,F",Gimlet,Dark and Stormy,White Russian,Old Fashioned,Long Island Iced Tea,Negroni,Quizsentials,,False,17 Jul 2025,Bonus Round - 10 Multi Tap Questions.sqt,1,17 Jul 2025
Tap only the subtitles of 'Assassin's Creed' games.,multi_tap,"C,E,F",Nemesis,Biohazard,Syndicate,Village,Origins,Valhalla,Quizsentials,,False,17 Jul 2025,Bonus Round - 10 Multi Tap Questions.sqt,1,17 Jul 2025
Tap only the James Bond films that were released in the 1990s.,multi_tap,"A,F",The World is Not Enough,Casino Royale,Skyfall,Live and Let Die,Goldfinger,GoldenEye,Quizsentials,,False,17 Jul 2025,Bonus Round - 10 Multi Tap Questions.sqt,1,17 Jul 2025
Tap only the names of 'SpongeBob SquarePants' characters.,multi_tap,"A,B,F",Sandy Cheeks,Pearl Krabs,Seaman Horse,Muscles,Soily Pants,Mrs Puff,Quizsentials,,False,17 Jul 2025,Bonus Round - 10 Multi Tap Questions.sqt,1,17 Jul 2025
Tap only the country names that are no longer in use.,multi_tap,"A,B,D,E",Siam,British Honduras,Namibia,Czechoslovakia,Yugoslavia,Sri Lanka,Quizsentials,,False,16 Jul 2025,Bonus Round - 10 Multi Tap Questions.sqt,1,16 Jul 2025
"Of the 'Friends' characters listed here, tap only the ones that appeared in 30 or more episodes.",multi_tap,C,Janice,Mike Hannigan,Gunther,Jack Geller,Dr Richard Burke,Charlie Wheeler,Quizsentials,,False,16 Jul 2025,Bonus Round - 10 Multi Tap Questions.sqt,1,16 Jul 2025
"Of these running events, tap only the ones that are part of an Olympic decathlon.",multi_tap,"A,B,D,F",100m,110m hurdles,200m,400m,800m,1500m,Quizsentials,,False,16 Jul 2025,Bonus Round - 10 Multi Tap Questions.sqt,1,16 Jul 2025
Tap only the singles released by Pink.,multi_tap,"B,C,D,E",Dirrty,Just Like a Pill,Get the Party Started,U + Ur Hand,So What,Candyman,Quizsentials,,False,16 Jul 2025,Bonus Round - 10 Multi Tap Questions.sqt,1,16 Jul 2025
Tap only the names of cartoon birds.,multi_tap,"A,B,C,E,F",Road Runner,Tweety,"Huey, Dewey and Louie",Dino,Woodstock,Foghorn Leghorn,Quizsentials,,False,16 Jul 2025,Bonus Round - 10 Multi Tap Questions.sqt,1,16 Jul 2025
"Of these Disney+ 'Star Wars' TV shows, tap only the ones that are animated series?",multi_tap,"C,D,E,F",Ahsoka,The Mandalorian,The Clone Wars,The Bad Batch,Young Jedi Adventures,Visions,Quizsentials,,False,16 Mar 2025,Bonus Round - 10 Multi Tap Questions.sqt,1,16 Mar 2025
Tap only the commands you would receive when playing the original 1996 version of the toy Bop It.,multi_tap,"B,E,F",Turn It,Bop It,Scratch It,Twang It,Pull It,Twist It,Quizsentials,,False,16 Mar 2025,Bonus Round - 10 Multi Tap Questions.sqt,1,16 Mar 2025
"Of the dishes listed here, tap only the ones that typically have noodles in them.",multi_tap,"A,B,C,D",Pad Thai,Chow mein,Pho,Ramen,Onigiri,Risotto,Quizsentials,,False,12 Nov 2025,Bonus Round - 10 Multi Tap Questions.sqt,1,12 Nov 2025
"Of the boxers listed here, tap only the Ukrainians.",multi_tap,"A,D,F",Wladimir Klitschko,Manny Pacquiao,Alexander Povetkin,Vitali Klitschko,Joe Calzaghe,Oleksandr Usyk,Quizsentials,,False,12 Nov 2025,Bonus Round - 10 Multi Tap Questions.sqt,1,12 Nov 2025
"Of these famous novels, tap only the ones that were originally written in English.",multi_tap,"A,E,F",Lolita,Crime and Punishment,The Count of Monte Cristo,The Girl with the Dragon Tattoo,The Grapes of Wrath,Heart of Darkness,Quizsentials,,False,12 Nov 2025,Bonus Round - 10 Multi Tap Questions.sqt,1,12 Nov 2025
"Of these 2020s hit songs, tap only the ones released by American artists.",multi_tap,"A,C,F","Good Luck, Babe",Don't Start Now,Espresso,Too Sweet,Blinding Lights,Good 4 U,Quizsentials,,False,12 Nov 2025,Bonus Round - 10 Multi Tap Questions.sqt,1,12 Nov 2025
Tap only the historical events that occurred BEFORE George Washington became the first American president.,multi_tap,"B,D",First international cricket match,William Shakespeare died,The Eiffel Tower was constructed,The Ottoman Empire began,Queen Victoria became queen,The Suez Canal opened,Quizsentials,,False,12 Nov 2025,Bonus Round - 10 Multi Tap Questions.sqt,1,12 Nov 2025
"Of the 'Star Wars' ships listed here, tap only the ones that are typically used by the Empire rather than the Rebellion.",multi_tap,"A,C",Star Destroyer,X-wing,TIE fighter,Snowspeeder,Mon Calamari Star Cruiser,Millennium Falcon,Quizsentials,,False,12 Nov 2025,Bonus Round - 10 Multi Tap Questions.sqt,1,12 Nov 2025
Tap only the rivers in South America.,multi_tap,"A,C",Orinoco,Nile,Amazon,Zambezi,Danube,Po,Quizsentials,,False,12 Nov 2025,Bonus Round - 10 Multi Tap Questions.sqt,1,12 Nov 2025
Tap only the planets that have days longer than Earth.,multi_tap,"A,C,E",Venus,Neptune,Mars,Saturn,Mercury,Uranus,Quizsentials,,False,12 Nov 2025,Bonus Round - 10 Multi Tap Questions.sqt,1,12 Nov 2025
"Tap only the titles of albums by Tyler, the Creator.",multi_tap,"A,B,D",Igor,Chromakopia,Utopia,Flower Boy,Astroworld,Jackboys,Quizsentials,,False,12 Nov 2025,Bonus Round - 10 Multi Tap Questions.sqt,1,12 Nov 2025
Tap only the organisms that can be bioluminescent (glow in the dark).,multi_tap,"B,C,E",Earwig,Firefly,Vampire squid,Vampire bat,Lanternfish,Tarantula,Quizsentials,,False,13 Nov 2025,Bonus Round - 10 Multi Tap Questions.sqt,1,13 Nov 2025
Tap only the shapes that have curves.,multi_tap,"A,C,E",Ellipse,Parallelogram,Oval,Rhombus,Circle,Hexagon,Quizsentials,,False,13 Nov 2025,Bonus Round - 10 Multi Tap Questions.sqt,1,13 Nov 2025
Tap only the US states that are further north than Nevada.,multi_tap,"A,D,E",Washington,Texas,Florida,Alaska,Maine,New Mexico,Quizsentials,,False,13 Nov 2025,Bonus Round - 10 Multi Tap Questions.sqt,1,13 Nov 2025
Tap only the bands with female lead singers.,multi_tap,"A,B,C,D,E,F",Blondie,Wolf Alice,The Pretenders,Paramore,The Cranberries,Yeah Yeah Yeahs,Quizsentials,,False,13 Nov 2025,Bonus Round - 10 Multi Tap Questions.sqt,1,13 Nov 2025
"Of the video games listed here, tap only the ones that feature zombies.",multi_tap,"B,C,E",Animal Crossing,The Last Of Us,Days Gone,Stardew Valley,Dying Light,Splatoon,Quizsentials,,False,13 Nov 2025,Bonus Round - 10 Multi Tap Questions.sqt,1,13 Nov 2025
Tap only the films that are largely set in schools.,multi_tap,"A,B,C,F",Harry Potter and the Chamber of Secrets,School of Rock,The Breakfast Club,Dodgeball,Little Miss Sunshine,Dead Poets Society,Quizsentials,,False,13 Nov 2025,Bonus Round - 10 Multi Tap Questions.sqt,1,13 Nov 2025
"With regard to the multinational fast-food chain, tap only the countries that have ever had a McDonald's restaurant.",multi_tap,"A,B,D,F",Russia,Japan,Iran,France,North Korea,Morocco,Quizsentials,,False,13 Nov 2025,Bonus Round - 10 Multi Tap Questions.sqt,1,13 Nov 2025
"Of these Formula One legends, tap only those who won the F1 World Drivers' Championship at least three times.",multi_tap,"B,C,D,E",Nigel Mansell,Alain Prost,Michael Schumacher,Niki Lauda,Ayrton Senna,James Hunt,Quizsentials,,False,25 May 2025,Bonus Round - 10 Multi Tap Questions.sqt,1,25 May 2025
Tap only the characters that appear in the 2008 film 'The Dark Knight'.,multi_tap,"A,B,D,F",Harvey Dent,Joker,Bane,Scarecrow,Riddler,Batman,Quizsentials,,False,25 May 2025,Bonus Round - 10 Multi Tap Questions.sqt,1,25 May 2025
Tap only the YouTubers who are part of the group The Sidemen.,multi_tap,"A,D,F",Miniminter,DanTDM,Pewdiepie,Behzinga,Ludwig,KSI,Quizsentials,,False,2 May 2025,Bonus Round - 10 Multi Tap Questions.sqt,1,2 May 2025
Tap only the names of emoticons that are currently available as 'reactions' on Facebook.,multi_tap,"A,E,F",Care,Concern,Dislike,Fed up,Haha,Wow,Quizsentials,,False,2 May 2025,Bonus Round - 10 Multi Tap Questions.sqt,1,2 May 2025
"Of these famous world tours, tap only the ones by Michael Jackson.",multi_tap,"A,B,C",HIStory World Tour,Bad World Tour,Dangerous World Tour,A Head Full of Dreams Tour,Glass Spider Tour,Voodoo Lounge Tour,Quizsentials,,False,2 May 2025,Bonus Round - 10 Multi Tap Questions.sqt,1,2 May 2025
"Of the UFC stars listed here, tap only the ones born in Africa.",multi_tap,"C,E,F",Conor McGregor,Jon Jones,Francis Ngannou,Khabib Nurmagomedov,Kamaru Usman,Dricus du Plessis,Quizsentials,,False,21 Sep 2025,Bonus Round - 10 Multi Tap Questions.sqt,1,21 Sep 2025
Tap only the US states that border at least one of the Great Lakes.,multi_tap,"A,C,D,E",Michigan,Iowa,Indiana,Illinois,New York,New Hampshire,Quizsentials,,False,21 Sep 2025,Bonus Round - 10 Multi Tap Questions.sqt,1,21 Sep 2025
Tap only the kids' TV shows that originated in the UK.,multi_tap,"C,E",Bluey,The Wiggles,Teletubbies,Lazy Town,Peppa Pig,Sesame Street,Quizsentials,,False,21 Sep 2025,Bonus Round - 10 Multi Tap Questions.sqt,1,21 Sep 2025
"From this list of drugs, tap only the stimulants.",multi_tap,"B,C,E,F",LSD,Amphetamines,Cocaine,Diazepam,Caffeine,Nicotine,Quizsentials,,False,21 Sep 2025,Bonus Round - 10 Multi Tap Questions.sqt,1,21 Sep 2025
Tap only the alternative names for the devil.,multi_tap,"A,B,E,F",Lucifer,Satan,Jehovah,Shiva,Mephistopheles,Beelzebub,Quizsentials,,False,21 Sep 2025,Bonus Round - 10 Multi Tap Questions.sqt,1,21 Sep 2025
Tap only the characters that are from 'Stranger Things'.,multi_tap,"A,C,E,F",Eleven,Shae,Eddie Munson,Robin Arryn,Vecna,Will Byers,Quizsentials,,False,21 Sep 2025,Bonus Round - 10 Multi Tap Questions.sqt,1,21 Sep 2025
Tap only the works attributed to the Greek poet Homer.,multi_tap,"B,D",Beowulf,Odyssey,The Divine Comedy,Iliad,Paradise Lost,Ulysses,Quizsentials,,False,21 Sep 2025,Bonus Round - 10 Multi Tap Questions.sqt,1,21 Sep 2025
"Of these alcoholic spirits, tap only the ones that are typically clear in appearance.",multi_tap,"B,D,E",Brandy,White rum,Rum,Gin,Vodka,Whiskey,Quizsentials,,False,21 Sep 2025,Bonus Round - 10 Multi Tap Questions.sqt,1,21 Sep 2025
Tap only the names that appear in the lyrics of 'Mambo No.5' by Lou Bega.,multi_tap,"C,D,E",Sarah,Jennifer,Rita,Sandra,Angela,Margaret,Quizsentials,,False,21 Sep 2025,Bonus Round - 10 Multi Tap Questions.sqt,1,21 Sep 2025
"Of the footballers listed here, tap only the ones who currently play for Manchester United.",multi_tap,"B,C,D",Jack Grealish,Luke Shaw,Harry Maguire,Bruno Fernandes,Aaron Ramsdale,Declan Rice,Quizsentials,,False,21 Sep 2025,Bonus Round - 10 Multi Tap Questions.sqt,1,21 Sep 2025
Tap only the actors who were born in the United States.,multi_tap,"B,F",Tom Holland,Paul Rudd,Chris Hemsworth,Benedict Cumberbatch,Hugh Jackman,Robert Downey Jr,Quizsentials,,False,19 Jun 2025,Bonus Round - 10 Multi Tap Questions.sqt,1,19 Jun 2025
"Of the boxers listed here, tap only the ones that have won an Olympic gold medal.",multi_tap,"A,C,E",Anthony Joshua,Tyson Fury,Oleksandr Usyk,Floyd Mayweather Jr,Lennox Lewis,Jake Paul,Quizsentials,,False,19 Jun 2025,Bonus Round - 10 Multi Tap Questions.sqt,1,19 Jun 2025
"Of the Netflix shows listed here, tap only the ones that are competitions.",multi_tap,"D,E,F",Chef's Table,Love on the Spectrum,Queer Eye,Is It Cake?,Rhythm + Flow,Squid Game: The Challenge,Quizsentials,,False,19 Jun 2025,Bonus Round - 10 Multi Tap Questions.sqt,1,19 Jun 2025
Tap only the names of drums that can be found in a typical drum kit.,multi_tap,"A,C",Bass drum,Table drum,Snare drum,Lo-hat,Sliders,Trample drum,Quizsentials,,False,19 Jun 2025,Bonus Round - 10 Multi Tap Questions.sqt,1,19 Jun 2025
Tap only the letters that are recurring Secret Service characters in the James Bond films.,multi_tap,"A,D",M,S,B,Q,Z,A,Quizsentials,,False,13 Apr 2025,Bonus Round - 10 Multi Tap Questions.sqt,1,13 Apr 2025
"Of these Stark family members, tap only the ones who survived until the very end of 'Game of Thrones'.",multi_tap,"C,E,F",Ned,Robb,Sansa,Rickon,Bran,Arya,Quizsentials,,False,13 Apr 2025,Bonus Round - 10 Multi Tap Questions.sqt,2,26 Feb 2026
"Of these tennis players, tap only those who have won the women's singles title at Wimbledon.",multi_tap,"A,B,C,D,E,F",Venus Williams,Serena Williams,Steffi Graf,Barbora Krejcikova,Martina Hingis,Chris Evert,Quizsentials,,False,13 Apr 2025,Bonus Round - 10 Multi Tap Questions.sqt,1,13 Apr 2025
"Of these 2020s pop songs, tap only the ones by the Canadian singer Tate McRae.",multi_tap,"A,D,F","It's OK I'm OK""",Espresso,That's So True,Greedy,Hot to Go!,Exes,Quizsentials,,False,13 Apr 2025,Bonus Round - 10 Multi Tap Questions.sqt,1,13 Apr 2025
Tap only the dishes that would typically be found in an Indian restaurant.,multi_tap,"A,B,C,D,E",Korma,Jalfrezi,Biryani,Saag,Rogan josh,Panang,Quizsentials,,False,13 Apr 2025,Bonus Round - 10 Multi Tap Questions.sqt,2,27 Feb 2026
Tap only the movies in which Morgan Freeman portrays the President of the United States?,multi_tap,"A,E",Deep Impact,Driving Miss Daisy,Outbreak,Olympus Has Fallen,Angel Has Fallen,Invictus,Quizsentials,,False,14 Aug 2025,Bonus Round - 10 Multi Tap Questions.sqt,1,14 Aug 2025
Tap only the TV shows that had fewer than 100 episodes.,multi_tap,"A,B,E,F",Succession,Breaking Bad,Friends,Lost,Mad Men,Game of Thrones,Quizsentials,,False,14 Aug 2025,Bonus Round - 10 Multi Tap Questions.sqt,1,14 Aug 2025
Tap only the cocktails that typically contain sparkling wine.,multi_tap,"A,C,D",Bellini,Old fashioned,Mimosa,Aperol spritz,Margarita,Cosmopolitan,Quizsentials,,False,14 Aug 2025,Bonus Round - 10 Multi Tap Questions.sqt,1,14 Aug 2025
Tap only the countries that border Austria.,multi_tap,"A,B,C,E,F",Slovenia,Switzerland,Germany,France,Hungary,Czech Republic,Quizsentials,,False,14 Aug 2025,Bonus Round - 10 Multi Tap Questions.sqt,1,14 Aug 2025
Tap only the animals that are considered to be pollinators.,multi_tap,"C,D,E,F",Worms,Woodlice,Bees,Hummingbirds,Butterflies,Moths,Quizsentials,,False,14 Aug 2025,Bonus Round - 10 Multi Tap Questions.sqt,1,14 Aug 2025
"Of these field events in athletics, tap only the ones where the athlete is confined to a circle while participating.",multi_tap,"A,D,E",Shot put,Javelin,High jump,Discus,Hammer throw,Pole vault,Quizsentials,,False,14 Aug 2025,Bonus Round - 10 Multi Tap Questions.sqt,1,14 Aug 2025
Tap only the wives of Henry VIII whose marriages to Henry were annulled without them also being beheaded.,multi_tap,"A,D",Catherine of Aragon,Anne Boleyn,Jane Seymour,Anne of Cleves,Catherine Howard,Catherine Parr,Quizsentials,,False,14 Aug 2025,Bonus Round - 10 Multi Tap Questions.sqt,1,14 Aug 2025
Tap only the names of toy brands as opposed to rappers.,multi_tap,"A,B,D",Little Tikes,Lil Cutesies,Lil Peep,Little Live Pets,Lil Yachty,Lil Uzi Vert,Quizsentials,,False,14 Aug 2025,Bonus Round - 10 Multi Tap Questions.sqt,1,14 Aug 2025
"Of the books listed here, tap only the ones that are the second in their respective series.",multi_tap,"C,D,F",Fifty Shades Freed,Harry Potter and the Prisoner of Azkaban,The Lord of the Rings: The Two Towers,Catching Fire (The Hunger Games),The Northern Lights (His Dark Materials),New Moon (Twilight),Quizsentials,,False,14 Aug 2025,Bonus Round - 10 Multi Tap Questions.sqt,1,14 Aug 2025
Tap only the types of chemical bond.,multi_tap,"A,C,E",Ionic,Magnetic,Covalent,Gravitational,Metallic,Elastic,Quizsentials,,False,15 Aug 2025,Bonus Round - 10 Multi Tap Questions.sqt,1,15 Aug 2025
Tap only the fashion brands that were founded in Spain.,multi_tap,"A,C",Balenciaga,Chanel,Zara,Dior,Yves Saint Laurent,Louis Vuitton,Quizsentials,,False,15 Aug 2025,Bonus Round - 10 Multi Tap Questions.sqt,1,15 Aug 2025
Tap only the artists who released solo albums in the 1990s.,multi_tap,"A,C,E,F",Geri Halliwell,Lady Gaga,Christina Aguilera,Gwen Stefani,Lauryn Hill,Cher,Quizsentials,,False,15 Aug 2025,Bonus Round - 10 Multi Tap Questions.sqt,1,15 Aug 2025
"Of the attractions listed here, tap only the ones found in Rome.",multi_tap,"A,C,D,E",Colosseum,Palace of Versailles,Trevi Fountain,Pantheon,Spanish Steps,Sacré-Coeur,Quizsentials,,False,15 Aug 2025,Bonus Round - 10 Multi Tap Questions.sqt,1,15 Aug 2025
"Of the golf tournaments listed here, tap only the ones that take place in the United States.",multi_tap,"A,C,D",Masters Tournament,The Open Championship,US PGA Championship,LIV Golf Greenbrier,Northern Open,European Open,Quizsentials,,False,15 Aug 2025,Bonus Round - 10 Multi Tap Questions.sqt,1,15 Aug 2025
Tap only the films starring Jack Black.,multi_tap,"C,D,F",Road Trip,Meet the Parents,A Minecraft Movie,School of Rock,"Dude, Where's My Car?",Shallow Hal,Quizsentials,,False,15 Aug 2025,Bonus Round - 10 Multi Tap Questions.sqt,1,15 Aug 2025
Tap only the names of people who are considered the Founding Fathers of the United States of America.,multi_tap,"C,D,E",Theodore Roosevelt,Abraham Lincoln,Thomas Jefferson,George Washington,Benjamin Franklin,Donald Trump,Quizsentials,,False,15 Aug 2025,Bonus Round - 10 Multi Tap Questions.sqt,1,15 Aug 2025
Tap only the words that mean 'old'.,multi_tap,"A,C,E",Geriatric,Puerile,Longevous,Juvenile,Senescent,Embryonic,Quizsentials,,False,15 Aug 2025,Bonus Round - 10 Multi Tap Questions.sqt,1,15 Aug 2025
Tap only the monsters from 'Stranger Things'.,multi_tap,"B,C,E",Dementor,Demogorgon,Mind Flayer,Acromantula,Vecna,Basilisk,Quizsentials,,False,15 Aug 2025,Bonus Round - 10 Multi Tap Questions.sqt,1,15 Aug 2025
"Of these body parts, tap only the ones owned by males.",multi_tap,"C,E,F",Labia,Ovary,Prostate,Uterus,Testis,Scrotum,Quizsentials,,False,15 Aug 2025,Bonus Round - 10 Multi Tap Questions.sqt,1,15 Aug 2025
Tap only the titles of Tom Cruise movies.,multi_tap,"A,B,C,F",Top Gun,Cocktail,War of the Worlds,Eyes Wide Open,Edge of Today,Rain Man,Quizsentials,,False,28 Mar 2025,Bonus Round - 10 Multi Tap Questions.sqt,1,28 Mar 2025
Tap only the subtitles of 'Resident Evil' games.,multi_tap,"A,B,C",Biohazard,Village,Outbreak,Snake Eater,Peace Walker,The Phantom Pain,Quizsentials,,False,28 Mar 2025,Bonus Round - 10 Multi Tap Questions.sqt,1,28 Mar 2025
"Tap only the companies that have sponsored English football's Premier League, including when it was called the Premiership?",multi_tap,"A,F",Carling,Guinness,Aviva,Coca-Cola,Littlewoods,Barclays,Quizsentials,,False,28 Mar 2025,Bonus Round - 10 Multi Tap Questions.sqt,2,18 Nov 2025
Tap only the title of spin-offs of the TV series 'The Walking Dead'.,multi_tap,"A,D,E,F",Fear the Walking Dead,Wake the Walking Dead,Rick Grimes,World Beyond,The Ones Who Live,Daryl Dixon,Quizsentials,,False,2 Oct 2025,Bonus Round - 10 Multi Tap Questions.sqt,1,2 Oct 2025
Tap only the rivers in Asia.,multi_tap,"B,C,D",Volga,Mekong,Yellow River,Euphrates,Congo,Orinoco,Quizsentials,,False,2 Oct 2025,Bonus Round - 10 Multi Tap Questions.sqt,1,2 Oct 2025
Tap only the songs by The Killers.,multi_tap,"B,D,F",The Bucket,Smile Like You Mean It,Use Somebody,Human,Sex on Fire,Mr Brightside,Quizsentials,,False,2 Oct 2025,Bonus Round - 10 Multi Tap Questions.sqt,1,2 Oct 2025
Tap only the units of time.,multi_tap,"A,B,C,D,E,F",Microsecond,Millisecond,Centisecond,Nanosecond,Megasecond,Zeptosecond,Quizsentials,,False,2 Oct 2025,Bonus Round - 10 Multi Tap Questions.sqt,1,2 Oct 2025
"Of these TV comedies/comedy dramas/comedy horrors, tap only the ones that premiered in the 2020s.",multi_tap,"B,C,E",Schitt's Creek,Ted Lasso,The Studio,What We Do In The Shadows,Wednesday,Cobra Kai,Quizsentials,,False,2 Oct 2025,Bonus Round - 10 Multi Tap Questions.sqt,1,2 Oct 2025
Tap only the white wines.,multi_tap,"A,B,D,E,F",Chardonnay,Sauvignon Blanc,Pinot Noir,Gavi,Viognier,Pinot Grigio,Quizsentials,,False,2 Oct 2025,Bonus Round - 10 Multi Tap Questions.sqt,1,2 Oct 2025
Tap only the females who have served as vice president of the United States.,multi_tap,B,Michelle Obama,Kamala Harris,Hillary Clinton,Condoleezza Rice,Sarah Palin,Nancy Pelosi,Quizsentials,,False,2 Oct 2025,Bonus Round - 10 Multi Tap Questions.sqt,1,2 Oct 2025
Tap only the organs that are part of the lymphatic system.,multi_tap,A,Spleen,Heart,Bladder,Lungs,Kidneys,Small intestine,Quizsentials,,False,2 Oct 2025,Bonus Round - 10 Multi Tap Questions.sqt,1,2 Oct 2025
Tap only the characters that appear in the original novel 'Dracula' by Bram Stoker.,multi_tap,"A,C,E,F",Jonathan Harker,Henry Clerval,Count Dracula,Uriah Heep,Abraham Van Helsing,Mina Murray,Quizsentials,,False,3 Oct 2025,Bonus Round - 10 Multi Tap Questions.sqt,1,3 Oct 2025
Tap only the cuts of beef.,multi_tap,"B,C,D,E",Buffalo wing,Rump,Skirt,Sirloin,Silverside,Drumstick,Quizsentials,,False,3 Oct 2025,Bonus Round - 10 Multi Tap Questions.sqt,1,3 Oct 2025
Tap only the gasses that are lighter than air.,multi_tap,"B,C,E",Carbon dioxide,Hydrogen,Helium,Chlorine,Methane,Radon,Quizsentials,,False,3 Oct 2025,Bonus Round - 10 Multi Tap Questions.sqt,1,3 Oct 2025
"With regard to the original series of 'Star Trek', tap only the names or nicknames of crewmen and women on the Starship Enterprise.",multi_tap,"A,B,C,E,F",Sulu,Uhura,Captain Kirk,Jock,Bones,Spock,Quizsentials,,False,3 Oct 2025,Bonus Round - 10 Multi Tap Questions.sqt,1,3 Oct 2025
Tap only the movies directed by John Hughes.,multi_tap,"B,C,D,F",When Harry Met Sally,Sixteen Candles,The Breakfast Club,Uncle Buck,This Is Spinal Tap,Weird Science,Quizsentials,,False,3 Oct 2025,Bonus Round - 10 Multi Tap Questions.sqt,1,3 Oct 2025
"In astrology, tap only the earth signs.",multi_tap,"A,B,C",Taurus,Virgo,Capricorn,Gemini,Libra,Aquarius,Quizsentials,,False,3 Oct 2025,Bonus Round - 10 Multi Tap Questions.sqt,1,3 Oct 2025
Tap only the countries that the Himalayas run through.,multi_tap,"A,C,E,F",China,Iraq,India,Japan,Pakistan,Afghanistan,Quizsentials,,False,3 Oct 2025,Bonus Round - 10 Multi Tap Questions.sqt,1,3 Oct 2025
Tap only the Irish or Northern Irish musical acts.,multi_tap,"A,D,F",CMAT,Lewis Capaldi,Franz Ferdinand,Kneecap,Gerry Cinammon,Niall Horan,Quizsentials,,False,3 Oct 2025,Bonus Round - 10 Multi Tap Questions.sqt,1,3 Oct 2025
"Tap only the websites that are among the world's top 20 most visited websites, according to Similarweb.",multi_tap,"B,D,F",Ebay.com,YouTube.com,BBC.co.uk,Facebook.com,Whitehouse.gov,Reddit.com,Quizsentials,,False,3 Oct 2025,Bonus Round - 10 Multi Tap Questions.sqt,1,3 Oct 2025
Tap only the musicians listed here that are known by their real name as opposed to a stage name.,multi_tap,C,Ringo Starr,Elton John,Bruce Springsteen,Freddie Mercury,Axl Rose,Iggy Pop,Quizsentials,,False,12 Feb 2026,Bonus Round - 10 Multi Tap Questions.sqt,1,12 Feb 2026
"Of these US presidential election years, tap only the ones which saw a Republican win.",multi_tap,"A,C,F",2024,2020,2016,2012,2008,2004,Quizsentials,,False,12 Feb 2026,Bonus Round - 10 Multi Tap Questions.sqt,1,12 Feb 2026
Tap only the books that are set in the USA.,multi_tap,"B,C","Atonement, by Ian McEwan","Beloved, by Toni Morrison","Little Women, by Louisa May Alcott","Midnight's Children, by Salman Rushdie","Doctor Zhivago, by Boris Pasternak","Long Walk to Freedom, by Nelson Mandela",Quizsentials,,False,12 Feb 2026,Bonus Round - 10 Multi Tap Questions.sqt,1,12 Feb 2026
"Of these international three-digit currency codes, tap only the ones for countries in Asia.",multi_tap,"A,C,E,F",JPY,AUD,CNY,MXN,INR,HKD,Quizsentials,,False,12 Feb 2026,Bonus Round - 10 Multi Tap Questions.sqt,1,12 Feb 2026
Tap only the names of Snow White's dwarfs.,multi_tap,"A,B,D,E,F",Happy,Dopey,Playful,Grumpy,Sneezy,Bashful,Quizsentials,,False,12 Feb 2026,Bonus Round - 10 Multi Tap Questions.sqt,1,12 Feb 2026
Tap only the names of states you can visit in the video game 'Red Dead Redemption 2',multi_tap,"B,C,D,E,F",Fairhaven,Ambarino,New Hanover,Lemoyne,West Elizabeth,New Austin,Quizsentials,,False,12 Feb 2026,Bonus Round - 10 Multi Tap Questions.sqt,1,12 Feb 2026
Tap only the video games that have won Game of the Year at the Game Awards.,multi_tap,"C,E",Fortnite,Minecraft,The Last of Us Part 2,Call of Duty: Black Ops 6,Elden Ring,Just Cause 3,Quizsentials,,False,12 Feb 2026,Bonus Round - 10 Multi Tap Questions.sqt,1,12 Feb 2026
Tap only the film-related events that took place in the 2020s.,multi_tap,"A,B,E,F",Top Gun: Maverick was released,Harry Styles allegedly spat on co-star Chris Pine at a premiere,Burt Reynolds died,Judi Dench played M in James Bond for the last time,Will Smith slapped Chris Rock at the Oscars,The first live-action Sonic The Hedgehog movie came out,Quizsentials,,False,13 Feb 2026,Bonus Round - 10 Multi Tap Questions.sqt,1,13 Feb 2026
Tap only the book series that are trilogies.,multi_tap,F,The Chronicles of Narnia,A Series of Unfortunate Events,Dune,Twilight,Harry Potter,The d'Artagnan Romances,Quizsentials,,False,13 Feb 2026,Bonus Round - 10 Multi Tap Questions.sqt,1,13 Feb 2026
"Of these art movements, tap only those from the 20th century.",multi_tap,"B,C,E",Renaissance,Expressionism,Cubism,Impressionism,Pop Art,Baroque,Quizsentials,,False,13 Feb 2026,Bonus Round - 10 Multi Tap Questions.sqt,1,13 Feb 2026
"On average, the USA has 96 people per square mile (or 37 per square km). Tap only the countries that are more sparsely populated.",multi_tap,"A,B,C,E",Canada,Brazil,Australia,UK,Russia,China,Quizsentials,,False,13 Feb 2026,Bonus Round - 10 Multi Tap Questions.sqt,1,13 Feb 2026
Tap only the titles of Andy Warhol artworks.,multi_tap,"A,B,E",Campbell's Soup I,Triple Elvis,Whaam!,In the Car,Gold Marilyn Monroe,Crying Girl,Quizsentials,,False,13 Feb 2026,Bonus Round - 10 Multi Tap Questions.sqt,1,13 Feb 2026
Tap only the chemical elements that were first discovered in ancient times.,multi_tap,"A,B,F",Gold,Carbon,Fluorine,Nitrogen,Neon,Tin,Quizsentials,,False,13 Feb 2026,Bonus Round - 10 Multi Tap Questions.sqt,1,13 Feb 2026
"Of the bands listed here, tap only the ones that have featured six or more people in their line-up.",multi_tap,"A,C,D,E",Foo Fighters,One Direction,Slipknot,The Pussycat Dolls,BTS,Jonas Brothers,Quizsentials,,False,13 Feb 2026,Bonus Round - 10 Multi Tap Questions.sqt,1,13 Feb 2026
Tap only the Disney movies that feature a fox in a speaking role.,multi_tap,"A,B,C,E",Mary Poppins,Pinocchio,The Fox and the Hound,Tarzan,Robin Hood,Beauty and the Beast,Quizsentials,,False,13 Feb 2026,Bonus Round - 10 Multi Tap Questions.sqt,1,13 Feb 2026
Tap only the celebrities who are under 50 years old.,multi_tap,"D,E,F",Halle Berry,Pharrell Williams,Hugh Jackman,Angelina Jolie,Jonah Hill,P!nk,Quizsentials,,False,1 Jun 2025,Bonus Round - 10 Multi Tap Questions.sqt,1,1 Jun 2025
All these songs have been performed by Michael Bublé. Tap only the ones that are Michael Bublé originals.,multi_tap,A,Haven't Met You Yet,Feeling Good,Cry Me a River,Me & Mrs Jones,Sway,Georgia on My Mind,Quizsentials,,False,1 Jun 2025,Bonus Round - 10 Multi Tap Questions.sqt,1,1 Jun 2025
"Of these Dutch sportsmen, tap only the darts players.",multi_tap,"B,C,E",Marco van Basten,Michael van Gerwen,Raymond van Barneveld,Edwin van der Sar,Vincent van der Voort,Giovanni van Bronckhorst,Quizsentials,,False,1 Jun 2025,Bonus Round - 10 Multi Tap Questions.sqt,1,1 Jun 2025
Tap only the countries that share a land border with 10 or more other countries.,multi_tap,"C,F",Austria,Italy,China,Mexico,South Africa,Russia,Quizsentials,,False,18 Nov 2025,Bonus Round - 10 Multi Tap Questions.sqt,1,18 Nov 2025
Tap only the synonyms of the word 'meticulous' as listed on thesaurus.com.,multi_tap,B,Careless,Thorough,Casual,Rough,Hasty,Inaccurate,Quizsentials,,False,18 Nov 2025,Bonus Round - 10 Multi Tap Questions.sqt,1,18 Nov 2025
Tap only the music acts that originate from France.,multi_tap,"A,B,E",Daft Punk,Christine and the Queens,Enrique Iglesias,The Weeknd,David Guetta,Lana Del Rey,Quizsentials,,False,18 Nov 2025,Bonus Round - 10 Multi Tap Questions.sqt,1,18 Nov 2025
Tap only the films that were released in 2018.,multi_tap,"A,C,D",Bohemian Rhapsody,Django Unchained,Venom,Jurassic World: Fallen Kingdom,The Dark Knight Rises,The Hunger Games,Quizsentials,,False,18 Nov 2025,Bonus Round - 10 Multi Tap Questions.sqt,1,18 Nov 2025
Tap only the things that you would ordinarily expect to see in an average living room.,multi_tap,"A,B,E",Sofa/couch,Television,Sink,Boeing 747,Radiator,Toilet,Quizsentials,,False,18 Nov 2025,Bonus Round - 10 Multi Tap Questions.sqt,1,18 Nov 2025
Tap only the people who have been president of France.,multi_tap,"A,B,D,E,F",Jacques Chirac,Nicolas Sarkozy,Olaf Scholz,Emmanuel Macron,François Mitterrand,François Hollande,Quizsentials,,False,18 Nov 2025,Bonus Round - 10 Multi Tap Questions.sqt,1,18 Nov 2025
Tap only the historical figures who were born in Europe.,multi_tap,"B,C,E",Cyrus the Great,Charlemagne,Attila the Hun,Cleopatra,Alexander the Great,Mansa Musa,Quizsentials,,False,18 Nov 2025,Bonus Round - 10 Multi Tap Questions.sqt,1,18 Nov 2025
Tap only the British girl groups.,multi_tap,"A,D,E",Spice Girls,The Pussycat Dolls,Fifth Harmony,Sugababes,Little Mix,TLC,Quizsentials,,False,18 Nov 2025,Bonus Round - 10 Multi Tap Questions.sqt,1,18 Nov 2025
Tap only the actresses that have starred in 'The White Lotus'.,multi_tap,"B,E",Zendaya,Sydney Sweeney,Julia Louis-Dreyfus,Anya Taylor-Joy,Jennifer Coolidge,Megan Fox,Quizsentials,,False,4 Jul 2025,Bonus Round - 10 Multi Tap Questions.sqt,1,4 Jul 2025
Tap only the singers who were in Destiny's Child.,multi_tap,"B,C,D,E",Nicole Scherzinger,Beyoncé Knowles,Kelly Rowland,Michelle Williams,LaTavia Roberson,Cindy Herron,Quizsentials,,False,4 Jul 2025,Bonus Round - 10 Multi Tap Questions.sqt,1,4 Jul 2025
Tap only the directors who have directed a Marvel movie.,multi_tap,"B,D,E,F",Greta Gerwig,Sam Raimi,Steven Spielberg,James Gunn,Taika Waititi,Anthony and Joe Russo,Quizsentials,,False,4 Jul 2025,Bonus Round - 10 Multi Tap Questions.sqt,1,4 Jul 2025
Tap only the islands that belong to Italy.,multi_tap,"A,B,D,F",Sardinia,Sicily,Corsica,Elba,Menorca,Capri,Quizsentials,,False,4 Jul 2025,Bonus Round - 10 Multi Tap Questions.sqt,1,4 Jul 2025
"Of the vehicle brands listed here, tap only the ones that are known for manufacturing motorbikes.",multi_tap,"A,C,E,F",BMW,Ford,Honda,Mercedes-Benz,Triumph,Yamaha,Quizsentials,,False,4 Jul 2025,Bonus Round - 10 Multi Tap Questions.sqt,1,4 Jul 2025
Tap only the characters from 'The Simpsons' who are children.,multi_tap,"A,C,D",Bart,Carl,Nelson,Lisa,Lenny,Fat Tony,Quizsentials,,False,19 Nov 2025,Bonus Round - 10 Multi Tap Questions.sqt,2,23 Mar 2025
Tap only the days that are a part of Holy Week in the Christian calendar.,multi_tap,"B,D,E",Christmas Eve,Good Friday,Shrove Tuesday,Maundy Thursday,Palm Sunday,Christmas Day,Quizsentials,,False,19 Nov 2025,Bonus Round - 10 Multi Tap Questions.sqt,1,19 Nov 2025
Tap only the names of trainers made by Adidas.,multi_tap,"A,C,D,E",Samba,Air Force 1,Stan Smith,Superstar,Gazelle,Dunk,Quizsentials,,False,19 Nov 2025,Bonus Round - 10 Multi Tap Questions.sqt,1,19 Nov 2025
"Of these Formula One teams, tap only the ones that first joined the competition in the 21st century.",multi_tap,"C,E,F",Ferrari,Williams,Red Bull Racing,McLaren,Alpine,Haas,Quizsentials,,False,19 Nov 2025,Bonus Round - 10 Multi Tap Questions.sqt,1,19 Nov 2025
"Of the island countries listed here, tap only the ones that do NOT share a land border with any other countries.",multi_tap,"A,B,C",Australia,New Zealand,Japan,Haiti,Ireland,Indonesia,Quizsentials,,False,19 Nov 2025,Bonus Round - 10 Multi Tap Questions.sqt,1,19 Nov 2025
"Of these classic westerns, tap only the ones whose score was written by Ennio Morricone.",multi_tap,"A,B,C,E",A Fistful of Dollars,For a Few Dollars More,"The Good, The Bad, and The Ugly",Unforgiven,Once Upon a Time in the West,The Magnificent Seven,Quizsentials,,False,19 Nov 2025,Bonus Round - 10 Multi Tap Questions.sqt,1,19 Nov 2025
Tap only the songs by U2.,multi_tap,"C,D",Creep,Fake Plastic Trees,Beautiful Day,Where the Streets Have No Name,Just,High and Dry,Quizsentials,,False,19 Nov 2025,Bonus Round - 10 Multi Tap Questions.sqt,1,19 Nov 2025
Tap only the languages that are in the world's top five for number of native speakers in 2025.,multi_tap,"A,C,D,E,F",Mandarin Chinese,French,Spanish,English,Hindi,Portuguese,Quizsentials,,False,19 Nov 2025,Bonus Round - 10 Multi Tap Questions.sqt,1,19 Nov 2025
Tap only the Kendrick Lamar albums.,multi_tap,"B,C,D",Scorpion,GNX,To Pimp a Butterfly,Damn,Certified Lover Boy,Take Care,Quizsentials,,False,26 Feb 2026,Bonus Round - 10 Multi Tap Questions.sqt,1,26 Feb 2026
Tap only the characters that are predominantly blue.,multi_tap,"C,D,E,F","Mike Wazowski from 'Monsters, Inc'",Lilo from 'Lilo & Stitch',Sonic the Hedgehog,Dory from 'Finding Nemo',Papa Smurf,Doctor Manhattan from 'Watchmen',Quizsentials,,False,26 Feb 2026,Bonus Round - 10 Multi Tap Questions.sqt,1,26 Feb 2026
"Of these celebrities, tap only the ones who have been to space aboard a Blue Origin flight.",multi_tap,"B,D",Stephen Hawking,Katy Perry,Taylor Swift,William Shatner,David Hasselhoff,Sydney Sweeney,Quizsentials,,False,26 Feb 2026,Bonus Round - 10 Multi Tap Questions.sqt,2,26 Feb 2026
"Of the authors listed here, tap only the ones that are real names as opposed to pseudonyms.",multi_tap,"A,D,E",Stephen King,George Orwell,George Eliot,George R.R. Martin,J.R.R. Tolkien,Lewis Carroll,Quizsentials,,False,26 Feb 2026,Bonus Round - 10 Multi Tap Questions.sqt,1,26 Feb 2026
Tap only the countries that are among the ten largest by area in the world.,multi_tap,"A,C,D,E",Canada,Mongolia,Brazil,Australia,Russia,Mexico,Quizsentials,,False,26 Feb 2026,Bonus Round - 10 Multi Tap Questions.sqt,1,26 Feb 2026
Tap only the names of basketball playing positions.,multi_tap,"A,B,E,F",Point guard,Small forward,Power bottom,Half-back,Shooting guard,Power forward,Quizsentials,,False,26 Feb 2026,Bonus Round - 10 Multi Tap Questions.sqt,1,26 Feb 2026
"Of the Olivia Rodrigo singles listed here, tap only the ones that are from her debut album 'Sour'.",multi_tap,"B,D,E,F",Vampire,Good 4 U,Lacy,Traitor,Drivers License,Deja Vu,Quizsentials,,False,27 Feb 2026,Bonus Round - 10 Multi Tap Questions.sqt,1,27 Feb 2026
"Of the animated Disney movies listed here, tap only the ones released before 'Pocahontas'.",multi_tap,"C,D,F",Cars,Tangled,Beauty and the Beast,The Little Mermaid,Moana,The Fox and the Hound,Quizsentials,,False,27 Feb 2026,Bonus Round - 10 Multi Tap Questions.sqt,1,27 Feb 2026
"Of the 100m Olympic gold medal-winning sprinters listed here, tap only the Americans.",multi_tap,"A,D,E",Noah Lyles,Marcell Jacobs,Usain Bolt,Justin Gatlin,Maurice Greene,Donovan Bailey,Quizsentials,,False,27 Feb 2026,Bonus Round - 10 Multi Tap Questions.sqt,1,27 Feb 2026
"Of the Argentine footballers listed here, tap only the ones who were in the squad that won the 2022 FIFA World Cup.",multi_tap,"A,B,D",Lionel Messi,Ángel Di María,Sergio Agüero,Emiliano Martínez,Erik Lamela,Carlos Tevez,Quizsentials,,False,27 Feb 2026,Bonus Round - 10 Multi Tap Questions.sqt,1,27 Feb 2026
"Of these countries and dependencies, tap only the ones that are among the ten most densely populated in the world.",multi_tap,"A,C,D,F",Hong Kong,United Kingdom,Monaco,Gibraltar,Japan,Singapore,Quizsentials,,False,27 Feb 2026,Bonus Round - 10 Multi Tap Questions.sqt,1,27 Feb 2026
Tap only the first names of the main characters in the vintage TV sitcom 'The Golden Girls'.,multi_tap,"A,B,D,F",Sophia,Dorothy,Margaret,Blanche,Elsie,Rose,Quizsentials,,False,4 Mar 2025,Bonus Round - 10 Multi Tap Questions.sqt,1,4 Mar 2025
Tap only the units of temperature.,multi_tap,"A,B,C,D,E,F",Celsius,Fahrenheit,Kelvin,Rankine,Romer,Delisle,Quizsentials,,False,4 Mar 2025,Bonus Round - 10 Multi Tap Questions.sqt,2,26 Nov 2025
"Of the fictional locations listed here, tap only the ones from DC comic books.",multi_tap,"A,C,E",Gotham City,Panem,Metropolis,Emerald City,Central City,Raccoon City,Quizsentials,,False,4 Mar 2025,Bonus Round - 10 Multi Tap Questions.sqt,1,4 Mar 2025
"Of this list of people, tap only the ones that are real and have set foot on the moon.",multi_tap,"A,C,F",Neil Armstrong,Buzz Lightyear,Buzz Aldrin,Yuri Gargarin,Han Solo,Alan Shepard,Quizsentials,,False,4 Mar 2025,Bonus Round - 10 Multi Tap Questions.sqt,1,4 Mar 2025
Tap only the red wines.,multi_tap,"A,B,C,F",Tempranillo,Shiraz,Pinot Noir,Riesling,Muscadet,Garnacha,Quizsentials,,False,20 Aug 2025,Bonus Round - 10 Multi Tap Questions.sqt,1,20 Aug 2025
Tap only that acts that have won the Eurovision Song Contest.,multi_tap,"A,B,D",Conchita Wurst,Maneskin,Sam Ryder,Loreen,Olly Alexander,Remember Monday,Quizsentials,,False,20 Aug 2025,Bonus Round - 10 Multi Tap Questions.sqt,1,20 Aug 2025
"Of the planets listed here, tap only the ones that were discovered after the telescope was invented.",multi_tap,"C,F",Jupiter,Saturn,Neptune,Mercury,Venus,Uranus,Quizsentials,,False,20 Aug 2025,Bonus Round - 10 Multi Tap Questions.sqt,1,20 Aug 2025
Physics question: tap only the non-contact forces.,multi_tap,"B,D,E,F",Friction,Gravity,Air resistance,Weak nuclear force,Electromagnetism,Strong nuclear force,Quizsentials,,False,20 Aug 2025,Bonus Round - 10 Multi Tap Questions.sqt,1,20 Aug 2025
Tap only the letters that are worth 10 points in the standard English edition of Scrabble.,multi_tap,"D,F",W,G,Y,Z,R,Q,Quizsentials,,False,20 Aug 2025,Bonus Round - 10 Multi Tap Questions.sqt,1,20 Aug 2025
Tap only the paintings or drawings by Leonardo da Vinci.,multi_tap,"B,C,E",Starry Night,Mona Lisa,Vitruvian Man,The Persistence of Memory,The Last Supper,The Scream,Quizsentials,,False,20 Aug 2025,Bonus Round - 10 Multi Tap Questions.sqt,1,20 Aug 2025
Tap only the places that can follow 'Once Upon a Time In...' to make the titles of blockbuster movies?,multi_tap,"A,B,C,D",The West,America,Hollywood,Mexico,Montreal,Central Park,Quizsentials,,False,20 Aug 2025,Bonus Round - 10 Multi Tap Questions.sqt,1,20 Aug 2025
"Tap only the words that are synonyms of 'moody', as listed on thesaurus.com.",multi_tap,"A,E",Cantankerous,Vivacious,Winsome,Blithe,Morose,Suffused,Quizsentials,,False,20 Aug 2025,Bonus Round - 10 Multi Tap Questions.sqt,1,20 Aug 2025
Tap only the Italian car manufacturers.,multi_tap,"A,D,E,F",Fiat,Renault,Porsche,Ferrari,Alfa Romeo,Maserati,Quizsentials,,False,21 Aug 2025,Bonus Round - 10 Multi Tap Questions.sqt,1,21 Aug 2025
Tap only the public figures that have won a Nobel Peace Prize.,multi_tap,"B,D,E",Margaret Thatcher,The Dalai Lama,George W. Bush,Nelson Mandela,Martin Luther King,Joseph Stalin,Quizsentials,,False,21 Aug 2025,Bonus Round - 10 Multi Tap Questions.sqt,1,21 Aug 2025
Tap only the countries that are part of the G7.,multi_tap,"A,B,C,D,E,F",Canada,United Kingdom,Japan,France,United States,Italy,Quizsentials,,False,21 Aug 2025,Bonus Round - 10 Multi Tap Questions.sqt,1,21 Aug 2025
"According to a recent price check, tap only the items that are cheaper on TEMU than these Men's Lightweight Tennis Shoes.",multi_tap,"B,E,F",Samsung Galaxy Ultra AI Smart Watch,20pc of Permanent Markers,128 in 1 Mini Screwdriver Set,Sparkling Rhinestone-Embellished Queen Crown Car Seat Cover,Shark Ice Cube Mold,Jumbo Soft Foam Dice Set,Quizsentials,,False,21 Aug 2025,Bonus Round - 10 Multi Tap Questions.sqt,1,21 Aug 2025
Tap only the Irish musical acts.,multi_tap,"B,C,D,E",The Proclaimers,The Corrs,U2,Enya,Boyzone,Primal Scream,Quizsentials,,False,21 Aug 2025,Bonus Round - 10 Multi Tap Questions.sqt,1,21 Aug 2025
Tap only the products that are derived from crude oil.,multi_tap,"A,B,C,D,E,F",Diesel,Jet fuel,Nylon,Gasoline,Acrylic paint,Synthetic rubber,Quizsentials,,False,21 Aug 2025,Bonus Round - 10 Multi Tap Questions.sqt,1,21 Aug 2025
"Of the literary sleuths listed here, tap only the characters created by Agatha Christie.",multi_tap,"B,C",Sherlock Holmes,Hercule Poirot,Miss Marple,Dick Tracy,The Hardy Boys,Nancy Drew,Quizsentials,,False,21 Aug 2025,Bonus Round - 10 Multi Tap Questions.sqt,1,21 Aug 2025
"Of these actors, tap only the ones who in the 1980s were part of the group known as the Brat Pack.",multi_tap,"B,D,E",Mario Lopez,Rob Lowe,Sean Connery,Molly Ringwald,Emilio Estevez,Val Kilmer,Quizsentials,,False,21 Aug 2025,Bonus Round - 10 Multi Tap Questions.sqt,1,21 Aug 2025
"Of the Manchester United footballers listed here, tap only the ones who joined the club in the 2025 summer transfer window.",multi_tap,"A,D,E",Benjamin Sesko,Bruno Fernandes,Leny Yoro,Matheus Cunha,Bryan Mbeumo,Casemiro,Quizsentials,,False,14 Sep 2025,Bonus Round - 10 Multi Tap Questions.sqt,1,14 Sep 2025
"From this list of drugs, tap only the opiates.",multi_tap,"B,D,E,F",Nicotine,Heroin,Cannabis,Morphine,Opium,Codeine,Quizsentials,,False,14 Sep 2025,Bonus Round - 10 Multi Tap Questions.sqt,1,14 Sep 2025
Tap only the titles of movies that starred Tobey Maguire.,multi_tap,"A,F",Spider-Man,The Amazing Spider-Man,The Amazing Spider-Man 2,Spider-Man: Homecoming,Spider-Man: Far From Home,Spider-Man: No Way Home,Quizsentials,,False,14 Sep 2025,Bonus Round - 10 Multi Tap Questions.sqt,1,14 Sep 2025
"Of the tennis players listed here, tap only the ones who have won all four Grand Slam singles tournaments.",multi_tap,"C,D,F",Andy Murray,Jo-Wilfried Tsonga,Roger Federer,Andre Agassi,Andy Roddick,Rafael Nadal,Quizsentials,,False,14 Sep 2025,Bonus Round - 10 Multi Tap Questions.sqt,1,14 Sep 2025
Tap only the fashion brands that were founded by women.,multi_tap,"A,C",Chanel,Gucci,Stella McCartney,Dior,Louis Vuitton,Yves Saint Laurent,Quizsentials,,False,14 Sep 2025,Bonus Round - 10 Multi Tap Questions.sqt,1,14 Sep 2025
"Of the countries listed here, tap only the ones that remained neutral throughout the Second World War.",multi_tap,"B,C,D",Italy,Spain,Switzerland,Ireland,Poland,United Kingdom,Quizsentials,,False,14 Sep 2025,Bonus Round - 10 Multi Tap Questions.sqt,1,14 Sep 2025
Tap only the names of main characters in 'The Flintstones'.,multi_tap,"C,E,F",George,Elroy,Pebbles,Judy,Wilma,Fred,Quizsentials,,False,14 Sep 2025,Bonus Round - 10 Multi Tap Questions.sqt,1,14 Sep 2025
Tap only the US states that are further north than Virginia.,multi_tap,"E,F",Tennessee,Georgia,Alabama,North Carolina,Rhode Island,Pennsylvania,Quizsentials,,False,14 Sep 2025,Bonus Round - 10 Multi Tap Questions.sqt,1,14 Sep 2025
Tap only the musicians that use their real name as opposed to a stage name.,multi_tap,"A,B,C,D",Harry Styles,Benson Boone,Ed Sheeran,Jack Harlow,Travis Scott,Bruno Mars,Quizsentials,,False,14 Sep 2025,Bonus Round - 10 Multi Tap Questions.sqt,1,14 Sep 2025
Tap only the ingredients in a classic croque monsieur French sandwich.,multi_tap,"A,B",Ham,Cheese,Egg,Beef,Hollandaise sauce,Tomato,Quizsentials,,False,15 Sep 2025,Bonus Round - 10 Multi Tap Questions.sqt,1,15 Sep 2025
Tap only the countries whose capital city begins with a vowel.,multi_tap,"B,E",Sweden,Norway,Mexico,Egypt,Greece,Germany,Quizsentials,,False,15 Sep 2025,Bonus Round - 10 Multi Tap Questions.sqt,1,15 Sep 2025
Tap only the gasses that are considered greenhouse gasses.,multi_tap,"B,D,E,F",Nitrogen,Carbon dioxide,Oxygen,Methane,Ozone,Nitrous oxide,Quizsentials,,False,15 Sep 2025,Bonus Round - 10 Multi Tap Questions.sqt,1,15 Sep 2025
Tap only the locations mentioned in the lyrics of 'Shape of You' by Ed Sheeran.,multi_tap,"C,D,E",Your house,The pub,The club,The bar,My room,Latvia,Quizsentials,,False,15 Sep 2025,Bonus Round - 10 Multi Tap Questions.sqt,1,15 Sep 2025
Tap only the former tennis players who were born in Europe.,multi_tap,"B,D,F",Billie Jean King,Steffi Graf,Pete Sampras,Roger Federer,Andre Agassi,Martina Hingis,Quizsentials,,False,15 Sep 2025,Bonus Round - 10 Multi Tap Questions.sqt,1,15 Sep 2025
Tap only the names of 'Star Wars' characters.,multi_tap,"D,F",Wesley Crusher,Worf,Seven of Nine,Admiral Ackbar,Spock,Grand Moff Tarkin,Quizsentials,,False,15 Sep 2025,Bonus Round - 10 Multi Tap Questions.sqt,1,15 Sep 2025
"Tap only the words that appear in the title of the 1859 work by Charles Darwin, considered to be the foundation of evolutionary biology.",multi_tap,"A,B,D",Species,On,Animal,Origin,Human,Monkey,Quizsentials,,False,15 Sep 2025,Bonus Round - 10 Multi Tap Questions.sqt,1,15 Sep 2025
Tap only the cold-blooded animals.,multi_tap,"A,B,D,E,F",Spiders,Frogs,Parrots,Alligators,Honey bees,Turtles,Quizsentials,,False,15 Sep 2025,Bonus Round - 10 Multi Tap Questions.sqt,1,15 Sep 2025
Tap only the celebrities that starred in the 1994 movie 'Pulp Fiction.,multi_tap,"A,B,C,D",Uma Thurman,Bruce Willis,Samuel L Jackson,John Travolta,Jodie Foster,Brad Pitt,Quizsentials,,False,15 Sep 2025,Bonus Round - 10 Multi Tap Questions.sqt,1,15 Sep 2025
"In the video game 'Minecraft', you can 'enchant' items to improve their abilities. Tap only the words that are available 'enchantments' in the game.",multi_tap,"A,C,D,F",Looting,Levitation,Efficiency,Unbreaking,Telekinesis,Mending,Quizsentials,,False,30 Jan 2026,Bonus Round - 10 Multi Tap Questions.sqt,1,30 Jan 2026
"Of the 'Ted Lasso' characters listed here, tap only the names of players or former players of AFC Richmond.",multi_tap,"B,C,F",Ted Lasso,Jamie Tartt,Roy Kent,Nathan Shelley,Rupert Mannion,Sam Obisanya,Quizsentials,,False,30 Jan 2026,Bonus Round - 10 Multi Tap Questions.sqt,2,30 Jan 2026
Tap only the synonyms of the word 'ambiguous' as listed on thesaurus.com.,multi_tap,"A,B,C,E",Equivocal,Vague,Unclear,Unequivocal,Obscure,Transparent,Quizsentials,,False,30 Jan 2026,Bonus Round - 10 Multi Tap Questions.sqt,1,30 Jan 2026
"Of the elements listed here, tap only the alkaline earth metals that are in Group 2 on the periodic table.",multi_tap,"B,D",Neon,Magnesium,Iron,Calcium,Platinum,Gold,Quizsentials,,False,30 Jan 2026,Bonus Round - 10 Multi Tap Questions.sqt,1,30 Jan 2026
Tap only the names of bands that Dave Grohl has recorded music with.,multi_tap,"A,B,C,D,E,F",Queens of the Stone Age,Foo Fighters,Nirvana,Sound City Players,Tenacious D,Them Crooked Vultures,Quizsentials,,False,30 Jan 2026,Bonus Round - 10 Multi Tap Questions.sqt,1,30 Jan 2026
"Of these capital cities, tap only the ones in Asia.",multi_tap,"C,D,E",Nairobi,Tripoli,Pyongyang,Ulaanbaatar,Baghdad,Lusaka,Quizsentials,,False,30 Jan 2026,Bonus Round - 10 Multi Tap Questions.sqt,1,30 Jan 2026
Tap only the products invented by Willy Wonka in 'Charlie and the Chocolate Factory'.,multi_tap,"D,F",Every Flavour Beans,Fizzing Whizbees,Chocolate Frogs,Fizzy Lifting Drink,Exploding bonbons,Three-course dinner gum,Quizsentials,,False,30 Jan 2026,Bonus Round - 10 Multi Tap Questions.sqt,1,30 Jan 2026
Tap only the names of members of the T-Birds gang in 'Grease'.,multi_tap,"A,C,E",Doody,Eugene,Kenickie,Marty,Putzie,Rizzo,Quizsentials,,False,30 Jan 2026,Bonus Round - 10 Multi Tap Questions.sqt,1,30 Jan 2026
Tap only the movies that Will Ferrell and John C Reilly both appear in.,multi_tap,"B,C,E,F",Anchorman: The Legend of Ron Burgundy,Step Brothers,Anchorman 2: The Legend Continues,Stan & Ollie,Holmes & Watson,Talladega Nights: The Ballad of Ricky Bobby,Quizsentials,,False,11 May 2025,Bonus Round - 10 Multi Tap Questions.sqt,1,11 May 2025
"Of the runners listed here, tap only the ones known for competing in long-distance races.",multi_tap,"D,E,F",Usain Bolt,Michael Johnson,Tyson Gay,Haile Gebrselassie,Eliud Kipchoge,Mo Farah,Quizsentials,,False,11 May 2025,Bonus Round - 10 Multi Tap Questions.sqt,1,11 May 2025
Tap only the musicians who are in U2.,multi_tap,"B,C,E",Flea,Larry Mullen Jr,The Edge,John Deacon,Adam Clayton,Feargal Sharkey,Quizsentials,,False,11 May 2025,Bonus Round - 10 Multi Tap Questions.sqt,1,11 May 2025
"Of the football clubs listed here, tap only the ones that are Dutch.",multi_tap,"A,C,E,F",PSV,Anderlecht,Ajax,Galatasaray,FC Twente,Feyenoord,Quizsentials,,False,11 May 2025,Bonus Round - 10 Multi Tap Questions.sqt,2,1 Feb 2026
Tap only the mythical creatures that typically have more than one head.,multi_tap,"B,D",Centaur,Chimera,Sphynx,Cerberus,Minotaur,Faun,Quizsentials,,False,8 Oct 2025,Bonus Round - 10 Multi Tap Questions.sqt,1,8 Oct 2025
Tap only the events that took place in the decade of the 2000s.,multi_tap,"A,B,C,D,F",Lady Gaga's debut single,Playstation 3 is released,China hosts the Summer Olympics for the first time,Tennis star Carlos Alcaraz is born,Ben Affleck plays Batman for the first time,Donald Trump hosts 'The Apprentice' for the first time,Quizsentials,,False,8 Oct 2025,Bonus Round - 10 Multi Tap Questions.sqt,1,8 Oct 2025
Tap only the US presidents that are carved into Mount Rushmore.,multi_tap,"B,C,E,F",Franklin D. Roosevelt,Thomas Jefferson,George Washington,John Adams,Theodore Roosevelt,Abraham Lincoln,Quizsentials,,False,8 Oct 2025,Bonus Round - 10 Multi Tap Questions.sqt,1,8 Oct 2025
Tap only the singles released by Christina Aguilera.,multi_tap,"A,B,C,D,E,F",Candyman,Fighter,Beautiful,Dirrty,What a Girl Wants,Genie in a Bottle,Quizsentials,,False,8 Oct 2025,Bonus Round - 10 Multi Tap Questions.sqt,1,8 Oct 2025
Tap only the actors who guest starred in the sitcom 'Friends'.,multi_tap,"A,B,C,D,E,F",Ben Stiller,Billy Crystal,Charlton Heston,Brad Pitt,Hugh Laurie,Bruce Willis,Quizsentials,,False,8 Oct 2025,Bonus Round - 10 Multi Tap Questions.sqt,1,8 Oct 2025
"Of the chemical elements listed here, tap only the transition metals.",multi_tap,"C,D,F",Tin,Lithium,Iron,Copper,Lead,Gold,Quizsentials,,False,8 Oct 2025,Bonus Round - 10 Multi Tap Questions.sqt,1,8 Oct 2025
Tap only the common computer file extensions used for video.,multi_tap,"B,D,F",.mp3,.mp4,.jpg,.mov,.xls,.avi,Quizsentials,,False,8 Oct 2025,Bonus Round - 10 Multi Tap Questions.sqt,1,8 Oct 2025
"Of the banks listed here, tap only the ones with headquarters in the USA.",multi_tap,"A,B,C,E,F",Goldman Sachs,JPMorgan Chase,Wells Fargo,HSBC,Citigroup,Morgan Stanley,Quizsentials,,False,8 Oct 2025,Bonus Round - 10 Multi Tap Questions.sqt,1,8 Oct 2025
Tap only the actors who are known for portraying the character Sherlock Holmes on film or TV.,multi_tap,"A,B,D,F",Will Ferrell,Benedict Cumberbatch,Jude Law,Robert Downey Jr,Martin Freeman,Jeremy Brett,Quizsentials,,False,9 Oct 2025,Bonus Round - 10 Multi Tap Questions.sqt,1,9 Oct 2025
Tap only the substances that make up more than 10% of the Earth's atmosphere.,multi_tap,"A,C",Oxygen,Helium,Nitrogen,Carbon dioxide,Methane,Water vapour,Quizsentials,,False,9 Oct 2025,Bonus Round - 10 Multi Tap Questions.sqt,1,9 Oct 2025
Tap only the titles of studio albums by The Beatles.,multi_tap,"C,E",Abbey Wood,Penny Lane,Rubber Soul,Just The Beatles,Revolver,It's The Beatles,Quizsentials,,False,9 Oct 2025,Bonus Round - 10 Multi Tap Questions.sqt,1,9 Oct 2025
Tap only the sauces that typically have egg in them.,multi_tap,"A,B,C",Mayonnaise,Béarnaise,Hollandaise,Béchamel,Worcestershire sauce,Sweet chilli sauce,Quizsentials,,False,9 Oct 2025,Bonus Round - 10 Multi Tap Questions.sqt,1,9 Oct 2025
"Of these three-letter IATA airport codes, tap only the ones for airports in Europe.",multi_tap,"A,C,E,F",AMS,LAX,MAD,JFK,FRA,CDG,Quizsentials,,False,9 Oct 2025,Bonus Round - 10 Multi Tap Questions.sqt,1,9 Oct 2025
"Of these international three-digit currency codes, tap only the ones for countries in Europe.",multi_tap,"B,D,F",CAD,GBP,JPY,NOK,USD,SEK,Quizsentials,,False,9 Oct 2025,Bonus Round - 10 Multi Tap Questions.sqt,1,9 Oct 2025
Tap only the chemical compounds as opposed to elements.,multi_tap,"A,B,D",Steel,Glucose,Manganese,Ethanol,Palladium,Radon,Quizsentials,,False,9 Oct 2025,Bonus Round - 10 Multi Tap Questions.sqt,1,9 Oct 2025
Tap only the TV and film characters who wear glasses.,multi_tap,"A,C,D,E,F",Napoleon Dynamite,Obi-Wan Kenobi,Clark Kent,Walter White,Harry Potter,Austin Powers,Quizsentials,,False,9 Oct 2025,Bonus Round - 10 Multi Tap Questions.sqt,1,9 Oct 2025
"Of the chemical elements listed here, tap only the ones that were discovered before the year 1900.",multi_tap,"A,B,C,F",Sodium,Magnesium,Titanium,Einsteinium,Plutonium,Potassium,Quizsentials,,False,18 Feb 2026,Bonus Round - 10 Multi Tap Questions.sqt,1,18 Feb 2026
Tap only the cocktails that typically have limes or lime juice in them.,multi_tap,"A,B,C,D,E",Daiquiri,Margarita,Mojito,Cosmopolitan,Mai Tai,Dry Martini,Quizsentials,,False,18 Feb 2026,Bonus Round - 10 Multi Tap Questions.sqt,1,18 Feb 2026
Tap the rivers that flow through only one country.,multi_tap,"A,D,F",Thames,Danube,Rhine,Seine,Tagus,Volga,Quizsentials,,False,18 Feb 2026,Bonus Round - 10 Multi Tap Questions.sqt,1,18 Feb 2026
"Of the bands listed here, tap only the ones best known for being a trio.",multi_tap,"C,E,F",Foo Fighters,Red Hot Chili Peppers,ZZ Top,System of a Down,Nirvana,Green Day,Quizsentials,,False,18 Feb 2026,Bonus Round - 10 Multi Tap Questions.sqt,1,18 Feb 2026
"Of these classic '90s films, tap only the ones that starred Bruce Willis.",multi_tap,"A,B,C,E,F",The Sixth Sense,12 Monkeys,Pulp Fiction,Kindergarten Cop,Die Hard with a Vengeance,Look Who's Talking,Quizsentials,,False,18 Feb 2026,Bonus Round - 10 Multi Tap Questions.sqt,1,18 Feb 2026
"Of these George R.R. Martin characters, tap only the ones from the TV series 'A Knight of the Seven Kingdoms'.",multi_tap,"A,E",Ser Duncan the Tall,Aegon the Conqueror,Rhaenyra Targaryen,Daemon Targaryen,Aegon 'Egg' Targaryen,Jaime Lannister,Quizsentials,,False,18 Feb 2026,Bonus Round - 10 Multi Tap Questions.sqt,1,18 Feb 2026
Tap only the names of Roman gods.,multi_tap,"A,D,F",Jupiter,Aphrodite,Hephaestus,Venus,Hermes,Mars,Quizsentials,,False,18 Feb 2026,Bonus Round - 10 Multi Tap Questions.sqt,2,23 Mar 2025
These words are all in the chorus of 'Family Affair' by Mary J Blige. Tap only the ones that are in the Oxford English Dictionary.,multi_tap,"A,B,E",Crunk,Dancery,Hateration,Holleration,Percolating,Gots,Quizsentials,,False,31 May 2026,Bonus Round - 10 Multi Tap Questions.sqt,1,31 May 2026
"During World War Two, Allied soldiers famously made a daring escape from a German prisoner of war camp by digging tunnels from their huts and out under the fence. Tap the code names that were given to these three tunnels.",multi_tap,"A,C,F",Tom,Barry,Dick,Tim,Monty,Harry,Quizsentials,,False,31 May 2026,Bonus Round - 10 Multi Tap Questions.sqt,1,31 May 2026
"Of these 'Brooklyn Nine-Nine' characters, tap only the ones who were NYPD detectives in the first season.",multi_tap,"A,B,C,D",Jake Peralta,Amy Santiago,Rosa Diaz,Charles Boyle,Terry Jeffords,Raymond Holt,Quizsentials,,False,31 May 2026,Bonus Round - 10 Multi Tap Questions.sqt,1,31 May 2026
Tap only the sports where the results are sometimes or always decided by points awarded by judges.,multi_tap,"B,D,F",Golf,Figure skating,Lacrosse,Boxing,Polo,Diving,Quizsentials,,False,31 May 2026,Bonus Round - 10 Multi Tap Questions.sqt,1,31 May 2026
"In western astrology, there are three groups called 'modalities' that link different star signs by characteristics. Tap the four that are in the 'fixed' modality, meaning they are resolute and dependable.",multi_tap,"A,B,C,E",Taurus,Aquarius,Leo,Gemini,Scorpio,Libra,Quizsentials,,False,31 May 2026,Bonus Round - 10 Multi Tap Questions.sqt,1,31 May 2026
Tap only the 'Star Wars' characters.,multi_tap,"A,B,C,E",Boba Fett,Jabba the Hutt,Darth Maul,Kermit the Frog,Han Solo,Keir Starmer,Quizsentials,,False,31 May 2026,Bonus Round - 10 Multi Tap Questions.sqt,1,31 May 2026
Tap only the words that translate into English as 'dog'.,multi_tap,"B,D",Criceto,Chien,Gato,Hund,Koń,Buwch,Quizsentials,,False,19 Feb 2026,Bonus Round - 10 Multi Tap Questions.sqt,1,19 Feb 2026
Tap only the songs released during Donald Trump's second term as US president.,multi_tap,"A,D","Ordinary, by Alex Warren","Espresso, by Sabrina Carpenter","APT., by Rosé and Bruno Mars","The Giver, by Chappell Roan","Beautiful Things, by Benson Boone","End of Beginning, by Djo",Quizsentials,,False,19 Feb 2026,Bonus Round - 10 Multi Tap Questions.sqt,1,19 Feb 2026
"Of the Chris Hemsworth films listed here, tap only the ones in which he plays a superhero.",multi_tap,"B,D",The Cabin in the Woods,Thor: The Dark World,Rush,Avengers: Infinity War,Extraction,Snow White and the Huntsman,Quizsentials,,False,19 Feb 2026,Bonus Round - 10 Multi Tap Questions.sqt,1,19 Feb 2026
"Of these Asian countries, tap only those that are landlocked.",multi_tap,B,Vietnam,Laos,Cambodia,Thailand,Malaysia,Myanmar,Quizsentials,,False,19 Feb 2026,Bonus Round - 10 Multi Tap Questions.sqt,1,19 Feb 2026
"Tap only the countries that were described by George W. Bush in his 2002 State of the Union address as an ""axis of evil"".",multi_tap,"C,D,F",China,Russia,Iraq,Iran,Israel,North Korea,Quizsentials,,False,19 Feb 2026,Bonus Round - 10 Multi Tap Questions.sqt,1,19 Feb 2026
"Of these prehistoric animals, tap only the ones that could fly.",multi_tap,"A,D",Quetzalcoatlus,Megalodon,Helicoprion,Pterodactyl,Allosaurus,Spinosaurus,Quizsentials,,False,19 Feb 2026,Bonus Round - 10 Multi Tap Questions.sqt,1,19 Feb 2026
Tap only the names of Batman villains from the 1960s TV series.,multi_tap,"A,B,C,D,E",Catwoman,Egghead,The Penguin,False Face,The Riddler,Mr Strong,Quizsentials,,False,19 Feb 2026,Bonus Round - 10 Multi Tap Questions.sqt,1,19 Feb 2026
Tap only the words that feature in the advertising slogan for Audi.,multi_tap,"A,D,E",Durch,Freude,Am,Vorsprung,Technik,Fahren,Quizsentials,,False,19 Feb 2026,Bonus Round - 10 Multi Tap Questions.sqt,1,19 Feb 2026
"Of the celebrities listed here, tap only the ones who have a famous sibling.",multi_tap,"B,C,D,E",Selena Gomez,Willow Smith,Charli D'Amelio,Serena Williams,Bella Hadid,Adele,Quizsentials,,False,26 Nov 2025,Bonus Round - 10 Multi Tap Questions.sqt,1,26 Nov 2025
Tap only the names of songs by ABBA.,multi_tap,"A,C,D,F",The Winner Takes It All,Borderline,Waterloo,I Have a Dream,Gimme!,Lay All Your Love On Me,Quizsentials,,False,26 Nov 2025,Bonus Round - 10 Multi Tap Questions.sqt,1,26 Nov 2025
"Of the biblical characters listed here, tap only the ones who also feature in the Quran (albeit with the Arabic translation of their name).",multi_tap,"A,B,C,D,E,F",Adam,Abraham,Jesus,Moses,Goliath,Elijah,Quizsentials,,False,26 Nov 2025,Bonus Round - 10 Multi Tap Questions.sqt,1,26 Nov 2025
Tap only the Australian cities.,multi_tap,"C,D,E",Auckland,Christchurch,Melbourne,Perth,Sydney,Wellington,Quizsentials,,False,26 Nov 2025,Bonus Round - 10 Multi Tap Questions.sqt,1,26 Nov 2025
Tap only the Shakespeare plays that are primarily set in Rome.,multi_tap,"A,B",Julius Caesar,Titus Andronicus,Hamlet,The Tempest,Romeo and Juliet,The Comedy of Errors,Quizsentials,,False,26 Nov 2025,Bonus Round - 10 Multi Tap Questions.sqt,1,26 Nov 2025
"Of these athletics events, tap only the ones that feature in the World Indoor Championships but NOT in the outdoor world championships?",multi_tap,"C,D,E",Triple jump,Pole vault,60m,3000m,Pentathlon,800m,Quizsentials,,False,26 Nov 2025,Bonus Round - 10 Multi Tap Questions.sqt,1,26 Nov 2025
Tap only the characters that appear in 'Avengers: Endgame'.,multi_tap,"A,C,D,E,F",War Machine,Ms Marvel,Nebula,Gamora,Wasp,Scarlet Witch,Quizsentials,,False,26 Nov 2025,Bonus Round - 10 Multi Tap Questions.sqt,1,26 Nov 2025
"Of the 'Lord of the Rings' actors listed here, tap only the ones that played Hobbits.",multi_tap,"E,F",Viggo Mortensen,Orlando Bloom,Ian McKellen,Sean Bean,Sean Astin,Elijah Wood,Quizsentials,,False,26 Nov 2025,Bonus Round - 10 Multi Tap Questions.sqt,1,26 Nov 2025
Tap only the characters that appeared in the first-ever episode of 'The Simpsons' in 1987.,multi_tap,"A,B,C,F",Ned Flanders,Principal Skinner,Mr Burns,Troy McClure,Sideshow Bob,Homer Simpson,Quizsentials,,False,23 Mar 2025,Bonus Round - 10 Multi Tap Questions.sqt,1,23 Mar 2025
"Of the WWE wrestlers listed here, tap only the women.",multi_tap,"B,C,F",AJ Styles,Bayley,Iyo Sky,Karrion Kross,Sami Zayn,Rhea Ripley,Quizsentials,,False,23 Mar 2025,Bonus Round - 10 Multi Tap Questions.sqt,1,23 Mar 2025
Tap only the gods from Norse mythology.,multi_tap,"C,D,F",Zeus,Dionysus,Odin,Thor,Demeter,Loki,Quizsentials,,False,27 Nov 2025,Bonus Round - 10 Multi Tap Questions.sqt,1,27 Nov 2025
"Of these cartoon characters, tap only the ones that are bears.",multi_tap,"A,B,C,E",Winnie-the-Pooh,Yogi,Baloo,Foghorn Leghorn,Boo-Boo,Scooby-Doo,Quizsentials,,False,27 Nov 2025,Bonus Round - 10 Multi Tap Questions.sqt,1,27 Nov 2025
Tap only the tennis players that have won 20 or more Grand Slam tournaments.,multi_tap,"C,E,F",Andre Agassi,Björn Borg,Novak Djokovic,Pete Sampras,Rafael Nadal,Roger Federer,Quizsentials,,False,27 Nov 2025,Bonus Round - 10 Multi Tap Questions.sqt,1,27 Nov 2025
Tap only the UNESCO World Heritage Sites.,multi_tap,"A,B,C,D,E,F",Taj Mahal,Acropolis of Athens,Great Wall of China,Old City of Dubrovnik,Great Barrier Reef,Galápagos Islands,Quizsentials,,False,27 Nov 2025,Bonus Round - 10 Multi Tap Questions.sqt,1,27 Nov 2025
"Of the musicians listed here, tap only the ones born in the USA.",multi_tap,"C,D,E",Tyla,Rosé,Chappell Roan,Sabrina Carpenter,SZA,Charli XCX,Quizsentials,,False,27 Nov 2025,Bonus Round - 10 Multi Tap Questions.sqt,1,27 Nov 2025
Tap only the 'Star Trek: The Next Generation' characters who typically wear a yellow/gold uniform.,multi_tap,"B,E,F",Jean-Luc Picard,Worf,William Riker,Deanna Troi,Geordi LaForge,Data,Quizsentials,,False,27 Nov 2025,Bonus Round - 10 Multi Tap Questions.sqt,1,27 Nov 2025
"Of the motorbike and scooter brands listed here, tap only the ones founded in the UK.",multi_tap,"A,B,F",Triumph,Norton,Harley-Davidson,Lambretta,Yamaha,Vincent,Quizsentials,,False,6 Aug 2025,Bonus Round - 10 Multi Tap Questions.sqt,1,6 Aug 2025
"Of the chemical symbols listed here, tap only the ones that begin with the same letter as the element they represent.",multi_tap,"B,D,F",Na,Ne,Fe,Zn,Sn,Xe,Quizsentials,,False,6 Aug 2025,Bonus Round - 10 Multi Tap Questions.sqt,1,6 Aug 2025
Tap only the names of North America's Great Lakes.,multi_tap,"A,C,E,F",Huron,Inferior,Michigan,Niagara,Ontario,Superior,Quizsentials,,False,6 Aug 2025,Bonus Round - 10 Multi Tap Questions.sqt,1,6 Aug 2025
Tap only the characters from 'Game of Thrones' as opposed to its prequel 'House of the Dragon'.,multi_tap,"C,D",Daemon Targaryen,Rhaenyra Targaryen,Daenerys Targaryen,Jon Snow,Alicent Hightower,Criston Cole,Quizsentials,,False,6 Aug 2025,Bonus Round - 10 Multi Tap Questions.sqt,1,6 Aug 2025
Tap only the genuine names of brands created by Kylie Jenner.,multi_tap,"A,B,D",Kylie Skin,Kylie Cosmetics,Kylie Nightwear,Kylie Swim,Kylie Gin,Kylie Beer,Quizsentials,,False,6 Aug 2025,Bonus Round - 10 Multi Tap Questions.sqt,1,6 Aug 2025
Tap only the songs by the alt rockers Pixies.,multi_tap,"A,B,C,F",Where Is My Mind?,DeBaser,Here Comes Your Man,"Tonight, Tonight",Jeremy,Wave of Mutilation,Quizsentials,,False,6 Aug 2025,Bonus Round - 10 Multi Tap Questions.sqt,1,6 Aug 2025
Tap only the novels written by Stephen King.,multi_tap,"A,E,F",The Shining,Dracula,Frankenstein,The Woman in Black,Carrie,It,Quizsentials,,False,6 Aug 2025,Bonus Round - 10 Multi Tap Questions.sqt,1,6 Aug 2025
"Of the people listed here, tap only the ones that were head of state of their country at some point in the 1800s.",multi_tap,"B,E,F",George Washington,Queen Victoria,Mao Zedong,Vladimir Lenin,Abraham Lincoln,Napoleon Bonaparte,Quizsentials,,False,6 Aug 2025,Bonus Round - 10 Multi Tap Questions.sqt,1,6 Aug 2025
"Of the movies listed here, tap only the ones classed as horror.",multi_tap,"A,E",Hereditary,The Fall Guy,Dune,Killers of the Flower Moon,Heretic,Nomadland,Quizsentials,,False,6 Aug 2025,Bonus Round - 10 Multi Tap Questions.sqt,1,6 Aug 2025
Tap only the novels that are set in Africa.,multi_tap,"B,C,E",The Jungle Book,Heart of Darkness,Death on the Nile,A Thousand Splendid Suns,The Constant Gardener,Memoirs of a Geisha,Quizsentials,,False,7 Aug 2025,Bonus Round - 10 Multi Tap Questions.sqt,1,7 Aug 2025
Tap only the islands that are in the Irish Sea.,multi_tap,B,Isle of Wight,Isle of Man,Guernsey,Jersey,Gibraltar,Lindisfarne,Quizsentials,,False,7 Aug 2025,Bonus Round - 10 Multi Tap Questions.sqt,1,7 Aug 2025
Tap only the mythical creatures that hail from Asian folklore.,multi_tap,"A,B,E",Oni,Jinn,Satyr,Banshee,Naga,Minotaur,Quizsentials,,False,7 Aug 2025,Bonus Round - 10 Multi Tap Questions.sqt,1,7 Aug 2025
"Of the elements listed here, tap only the alkali metals found in Group 1 of the Periodic Table.",multi_tap,"A,B,C",Lithium,Sodium,Potassium,Iron,Platinum,Gold,Quizsentials,,False,7 Aug 2025,Bonus Round - 10 Multi Tap Questions.sqt,1,7 Aug 2025
Tap only the French companies.,multi_tap,"A,C,E",Peugeot,Gucci,Dior,Campari,Airbus,Pirelli,Quizsentials,,False,7 Aug 2025,Bonus Round - 10 Multi Tap Questions.sqt,1,7 Aug 2025
Tap only the actors who have starred in the TV show 'Succession'.,multi_tap,"B,D,F",Rami Malek,Brian Cox,Andrew Scott,Kieran Culkin,Claire Foy,Matthew Macfadyen,Quizsentials,,False,7 Aug 2025,Bonus Round - 10 Multi Tap Questions.sqt,1,7 Aug 2025
Tap only the letters that are worth exactly four points in the standard English edition of Scrabble.,multi_tap,"A,D,E,F",F,J,P,V,W,Y,Quizsentials,,False,7 Aug 2025,Bonus Round - 10 Multi Tap Questions.sqt,1,7 Aug 2025
Tap only the movies that star Jennifer Lawrence.,multi_tap,"A,E,F",The Hunger Games,The Wolf of Wall Street,Once Upon a Time in Hollywood,Suicide Squad,Silver Linings Playbook,X-Men: Apocalypse,Quizsentials,,False,7 Aug 2025,Bonus Round - 10 Multi Tap Questions.sqt,1,7 Aug 2025
Tap only the singers that were born in the UK.,multi_tap,"A,E,F",Adele,Tina Turner,Beyoncé,Alicia Keys,Dua Lipa,Florence from Florence and the Machine,Quizsentials,,False,7 Aug 2025,Bonus Round - 10 Multi Tap Questions.sqt,1,7 Aug 2025
"Of the Taylor Swift songs listed here, tap only the duets.",multi_tap,"A,F",Me!,Cruel Summer,Anti-Hero,Look What You Made Me Do,Shake It Off,Fortnight,Quizsentials,,False,1 Feb 2026,Bonus Round - 10 Multi Tap Questions.sqt,1,1 Feb 2026
Tap only the names of locations in 'The Lord of the Rings'.,multi_tap,"B,C,F",Hogsmeade,The Shire,Mordor,Azkaban,The Burrow,Rohan,Quizsentials,,False,1 Feb 2026,Bonus Round - 10 Multi Tap Questions.sqt,1,1 Feb 2026
"Pictured here is the River Nile in Africa. Including the stretch known as the White Nile, tap the countries that it flows through.",multi_tap,"A,C,D",Sudan,Eritrea,Egypt,Uganda,Chad,Tunisia,Quizsentials,,False,1 Feb 2026,Bonus Round - 10 Multi Tap Questions.sqt,1,1 Feb 2026
"Of the dogs listed here, tap only the ones that first appeared in Walt Disney productions.",multi_tap,"C,D",Brian Griffin,Droopy,Goofy,Pluto,Scooby-Doo,Snoopy,Quizsentials,,False,1 Feb 2026,Bonus Round - 10 Multi Tap Questions.sqt,1,1 Feb 2026
Tap only the films that feature time travel.,multi_tap,"A,C,E",The Terminator,Dune: Part One,12 Monkeys,No Time to Die,Back to the Future,Jurassic World Dominion,Quizsentials,,False,1 Feb 2026,Bonus Round - 10 Multi Tap Questions.sqt,1,1 Feb 2026
Tap only the breeds of sheep.,multi_tap,"A,E",Merino,Belted Galloway,Aberdeen Angus,Simmental,Corriedale,Spanish Fighting,Quizsentials,,False,1 Feb 2026,Bonus Round - 10 Multi Tap Questions.sqt,1,1 Feb 2026
"Of the Jack Black movies listed here, tap only the ones where his character is NOT human.",multi_tap,"B,D",King Kong,Kung Fu Panda,School of Rock,The Super Mario Bros Movie,The Muppets,A Minecraft Movie,Quizsentials,,False,10 Oct 2025,Bonus Round - 10 Multi Tap Questions.sqt,1,10 Oct 2025
Tap only the names of fish.,multi_tap,"A,B,C,E",Pollock,Pollack,Jack Dempsey,Jack White,John Dory,John Thomas,Quizsentials,,False,10 Oct 2025,Bonus Round - 10 Multi Tap Questions.sqt,1,10 Oct 2025
Tap only the people who are mentioned in the lyrics of the Billy Joel song 'We Didn't Start the Fire'.,multi_tap,"A,B,E,F",Harry Truman,Joseph Stalin,Frank Sinatra,Margaret Thatcher,James Dean,Lawrence of Arabia,Quizsentials,,False,10 Oct 2025,Bonus Round - 10 Multi Tap Questions.sqt,1,10 Oct 2025
"Of these Shakespeare characters, tap only the ones that appear in 'Macbeth'.",multi_tap,"C,F",Yorick,Puck,Macduff,Iago,Antony,Duncan,Quizsentials,,False,10 Oct 2025,Bonus Round - 10 Multi Tap Questions.sqt,1,10 Oct 2025
Tap only the countries that lie further south than the southernmost point of India.,multi_tap,"A,B,C,F",Australia,Argentina,South Africa,Egypt,China,Brazil,Quizsentials,,False,10 Oct 2025,Bonus Round - 10 Multi Tap Questions.sqt,1,10 Oct 2025
Tap only the cosmetics brands founded in the USA.,multi_tap,"A,C,D,E,F",Estée Lauder,L'Oreal,Revlon,Clinique,CoverGirl,E.L.F.,Quizsentials,,False,10 Oct 2025,Bonus Round - 10 Multi Tap Questions.sqt,1,10 Oct 2025
Biology question: tap only the examples of involuntary reflex reactions.,multi_tap,"B,D,F",Sleeping,Blinking,Talking,Sneezing,Shouting,Coughing,Quizsentials,,False,10 Oct 2025,Bonus Round - 10 Multi Tap Questions.sqt,1,10 Oct 2025
"Of the car manufacturers listed here, tap only the ones whose badge has lettering on it.",multi_tap,"D,E,F",Audi,Mitsubishi,Mercedes,Volkswagen,Hyundai,Jeep,Quizsentials,,False,10 Oct 2025,Bonus Round - 10 Multi Tap Questions.sqt,1,10 Oct 2025
"Of the volcanos listed here, tap only the ones located in Europe.",multi_tap,"A,C,E,F",Mount Etna,Mount Fuji,Mount Vesuvius,Mount St Helens,Hekla,Mount Stromboli,Quizsentials,,False,23 Jul 2025,Bonus Round - 10 Multi Tap Questions.sqt,1,23 Jul 2025
Tap only the movies that starred John Candy.,multi_tap,"C,E,F",Tommy Boy,Beverly Hills Ninja,Cool Runnings,Black Sheep,Uncle Buck,"Planes, Trains and Automobiles",Quizsentials,,False,23 Jul 2025,Bonus Round - 10 Multi Tap Questions.sqt,1,23 Jul 2025
"Of the historical events listed here, tap only the ones from the 1900s.",multi_tap,"D,E,F",Abolition of slavery in the British Empire,Invention of the telegraph,Louisiana Purchase,Great Depression,Bolshevik revolution,Discovery of Pluto,Quizsentials,,False,23 Jul 2025,Bonus Round - 10 Multi Tap Questions.sqt,1,23 Jul 2025
Tap only the names of Caitlyn Jenner's biological children.,multi_tap,"B,C,E",Kourtney,Casey,Kylie,Kim,Kendall,Kris,Quizsentials,,False,23 Jul 2025,Bonus Round - 10 Multi Tap Questions.sqt,1,23 Jul 2025
Tap only the rice-based dishes.,multi_tap,"B,E,F",Pad Thai,Onigiri,Chow Mein,Ramen,Khao phat,Paella,Quizsentials,,False,23 Jul 2025,Bonus Round - 10 Multi Tap Questions.sqt,1,23 Jul 2025
Tap only the groups whose definitive line-ups are or were entirely made up of sisters.,multi_tap,"A,B,E",The Nolans,HAIM,The Weather Girls,Scissor Sisters,Sister Sledge,The Corrs,Quizsentials,,False,23 Jul 2025,Bonus Round - 10 Multi Tap Questions.sqt,1,23 Jul 2025
Tap only the months that have 31 days.,multi_tap,"C,D,E",September,February,October,May,March,November,Quizsentials,,False,23 Jul 2025,Bonus Round - 10 Multi Tap Questions.sqt,1,23 Jul 2025
Tap only the first names of the main four kids in 'South Park'.,multi_tap,"A,B,E,F",Kenny,Eric,Jake,Milhouse,Stan,Kyle,Quizsentials,,False,22 Jul 2025,Bonus Round - 10 Multi Tap Questions.sqt,1,22 Jul 2025
Tap only the singles released by Gwen Stefani.,multi_tap,"A,C,E,F",The Sweet Escape,Love Don't Cost a Thing,What You Waiting For?,On the Floor,Rich Girl,Hollaback Girl,Quizsentials,,False,22 Jul 2025,Bonus Round - 10 Multi Tap Questions.sqt,1,22 Jul 2025
Tap only the novels predominantly set in North America.,multi_tap,"A,B,F","The Bonfire of the Vanities, by Tom Woolfe","The Hunger Games, by Suzanne Collins","The Book Thief, by Markus Zusak","Ulysses, by James Joyce","For Whom the Bell Tolls, by Ernest Hemingway","On the Road, by Jack Kerouac",Quizsentials,,False,22 Jul 2025,Bonus Round - 10 Multi Tap Questions.sqt,1,22 Jul 2025
"Tap only the Greek mythological characters, as opposed to real historical figures.",multi_tap,"A,D,E",Odysseus,Alexander the Great,Leonidas of Sparta,Achilles,Hector of Troy,Archimedes,Quizsentials,,False,22 Jul 2025,Bonus Round - 10 Multi Tap Questions.sqt,1,22 Jul 2025
Tap only the titles of songs that feature in the movie 'Mary Poppins'.,multi_tap,"A,B,D",A Spoonful of Sugar,Let's Go Fly a Kite,My Favourite Things,Sister Suffragette,Take It Like a Man,Toot Sweets,Quizsentials,,False,22 Jul 2025,Bonus Round - 10 Multi Tap Questions.sqt,1,22 Jul 2025
"Tap only the brands of cognac, as opposed to whisky.",multi_tap,"A,B,C,D",Hennessy,Courvoisier,Rémy Martin,Martell,Aberlour,Balvenie,Quizsentials,,False,22 Jul 2025,Bonus Round - 10 Multi Tap Questions.sqt,1,22 Jul 2025
Tap only the countries that have NO stars on their flag.,multi_tap,"B,C,D,F",Turkey,Iran,Canada,South Africa,Pakistan,Austria,Quizsentials,,False,22 Jul 2025,Bonus Round - 10 Multi Tap Questions.sqt,1,22 Jul 2025
"Of the tennis tournaments listed here, tap only the ones that currently take place in the USA.",multi_tap,"A,B,D",Indian Wells Open,Hall of Fame Open,Roland-Garros,US Open,Wimbledon,ATP Finals,Quizsentials,,False,22 Jul 2025,Bonus Round - 10 Multi Tap Questions.sqt,1,22 Jul 2025
Tap only the films that star Seth Rogen.,multi_tap,"A,B,C,D,E",Pineapple Express,Knocked Up,Superbad,This is the End,The 40 Year-Old Virgin,Tropic Thunder,Quizsentials,,False,18 Apr 2025,Bonus Round - 10 Multi Tap Questions.sqt,1,18 Apr 2025
Tap only the athletics disciplines that Usain Bolt won an Olympic gold medal in.,multi_tap,"A,C,E",100m,110m hurdles,200m,400m,4x100m relay,4x400m relay,Quizsentials,,False,18 Apr 2025,Bonus Round - 10 Multi Tap Questions.sqt,1,18 Apr 2025
"Of the pop stars listed here, tap only the ones that won 'American Idol'.",multi_tap,"B,C,D",Adam Lambert,Carrie Underwood,Jordin Sparks,Kelly Clarkson,Sabrina Carpenter,Taylor Swift,Quizsentials,,False,18 Apr 2025,Bonus Round - 10 Multi Tap Questions.sqt,1,18 Apr 2025
"Tap only the James Bond films that were released in the previous decade to now, ie 2010 to 2019.",multi_tap,"C,D",Die Another Day,Quantum Of Solace,Skyfall,Spectre,No Time To Die,The Living Daylights,Quizsentials,,False,8 May 2025,Bonus Round - 10 Multi Tap Questions.sqt,1,8 May 2025
Tap only the letters that are worth exactly two points in the standard English edition of Scrabble.,multi_tap,D,M,E,Q,G,V,C,Quizsentials,,False,8 May 2025,Bonus Round - 10 Multi Tap Questions.sqt,1,8 May 2025
Tap only the songs by the girl group TLC.,multi_tap,"A,C,E",Creep,Viva Forever,Waterfalls,Say You'll Be There,No Scrubs,Mama,Quizsentials,,False,8 May 2025,Bonus Round - 10 Multi Tap Questions.sqt,1,8 May 2025
Tap only the movies that are about boxing.,multi_tap,"A,B,D,E",Creed,Rocky,The Wrestler,Raging Bull,Ali,Chariots of Fire,Quizsentials,,False,12 Jun 2025,Bonus Round - 10 Multi Tap Questions.sqt,1,12 Jun 2025
Tap only the artists who perform under their real name.,multi_tap,"A,C",Sabrina Carpenter,Chappell Roan,Dua Lipa,Lorde,Doja Cat,Lizzo,Quizsentials,,False,12 Jun 2025,Bonus Round - 10 Multi Tap Questions.sqt,1,12 Jun 2025
Tap only the song titles that were on the 1977 album 'Bat Out of Hell' by Meat Loaf.,multi_tap,"C,D,E,F",Highway to Hell,If I Could Turn Back Time,Two Out of Three Ain't Bad,You Took the Words Right Out of My Mouth,Paradise by the Dashboard Light,Bat Out of Hell,Quizsentials,,False,13 Jun 2025,Bonus Round - 10 Multi Tap Questions.sqt,1,13 Jun 2025
"Tap only the challenges from MrBeast's 'Beast Games', as opposed to ones from 'Squid Game'.",multi_tap,"B,D","Green Light, Red Light",The Solitary Experiment,Six-Legged Pentathlon,Fight to Win a Private Island,The Man with the Umbrella,Glass Stepping Stones,Quizsentials,,False,13 Jun 2025,Bonus Round - 10 Multi Tap Questions.sqt,1,13 Jun 2025
Tap only the car brands that are European.,multi_tap,"C,D,F",Daewoo,Honda,Volvo,Audi,Chevrolet,Renault,Quizsentials,,False,13 Jun 2025,Bonus Round - 10 Multi Tap Questions.sqt,1,13 Jun 2025
Tap only the actors that have either played or voiced a Marvel comic book character in a superhero film.,multi_tap,"B,C,D,F",Chris Rock,Chris Evans,Chris Pratt,Chris Hemsworth,Chris Tucker,Chris Pine,Quizsentials,,False,13 Jun 2025,Bonus Round - 10 Multi Tap Questions.sqt,1,13 Jun 2025
